--2026-05-28 15:30:43--  https://web.engr.oregonstate.edu/~mjb/WebGL/GlMatrix.js
Resolving web.engr.oregonstate.edu (web.engr.oregonstate.edu)... 128.193.40.12
Connecting to web.engr.oregonstate.edu (web.engr.oregonstate.edu)|128.193.40.12|:443... connected.
HTTP request sent, awaiting response... 200 OK
Length: 55778 (54K) [application/javascript]
Saving to: ‘mirror/web.engr.oregonstate.edu/~mjb/WebGL/GlMatrix.js’

     0K .......... .......... .......... .......... .......... 91% 2.54M 0s
    50K ....                                                  100% 49.7M=0.02s

2026-05-28 15:30:44 (2.75 MB/s) - ‘mirror/web.engr.oregonstate.edu/~mjb/WebGL/GlMatrix.js’ saved [55778/55778]

--2026-05-28 15:30:44--  https://web.engr.oregonstate.edu/~mjb/WebGL/InitShaders.js
Reusing existing connection to web.engr.oregonstate.edu:443.
HTTP request sent, awaiting response... 200 OK
Length: 1803 (1.8K) [application/javascript]
Saving to: ‘mirror/web.engr.oregonstate.edu/~mjb/WebGL/InitShaders.js’

     0K .                                                     100% 29.3M=0s

2026-05-28 15:30:44 (29.3 MB/s) - ‘mirror/web.engr.oregonstate.edu/~mjb/WebGL/InitShaders.js’ saved [1803/1803]

--2026-05-28 15:30:44--  https://web.engr.oregonstate.edu/~mjb/WebGL/Webgl-Utils.js
Reusing existing connection to web.engr.oregonstate.edu:443.
HTTP request sent, awaiting response... 200 OK
Length: 5492 (5.4K) [application/javascript]
Saving to: ‘mirror/web.engr.oregonstate.edu/~mjb/WebGL/Webgl-Utils.js’

     0K .....                                                 100% 9.38M=0.001s

2026-05-28 15:30:44 (9.38 MB/s) - ‘mirror/web.engr.oregonstate.edu/~mjb/WebGL/Webgl-Utils.js’ saved [5492/5492]

--2026-05-28 15:30:44--  https://web.engr.oregonstate.edu/~mjb/chromadepth/NewImages/girlscouts1.jpg
Reusing existing connection to web.engr.oregonstate.edu:443.
HTTP request sent, awaiting response... 200 OK
Length: 323910 (316K) [image/jpeg]
Saving to: ‘mirror/web.engr.oregonstate.edu/~mjb/chromadepth/NewImages/girlscouts1.jpg’

     0K .......... .......... .......... .......... .......... 15% 2.28M 0s
    50K .......... .......... .......... .......... .......... 31%  302K 0s
   100K .......... .......... .......... .......... .......... 47%  250K 0s
   150K .......... .......... .......... .......... .......... 63%  321K 0s
   200K .......... .......... .......... .......... .......... 79%  551K 0s
   250K .......... .......... .......... .......... .......... 94%  382K 0s
   300K .......... ......                                     100% 2.95M=0.8s

2026-05-28 15:30:45 (411 KB/s) - ‘mirror/web.engr.oregonstate.edu/~mjb/chromadepth/NewImages/girlscouts1.jpg’ saved [323910/323910]

--2026-05-28 15:30:45--  https://web.engr.oregonstate.edu/~mjb/chromadepth/NewImages/girlscouts1.thumb.jpg
Reusing existing connection to web.engr.oregonstate.edu:443.
HTTP request sent, awaiting response... 200 OK
Length: 67031 (65K) [image/jpeg]
Saving to: ‘mirror/web.engr.oregonstate.edu/~mjb/chromadepth/NewImages/girlscouts1.thumb.jpg’

     0K .......... .......... .......... .......... .......... 76%  869K 0s
    50K .......... .....                                      100%  690K=0.08s

2026-05-28 15:30:45 (819 KB/s) - ‘mirror/web.engr.oregonstate.edu/~mjb/chromadepth/NewImages/girlscouts1.thumb.jpg’ saved [67031/67031]

--2026-05-28 15:30:45--  https://web.engr.oregonstate.edu/~mjb/chromadepth/NewImages/girlscouts2.jpg
Reusing existing connection to web.engr.oregonstate.edu:443.
HTTP request sent, awaiting response... 200 OK
Length: 496232 (485K) [image/jpeg]
Saving to: ‘mirror/web.engr.oregonstate.edu/~mjb/chromadepth/NewImages/girlscouts2.jpg’

     0K .......... .......... .......... .......... .......... 10% 1.90M 0s
    50K .......... .......... .......... .......... .......... 20%  927K 0s
   100K .......... .......... .......... .......... .......... 30%  837K 0s
   150K .......... .......... .......... .......... .......... 41%  980K 0s
   200K .......... .......... .......... .......... .......... 51%  897K 0s
   250K .......... .......... .......... .......... .......... 61%  275K 0s
   300K .......... .......... .......... .......... .......... 72%  486K 0s
   350K .......... .......... .......... .......... .......... 82%  525K 0s
   400K .......... .......... .......... .......... .......... 92%  651K 0s
   450K .......... .......... .......... ....                 100%  414K=0.8s

2026-05-28 15:30:46 (616 KB/s) - ‘mirror/web.engr.oregonstate.edu/~mjb/chromadepth/NewImages/girlscouts2.jpg’ saved [496232/496232]

--2026-05-28 15:30:46--  https://web.engr.oregonstate.edu/~mjb/chromadepth/NewImages/girlscouts2.thumb.jpg
Reusing existing connection to web.engr.oregonstate.edu:443.
HTTP request sent, awaiting response... 200 OK
Length: 76882 (75K) [image/jpeg]
Saving to: ‘mirror/web.engr.oregonstate.edu/~mjb/chromadepth/NewImages/girlscouts2.thumb.jpg’

     0K .......... .......... .......... .......... .......... 66%  281K 0s
    50K .......... .......... .....                           100%  481K=0.2s

2026-05-28 15:30:46 (327 KB/s) - ‘mirror/web.engr.oregonstate.edu/~mjb/chromadepth/NewImages/girlscouts2.thumb.jpg’ saved [76882/76882]

--2026-05-28 15:30:46--  https://web.engr.oregonstate.edu/~mjb/chromadepth/NewImages/girlscouts3.jpg
Reusing existing connection to web.engr.oregonstate.edu:443.
HTTP request sent, awaiting response... 200 OK
Length: 331063 (323K) [image/jpeg]
Saving to: ‘mirror/web.engr.oregonstate.edu/~mjb/chromadepth/NewImages/girlscouts3.jpg’

     0K .......... .......... .......... .......... .......... 15% 1.20M 0s
    50K .......... .......... .......... .......... .......... 30% 1.16M 0s
   100K .......... .......... .......... .......... .......... 46%  171K 0s
   150K .......... .......... .......... .......... .......... 61%  548K 0s
   200K .......... .......... .......... .......... .......... 77%  288K 0s
   250K .......... .......... .......... .......... .......... 92%  351K 0s
   300K .......... .......... ...                             100% 1.48M=0.8s

2026-05-28 15:30:47 (405 KB/s) - ‘mirror/web.engr.oregonstate.edu/~mjb/chromadepth/NewImages/girlscouts3.jpg’ saved [331063/331063]

--2026-05-28 15:30:47--  https://web.engr.oregonstate.edu/~mjb/chromadepth/NewImages/girlscouts3.thumb.jpg
Reusing existing connection to web.engr.oregonstate.edu:443.
HTTP request sent, awaiting response... 200 OK
Length: 72907 (71K) [image/jpeg]
Saving to: ‘mirror/web.engr.oregonstate.edu/~mjb/chromadepth/NewImages/girlscouts3.thumb.jpg’

     0K .......... .......... .......... .......... .......... 70%  800K 0s
    50K .......... .......... .                               100% 1.67M=0.07s

2026-05-28 15:30:47 (950 KB/s) - ‘mirror/web.engr.oregonstate.edu/~mjb/chromadepth/NewImages/girlscouts3.thumb.jpg’ saved [72907/72907]

--2026-05-28 15:30:47--  https://web.engr.oregonstate.edu/~mjb/chromadepth/NewImages/girlscouts4.jpg
Reusing existing connection to web.engr.oregonstate.edu:443.
HTTP request sent, awaiting response... 200 OK
Length: 402751 (393K) [image/jpeg]
Saving to: ‘mirror/web.engr.oregonstate.edu/~mjb/chromadepth/NewImages/girlscouts4.jpg’

     0K .......... .......... .......... .......... .......... 12% 1.57M 0s
    50K .......... .......... .......... .......... .......... 25% 1.95M 0s
   100K .......... .......... .......... .......... .......... 38% 1.67M 0s
   150K .......... .......... .......... .......... .......... 50% 1.02M 0s
   200K .......... .......... .......... .......... .......... 63%  345K 0s
   250K .......... .......... .......... .......... .......... 76%  478K 0s
   300K .......... .......... .......... .......... .......... 88%  214K 0s
   350K .......... .......... .......... .......... ...       100%  225K=0.8s

2026-05-28 15:30:48 (487 KB/s) - ‘mirror/web.engr.oregonstate.edu/~mjb/chromadepth/NewImages/girlscouts4.jpg’ saved [402751/402751]

--2026-05-28 15:30:48--  https://web.engr.oregonstate.edu/~mjb/chromadepth/NewImages/girlscouts4.thumb.jpg
Reusing existing connection to web.engr.oregonstate.edu:443.
HTTP request sent, awaiting response... 200 OK
Length: 62090 (61K) [image/jpeg]
Saving to: ‘mirror/web.engr.oregonstate.edu/~mjb/chromadepth/NewImages/girlscouts4.thumb.jpg’

     0K .......... .......... .......... .......... .......... 82%  243K 0s
    50K ..........                                            100%  180K=0.3s

2026-05-28 15:30:48 (229 KB/s) - ‘mirror/web.engr.oregonstate.edu/~mjb/chromadepth/NewImages/girlscouts4.thumb.jpg’ saved [62090/62090]

--2026-05-28 15:30:48--  https://web.engr.oregonstate.edu/~mjb/chromadepth/NewImages/girlscouts5.jpg
Reusing existing connection to web.engr.oregonstate.edu:443.
HTTP request sent, awaiting response... 200 OK
Length: 359540 (351K) [image/jpeg]
Saving to: ‘mirror/web.engr.oregonstate.edu/~mjb/chromadepth/NewImages/girlscouts5.jpg’

     0K .......... .......... .......... .......... .......... 14%  303K 1s
    50K .......... .......... .......... .......... .......... 28%  250K 1s
   100K .......... .......... .......... .......... .......... 42%  240K 1s
   150K .......... .......... .......... .......... .......... 56%  719K 0s
   200K .......... .......... .......... .......... .......... 71%  919K 0s
   250K .......... .......... .......... .......... .......... 85%  606K 0s
   300K .......... .......... .......... .......... .......... 99%  357K 0s
   350K .                                                     100%  162K=0.9s

2026-05-28 15:30:49 (379 KB/s) - ‘mirror/web.engr.oregonstate.edu/~mjb/chromadepth/NewImages/girlscouts5.jpg’ saved [359540/359540]

--2026-05-28 15:30:49--  https://web.engr.oregonstate.edu/~mjb/chromadepth/NewImages/girlscouts5.thumb.jpg
Reusing existing connection to web.engr.oregonstate.edu:443.
HTTP request sent, awaiting response... 200 OK
Length: 56927 (56K) [image/jpeg]
Saving to: ‘mirror/web.engr.oregonstate.edu/~mjb/chromadepth/NewImages/girlscouts5.thumb.jpg’

     0K .......... .......... .......... .......... .......... 89%  308K 0s
    50K .....                                                 100%  550K=0.2s

2026-05-28 15:30:49 (322 KB/s) - ‘mirror/web.engr.oregonstate.edu/~mjb/chromadepth/NewImages/girlscouts5.thumb.jpg’ saved [56927/56927]

--2026-05-28 15:30:50--  https://web.engr.oregonstate.edu/~mjb/chromadepth/NewImages/good1.jpg
Reusing existing connection to web.engr.oregonstate.edu:443.
HTTP request sent, awaiting response... 200 OK
Length: 578516 (565K) [image/jpeg]
Saving to: ‘mirror/web.engr.oregonstate.edu/~mjb/chromadepth/NewImages/good1.jpg’

     0K .......... .......... .......... .......... ..........  8%  549K 1s
    50K .......... .......... .......... .......... .......... 17%  473K 1s
   100K .......... .......... .......... .......... .......... 26%  188K 1s
   150K .......... .......... .......... .......... .......... 35%  126K 2s
   200K .......... .......... .......... .......... .......... 44%  273K 1s
   250K .......... .......... .......... .......... .......... 53%  278K 1s
   300K .......... .......... .......... .......... .......... 61%  204K 1s
   350K .......... .......... .......... .......... .......... 70%  214K 1s
   400K .......... .......... .......... .......... .......... 79%  133K 1s
   450K .......... .......... .......... .......... .......... 88%  252K 0s
   500K .......... .......... .......... .......... .......... 97%  177K 0s
   550K .......... ....                                       100%  810K=2.6s

2026-05-28 15:30:52 (219 KB/s) - ‘mirror/web.engr.oregonstate.edu/~mjb/chromadepth/NewImages/good1.jpg’ saved [578516/578516]

--2026-05-28 15:30:52--  https://web.engr.oregonstate.edu/~mjb/chromadepth/NewImages/good1.thumb.jpg
Reusing existing connection to web.engr.oregonstate.edu:443.
HTTP request sent, awaiting response... 200 OK
Length: 73710 (72K) [image/jpeg]
Saving to: ‘mirror/web.engr.oregonstate.edu/~mjb/chromadepth/NewImages/good1.thumb.jpg’

     0K .......... .......... .......... .......... .......... 69% 1.21M 0s
    50K .......... .......... .                               100% 1.49M=0.05s

2026-05-28 15:30:52 (1.29 MB/s) - ‘mirror/web.engr.oregonstate.edu/~mjb/chromadepth/NewImages/good1.thumb.jpg’ saved [73710/73710]

--2026-05-28 15:30:52--  https://web.engr.oregonstate.edu/~mjb/chromadepth/NewImages/good2.jpg
Reusing existing connection to web.engr.oregonstate.edu:443.
HTTP request sent, awaiting response... 200 OK
Length: 241993 (236K) [image/jpeg]
Saving to: ‘mirror/web.engr.oregonstate.edu/~mjb/chromadepth/NewImages/good2.jpg’

     0K .......... .......... .......... .......... .......... 21% 1.14M 0s
    50K .......... .......... .......... .......... .......... 42%  891K 0s
   100K .......... .......... .......... .......... .......... 63%  814K 0s
   150K .......... .......... .......... .......... .......... 84%  545K 0s
   200K .......... .......... .......... ......               100%  962K=0.3s

2026-05-28 15:30:53 (815 KB/s) - ‘mirror/web.engr.oregonstate.edu/~mjb/chromadepth/NewImages/good2.jpg’ saved [241993/241993]

--2026-05-28 15:30:53--  https://web.engr.oregonstate.edu/~mjb/chromadepth/NewImages/good2.thumb.jpg
Reusing existing connection to web.engr.oregonstate.edu:443.
HTTP request sent, awaiting response... 200 OK
Length: 19258 (19K) [image/jpeg]
Saving to: ‘mirror/web.engr.oregonstate.edu/~mjb/chromadepth/NewImages/good2.thumb.jpg’

     0K .......... ........                                   100% 1.42M=0.01s

2026-05-28 15:30:53 (1.42 MB/s) - ‘mirror/web.engr.oregonstate.edu/~mjb/chromadepth/NewImages/good2.thumb.jpg’ saved [19258/19258]

--2026-05-28 15:30:53--  https://web.engr.oregonstate.edu/~mjb/cs519v/openglstatemachine.pdf
Reusing existing connection to web.engr.oregonstate.edu:443.
HTTP request sent, awaiting response... 404 Not Found
2026-05-28 15:30:53 ERROR 404: Not Found.

--2026-05-28 15:30:53--  https://web.engr.oregonstate.edu/~mjb/cs550/Handouts/GettingStarted.1pp.pdf
Reusing existing connection to web.engr.oregonstate.edu:443.
HTTP request sent, awaiting response... 404 Not Found
2026-05-28 15:30:53 ERROR 404: Not Found.

--2026-05-28 15:30:53--  https://web.engr.oregonstate.edu/~mjb/cs550/Handouts/GettingStarted.2pp.pdf
Reusing existing connection to web.engr.oregonstate.edu:443.
HTTP request sent, awaiting response... 404 Not Found
2026-05-28 15:30:53 ERROR 404: Not Found.

--2026-05-28 15:30:53--  https://web.engr.oregonstate.edu/~mjb/cs550/Handouts/GettingStarted.4pp.pdf
Reusing existing connection to web.engr.oregonstate.edu:443.
HTTP request sent, awaiting response... 404 Not Found
2026-05-28 15:30:53 ERROR 404: Not Found.

--2026-05-28 15:30:53--  https://web.engr.oregonstate.edu/~mjb/cs550/Handouts/GettingStarted.6pp.pdf
Reusing existing connection to web.engr.oregonstate.edu:443.
HTTP request sent, awaiting response... 404 Not Found
2026-05-28 15:30:53 ERROR 404: Not Found.

--2026-05-28 15:30:53--  https://web.engr.oregonstate.edu/~mjb/cs550/PDFs/SinCos.1pp.pdf
Reusing existing connection to web.engr.oregonstate.edu:443.
HTTP request sent, awaiting response... 404 Not Found
2026-05-28 15:30:53 ERROR 404: Not Found.

--2026-05-28 15:30:53--  https://web.engr.oregonstate.edu/~mjb/cs553/Handouts/stencilexamples.2pp.pdf
Reusing existing connection to web.engr.oregonstate.edu:443.
HTTP request sent, awaiting response... 404 Not Found
2026-05-28 15:30:53 ERROR 404: Not Found.

--2026-05-28 15:30:53--  https://web.engr.oregonstate.edu/~mjb/cs557/Obj/lighting.frag
Reusing existing connection to web.engr.oregonstate.edu:443.
HTTP request sent, awaiting response... 403 Forbidden
2026-05-28 15:30:53 ERROR 403: Forbidden.

--2026-05-28 15:30:53--  https://web.engr.oregonstate.edu/~mjb/cs557/Obj/lighting.geom
Reusing existing connection to web.engr.oregonstate.edu:443.
HTTP request sent, awaiting response... 403 Forbidden
2026-05-28 15:30:53 ERROR 403: Forbidden.

--2026-05-28 15:30:53--  https://web.engr.oregonstate.edu/~mjb/cs557/Obj/lighting.glib
Reusing existing connection to web.engr.oregonstate.edu:443.
HTTP request sent, awaiting response... 403 Forbidden
2026-05-28 15:30:53 ERROR 403: Forbidden.

--2026-05-28 15:30:53--  https://web.engr.oregonstate.edu/~mjb/cs557/Obj/lighting.vert
Reusing existing connection to web.engr.oregonstate.edu:443.
HTTP request sent, awaiting response... 403 Forbidden
2026-05-28 15:30:53 ERROR 403: Forbidden.

--2026-05-28 15:30:53--  https://web.engr.oregonstate.edu/~mjb/cs557/PDFs/Project.Notes.457.557.1pp.pdf
Reusing existing connection to web.engr.oregonstate.edu:443.
HTTP request sent, awaiting response... 404 Not Found
2026-05-28 15:30:53 ERROR 404: Not Found.

--2026-05-28 15:30:54--  https://web.engr.oregonstate.edu/~mjb/cs575/Handouts/Project.Notes.1pp.pdf
Reusing existing connection to web.engr.oregonstate.edu:443.
HTTP request sent, awaiting response... 404 Not Found
2026-05-28 15:30:54 ERROR 404: Not Found.

--2026-05-28 15:30:54--  https://web.engr.oregonstate.edu/~mjb/vulkan/opengl45-quick-reference-card.pdf
Reusing existing connection to web.engr.oregonstate.edu:443.
HTTP request sent, awaiting response... 404 Not Found
2026-05-28 15:30:54 ERROR 404: Not Found.

--2026-05-28 15:30:54--  https://web.engr.oregonstate.edu/~mjb/vulkan/openglstatemachine.pdf
Reusing existing connection to web.engr.oregonstate.edu:443.
HTTP request sent, awaiting response... 404 Not Found
2026-05-28 15:30:54 ERROR 404: Not Found.

--2026-05-28 15:30:54--  https://web.engr.oregonstate.edu/~mjb/webgl/sample.js
Reusing existing connection to web.engr.oregonstate.edu:443.
HTTP request sent, awaiting response... 200 OK
Length: 6875 (6.7K) [application/javascript]
Saving to: ‘mirror/web.engr.oregonstate.edu/~mjb/webgl/sample.js’

     0K ......                                                100%  499K=0.01s

2026-05-28 15:30:54 (499 KB/s) - ‘mirror/web.engr.oregonstate.edu/~mjb/webgl/sample.js’ saved [6875/6875]

--2026-05-28 15:30:54--  https://web.engr.oregonstate.edu/~mjb/webgl/sampledata.js
Reusing existing connection to web.engr.oregonstate.edu:443.
HTTP request sent, awaiting response... 200 OK
Length: 1478 (1.4K) [application/javascript]
Saving to: ‘mirror/web.engr.oregonstate.edu/~mjb/webgl/sampledata.js’

     0K .                                                     100% 18.1M=0s

2026-05-28 15:30:54 (18.1 MB/s) - ‘mirror/web.engr.oregonstate.edu/~mjb/webgl/sampledata.js’ saved [1478/1478]

--2026-05-28 15:30:54--  https://web.engr.oregonstate.edu/~mjb/whirlwind/Dominos.avi
Reusing existing connection to web.engr.oregonstate.edu:443.
HTTP request sent, awaiting response... 200 OK
Length: 4835908 (4.6M) [video/x-msvideo]
Saving to: ‘mirror/web.engr.oregonstate.edu/~mjb/whirlwind/Dominos.avi’

     0K .......... .......... .......... .......... ..........  1% 3.90M 1s
    50K .......... .......... .......... .......... ..........  2% 2.31M 2s
   100K .......... .......... .......... .......... ..........  3%  282K 6s
   150K .......... .......... .......... .......... ..........  4%  826K 6s
   200K .......... .......... .......... .......... ..........  5%  379K 7s
   250K .......... .......... .......... .......... ..........  6%  263K 9s
   300K .......... .......... .......... .......... ..........  7%  515K 9s
   350K .......... .......... .......... .......... ..........  8%  319K 9s
   400K .......... .......... .......... .......... ..........  9%  494K 9s
   450K .......... .......... .......... .......... .......... 10%  245K 10s
   500K .......... .......... .......... .......... .......... 11%  259K 10s
   550K .......... .......... .......... .......... .......... 12%  846K 10s
   600K .......... .......... .......... .......... .......... 13%  690K 9s
   650K .......... .......... .......... .......... .......... 14%  435K 9s
   700K .......... .......... .......... .......... .......... 15%  192K 10s
   750K .......... .......... .......... .......... .......... 16%  161K 11s
   800K .......... .......... .......... .......... .......... 17%  269K 11s
   850K .......... .......... .......... .......... .......... 19%  310K 11s
   900K .......... .......... .......... .......... .......... 20%  341K 11s
   950K .......... .......... .......... .......... .......... 21%  605K 10s
  1000K .......... .......... .......... .......... .......... 22% 1.52M 10s
  1050K .......... .......... .......... .......... .......... 23% 1.12M 9s
  1100K .......... .......... .......... .......... .......... 24%  655K 9s
  1150K .......... .......... .......... .......... .......... 25% 1.37M 9s
  1200K .......... .......... .......... .......... .......... 26% 3.36M 8s
  1250K .......... .......... .......... .......... .......... 27% 3.00M 8s
  1300K .......... .......... .......... .......... .......... 28%  280K 8s
  1350K .......... .......... .......... .......... .......... 29%  311K 8s
  1400K .......... .......... .......... .......... .......... 30%  527K 8s
  1450K .......... .......... .......... .......... .......... 31%  483K 8s
  1500K .......... .......... .......... .......... .......... 32%  240K 8s
  1550K .......... .......... .......... .......... .......... 33%  245K 8s
  1600K .......... .......... .......... .......... .......... 34% 1.45M 7s
  1650K .......... .......... .......... .......... .......... 35%  797K 7s
  1700K .......... .......... .......... .......... .......... 37%  750K 7s
  1750K .......... .......... .......... .......... .......... 38%  650K 7s
  1800K .......... .......... .......... .......... .......... 39%  598K 7s
  1850K .......... .......... .......... .......... .......... 40%  256K 7s
  1900K .......... .......... .......... .......... .......... 41%  266K 7s
  1950K .......... .......... .......... .......... .......... 42%  255K 7s
  2000K .......... .......... .......... .......... .......... 43%  895K 6s
  2050K .......... .......... .......... .......... .......... 44%  363K 6s
  2100K .......... .......... .......... .......... .......... 45%  585K 6s
  2150K .......... .......... .......... .......... .......... 46%  425K 6s
  2200K .......... .......... .......... .......... .......... 47%  342K 6s
  2250K .......... .......... .......... .......... .......... 48%  492K 6s
  2300K .......... .......... .......... .......... .......... 49%  510K 6s
  2350K .......... .......... .......... .......... .......... 50%  912K 5s
  2400K .......... .......... .......... .......... .......... 51%  949K 5s
  2450K .......... .......... .......... .......... .......... 52%  866K 5s
  2500K .......... .......... .......... .......... .......... 53%  377K 5s
  2550K .......... .......... .......... .......... .......... 55%  257K 5s
  2600K .......... .......... .......... .......... .......... 56%  183K 5s
  2650K .......... .......... .......... .......... .......... 57%  393K 5s
  2700K .......... .......... .......... .......... .......... 58% 1.26M 5s
  2750K .......... .......... .......... .......... .......... 59%  786K 4s
  2800K .......... .......... .......... .......... .......... 60%  488K 4s
  2850K .......... .......... .......... .......... .......... 61%  521K 4s
  2900K .......... .......... .......... .......... .......... 62%  742K 4s
  2950K .......... .......... .......... .......... .......... 63%  682K 4s
  3000K .......... .......... .......... .......... .......... 64%  632K 4s
  3050K .......... .......... .......... .......... .......... 65%  468K 4s
  3100K .......... .......... .......... .......... .......... 66%  260K 4s
  3150K .......... .......... .......... .......... .......... 67%  258K 4s
  3200K .......... .......... .......... .......... .......... 68%  383K 3s
  3250K .......... .......... .......... .......... .......... 69%  408K 3s
  3300K .......... .......... .......... .......... .......... 70%  602K 3s
  3350K .......... .......... .......... .......... .......... 71%  495K 3s
  3400K .......... .......... .......... .......... .......... 73%  498K 3s
  3450K .......... .......... .......... .......... .......... 74% 1.28M 3s
  3500K .......... .......... .......... .......... .......... 75% 1.01M 3s
  3550K .......... .......... .......... .......... .......... 76%  907K 3s
  3600K .......... .......... .......... .......... .......... 77%  748K 2s
  3650K .......... .......... .......... .......... .......... 78%  246K 2s
  3700K .......... .......... .......... .......... .......... 79%  454K 2s
  3750K .......... .......... .......... .......... .......... 80% 1.17M 2s
  3800K .......... .......... .......... .......... .......... 81%  965K 2s
  3850K .......... .......... .......... .......... .......... 82%  545K 2s
  3900K .......... .......... .......... .......... .......... 83%  436K 2s
  3950K .......... .......... .......... .......... .......... 84%  224K 2s
  4000K .......... .......... .......... .......... .......... 85%  311K 2s
  4050K .......... .......... .......... .......... .......... 86%  596K 1s
  4100K .......... .......... .......... .......... .......... 87%  462K 1s
  4150K .......... .......... .......... .......... .......... 88%  441K 1s
  4200K .......... .......... .......... .......... .......... 89%  826K 1s
  4250K .......... .......... .......... .......... .......... 91%  968K 1s
  4300K .......... .......... .......... .......... .......... 92%  412K 1s
  4350K .......... .......... .......... .......... .......... 93%  634K 1s
  4400K .......... .......... .......... .......... .......... 94%  296K 1s
  4450K .......... .......... .......... .......... .......... 95%  654K 0s
  4500K .......... .......... .......... .......... .......... 96%  822K 0s
  4550K .......... .......... .......... .......... .......... 97%  359K 0s
  4600K .......... .......... .......... .......... .......... 98%  455K 0s
  4650K .......... .......... .......... .......... .......... 99%  338K 0s
  4700K .......... .......... ..                              100%  573K=11s

2026-05-28 15:31:05 (447 KB/s) - ‘mirror/web.engr.oregonstate.edu/~mjb/whirlwind/Dominos.avi’ saved [4835908/4835908]

--2026-05-28 15:31:05--  https://web.engr.oregonstate.edu/~mjb/whirlwind/FluidSimulation.avi
Reusing existing connection to web.engr.oregonstate.edu:443.
HTTP request sent, awaiting response... 200 OK
Length: 155527244 (148M) [video/x-msvideo]
Saving to: ‘mirror/web.engr.oregonstate.edu/~mjb/whirlwind/FluidSimulation.avi’

     0K .......... .......... .......... .......... ..........  0% 1.03M 2m23s
    50K .......... .......... .......... .......... ..........  0%  513K 3m40s
   100K .......... .......... .......... .......... ..........  0%  608K 3m50s
   150K .......... .......... .......... .......... ..........  0%  463K 4m14s
   200K .......... .......... .......... .......... ..........  0%  225K 5m38s
   250K .......... .......... .......... .......... ..........  0%  263K 6m18s
   300K .......... .......... .......... .......... ..........  0%  584K 6m1s
   350K .......... .......... .......... .......... ..........  0%  564K 5m49s
   400K .......... .......... .......... .......... ..........  0%  614K 5m38s
   450K .......... .......... .......... .......... ..........  0%  566K 5m31s
   500K .......... .......... .......... .......... ..........  0%  268K 5m52s
   550K .......... .......... .......... .......... ..........  0%  223K 6m19s
   600K .......... .......... .......... .......... ..........  0% 1.13M 6m0s
   650K .......... .......... .......... .......... ..........  0%  760K 5m48s
   700K .......... .......... .......... .......... ..........  0%  965K 5m35s
   750K .......... .......... .......... .......... ..........  0% 77.1K 7m17s
   800K .......... .......... .......... .......... ..........  0%  250M 6m51s
   850K .......... .......... .......... .......... ..........  0%  382K 6m50s
   900K .......... .......... .......... .......... ..........  0%  594K 6m41s
   950K .......... .......... .......... .......... ..........  0%  629K 6m33s
  1000K .......... .......... .......... .......... ..........  0%  756K 6m24s
  1050K .......... .......... .......... .......... ..........  0%  631K 6m17s
  1100K .......... .......... .......... .......... ..........  0% 2.93M 6m3s
  1150K .......... .......... .......... .......... ..........  0% 1.15M 5m53s
  1200K .......... .......... .......... .......... ..........  0%  978K 5m45s
  1250K .......... .......... .......... .......... ..........  0% 1.04M 5m37s
  1300K .......... .......... .......... .......... ..........  0%  860K 5m31s
  1350K .......... .......... .......... .......... ..........  0% 1.22M 5m23s
  1400K .......... .......... .......... .......... ..........  0%  920K 5m18s
  1450K .......... .......... .......... .......... ..........  0% 1.42M 5m10s
  1500K .......... .......... .......... .......... ..........  1% 1.26M 5m4s
  1550K .......... .......... .......... .......... ..........  1% 1.34M 4m58s
  1600K .......... .......... .......... .......... ..........  1%  682K 4m55s
  1650K .......... .......... .......... .......... ..........  1% 1.36M 4m50s
  1700K .......... .......... .......... .......... ..........  1% 1.66M 4m44s
  1750K .......... .......... .......... .......... ..........  1%  933K 4m40s
  1800K .......... .......... .......... .......... ..........  1% 1.22M 4m36s
  1850K .......... .......... .......... .......... ..........  1%  486K 4m37s
  1900K .......... .......... .......... .......... ..........  1% 1.88M 4m32s
  1950K .......... .......... .......... .......... ..........  1% 1.18M 4m28s
  2000K .......... .......... .......... .......... ..........  1% 1.36M 4m24s
  2050K .......... .......... .......... .......... ..........  1%  483K 4m25s
  2100K .......... .......... .......... .......... ..........  1% 1.30M 4m21s
  2150K .......... .......... .......... .......... ..........  1%  692K 4m20s
  2200K .......... .......... .......... .......... ..........  1%  816K 4m18s
  2250K .......... .......... .......... .......... ..........  1% 1.45M 4m15s
  2300K .......... .......... .......... .......... ..........  1% 1.02M 4m12s
  2350K .......... .......... .......... .......... ..........  1% 1.32M 4m9s
  2400K .......... .......... .......... .......... ..........  1% 1.10M 4m7s
  2450K .......... .......... .......... .......... ..........  1% 1.06M 4m5s
  2500K .......... .......... .......... .......... ..........  1% 1.35M 4m2s
  2550K .......... .......... .......... .......... ..........  1%  419K 4m4s
  2600K .......... .......... .......... .......... ..........  1% 1.07M 4m2s
  2650K .......... .......... .......... .......... ..........  1% 1.45M 3m59s
  2700K .......... .......... .......... .......... ..........  1% 1.27M 3m57s
  2750K .......... .......... .......... .......... ..........  1% 2.01M 3m54s
  2800K .......... .......... .......... .......... ..........  1%  922K 3m52s
  2850K .......... .......... .......... .......... ..........  1%  904K 3m51s
  2900K .......... .......... .......... .......... ..........  1%  294K 3m56s
  2950K .......... .......... .......... .......... ..........  1%  134M 3m52s
  3000K .......... .......... .......... .......... ..........  2%  172M 3m48s
  3050K .......... .......... .......... .......... ..........  2% 1.16M 3m46s
  3100K .......... .......... .......... .......... ..........  2% 1.30M 3m44s
  3150K .......... .......... .......... .......... ..........  2%  701K 3m44s
  3200K .......... .......... .......... .......... ..........  2%  733K 3m44s
  3250K .......... .......... .......... .......... ..........  2% 1.29M 3m42s
  3300K .......... .......... .......... .......... ..........  2%  872K 3m41s
  3350K .......... .......... .......... .......... ..........  2% 1.59M 3m39s
  3400K .......... .......... .......... .......... ..........  2%  672K 3m39s
  3450K .......... .......... .......... .......... ..........  2% 1.84M 3m37s
  3500K .......... .......... .......... .......... ..........  2% 1.10M 3m36s
  3550K .......... .......... .......... .......... ..........  2% 2.22M 3m34s
  3600K .......... .......... .......... .......... ..........  2%  727K 3m33s
  3650K .......... .......... .......... .......... ..........  2% 1.01M 3m32s
  3700K .......... .......... .......... .......... ..........  2%  710K 3m32s
  3750K .......... .......... .......... .......... ..........  2% 1.20M 3m31s
  3800K .......... .......... .......... .......... ..........  2%  746K 3m31s
  3850K .......... .......... .......... .......... ..........  2%  557K 3m31s
  3900K .......... .......... .......... .......... ..........  2%  928K 3m31s
  3950K .......... .......... .......... .......... ..........  2%  801K 3m30s
  4000K .......... .......... .......... .......... ..........  2% 2.51M 3m28s
  4050K .......... .......... .......... .......... ..........  2%  774K 3m28s
  4100K .......... .......... .......... .......... ..........  2%  823K 3m28s
  4150K .......... .......... .......... .......... ..........  2%  542K 3m28s
  4200K .......... .......... .......... .......... ..........  2% 2.14M 3m27s
  4250K .......... .......... .......... .......... ..........  2%  906K 3m26s
  4300K .......... .......... .......... .......... ..........  2% 4.46M 3m24s
  4350K .......... .......... .......... .......... ..........  2%  842K 3m23s
  4400K .......... .......... .......... .......... ..........  2% 2.25M 3m22s
  4450K .......... .......... .......... .......... ..........  2% 1.35M 3m21s
  4500K .......... .......... .......... .......... ..........  2% 2.05M 3m19s
  4550K .......... .......... .......... .......... ..........  3% 1001K 3m19s
  4600K .......... .......... .......... .......... ..........  3%  899K 3m18s
  4650K .......... .......... .......... .......... ..........  3% 1001K 3m18s
  4700K .......... .......... .......... .......... ..........  3%  323K 3m20s
  4750K .......... .......... .......... .......... ..........  3%  997K 3m20s
  4800K .......... .......... .......... .......... ..........  3% 2.82M 3m18s
  4850K .......... .......... .......... .......... ..........  3% 1.20M 3m17s
  4900K .......... .......... .......... .......... ..........  3% 1.60M 3m16s
  4950K .......... .......... .......... .......... ..........  3%  628K 3m16s
  5000K .......... .......... .......... .......... ..........  3% 1.39M 3m15s
  5050K .......... .......... .......... .......... ..........  3% 3.93M 3m14s
  5100K .......... .......... .......... .......... ..........  3% 1.99M 3m12s
  5150K .......... .......... .......... .......... ..........  3%  873K 3m12s
  5200K .......... .......... .......... .......... ..........  3% 2.10M 3m11s
  5250K .......... .......... .......... .......... ..........  3% 1.19M 3m10s
  5300K .......... .......... .......... .......... ..........  3% 2.77M 3m9s
  5350K .......... .......... .......... .......... ..........  3% 1.00M 3m8s
  5400K .......... .......... .......... .......... ..........  3% 1.21M 3m8s
  5450K .......... .......... .......... .......... ..........  3% 1.91M 3m6s
  5500K .......... .......... .......... .......... ..........  3%  796K 3m6s
  5550K .......... .......... .......... .......... ..........  3% 1.45M 3m6s
  5600K .......... .......... .......... .......... ..........  3% 3.14M 3m4s
  5650K .......... .......... .......... .......... ..........  3% 1.48M 3m3s
  5700K .......... .......... .......... .......... ..........  3% 1.12M 3m3s
  5750K .......... .......... .......... .......... ..........  3% 1.84M 3m2s
  5800K .......... .......... .......... .......... ..........  3%  978K 3m2s
  5850K .......... .......... .......... .......... ..........  3% 1.60M 3m1s
  5900K .......... .......... .......... .......... ..........  3%  551K 3m1s
  5950K .......... .......... .......... .......... ..........  3% 1.62M 3m1s
  6000K .......... .......... .......... .......... ..........  3% 1.32M 3m0s
  6050K .......... .......... .......... .......... ..........  4% 2.11M 2m59s
  6100K .......... .......... .......... .......... ..........  4%  919K 2m59s
  6150K .......... .......... .......... .......... ..........  4%  734K 2m59s
  6200K .......... .......... .......... .......... ..........  4% 1.13M 2m58s
  6250K .......... .......... .......... .......... ..........  4% 1.28M 2m58s
  6300K .......... .......... .......... .......... ..........  4% 1.51M 2m57s
  6350K .......... .......... .......... .......... ..........  4% 1.11M 2m57s
  6400K .......... .......... .......... .......... ..........  4% 20.1M 2m55s
  6450K .......... .......... .......... .......... ..........  4%  290K 2m58s
  6500K .......... .......... .......... .......... ..........  4%  157M 2m56s
  6550K .......... .......... .......... .......... ..........  4% 1.15M 2m56s
  6600K .......... .......... .......... .......... ..........  4%  724K 2m56s
  6650K .......... .......... .......... .......... ..........  4%  358K 2m58s
  6700K .......... .......... .......... .......... ..........  4% 50.0M 2m56s
  6750K .......... .......... .......... .......... ..........  4%  828K 2m56s
  6800K .......... .......... .......... .......... ..........  4% 1.31M 2m56s
  6850K .......... .......... .......... .......... ..........  4%  421K 2m57s
  6900K .......... .......... .......... .......... ..........  4% 1.18M 2m56s
  6950K .......... .......... .......... .......... ..........  4%  835K 2m56s
  7000K .......... .......... .......... .......... ..........  4%  923K 2m56s
  7050K .......... .......... .......... .......... ..........  4% 1.18M 2m55s
  7100K .......... .......... .......... .......... ..........  4% 1.43M 2m55s
  7150K .......... .......... .......... .......... ..........  4%  604K 2m55s
  7200K .......... .......... .......... .......... ..........  4% 1.14M 2m55s
  7250K .......... .......... .......... .......... ..........  4% 1.00M 2m55s
  7300K .......... .......... .......... .......... ..........  4%  953K 2m54s
  7350K .......... .......... .......... .......... ..........  4% 1.70M 2m54s
  7400K .......... .......... .......... .......... ..........  4%  885K 2m54s
  7450K .......... .......... .......... .......... ..........  4% 1.02M 2m53s
  7500K .......... .......... .......... .......... ..........  4% 1.84M 2m53s
  7550K .......... .......... .......... .......... ..........  5% 1.20M 2m52s
  7600K .......... .......... .......... .......... ..........  5% 1.53M 2m52s
  7650K .......... .......... .......... .......... ..........  5%  945K 2m51s
  7700K .......... .......... .......... .......... ..........  5% 1.06M 2m51s
  7750K .......... .......... .......... .......... ..........  5% 3.07M 2m50s
  7800K .......... .......... .......... .......... ..........  5%  450K 2m51s
  7850K .......... .......... .......... .......... ..........  5%  177M 2m50s
  7900K .......... .......... .......... .......... ..........  5% 1.54M 2m49s
  7950K .......... .......... .......... .......... ..........  5% 1.54M 2m49s
  8000K .......... .......... .......... .......... ..........  5% 1.38M 2m48s
  8050K .......... .......... .......... .......... ..........  5% 4.07M 2m47s
  8100K .......... .......... .......... .......... ..........  5%  886K 2m47s
  8150K .......... .......... .......... .......... ..........  5% 1.42M 2m47s
  8200K .......... .......... .......... .......... ..........  5%  970K 2m47s
  8250K .......... .......... .......... .......... ..........  5%  259K 2m49s
  8300K .......... .......... .......... .......... ..........  5% 1.78M 2m48s
  8350K .......... .......... .......... .......... ..........  5% 1.54M 2m48s
  8400K .......... .......... .......... .......... ..........  5% 1.34M 2m47s
  8450K .......... .......... .......... .......... ..........  5%  465K 2m48s
  8500K .......... .......... .......... .......... ..........  5% 2.88M 2m48s
  8550K .......... .......... .......... .......... ..........  5% 1.17M 2m47s
  8600K .......... .......... .......... .......... ..........  5%  511K 2m48s
  8650K .......... .......... .......... .......... ..........  5%  700K 2m48s
  8700K .......... .......... .......... .......... ..........  5%  218K 2m51s
  8750K .......... .......... .......... .......... ..........  5%  248M 2m50s
  8800K .......... .......... .......... .......... ..........  5%  714K 2m50s
  8850K .......... .......... .......... .......... ..........  5% 1.69M 2m49s
  8900K .......... .......... .......... .......... ..........  5%  908K 2m49s
  8950K .......... .......... .......... .......... ..........  5% 1.29M 2m49s
  9000K .......... .......... .......... .......... ..........  5%  896K 2m49s
  9050K .......... .......... .......... .......... ..........  5% 41.1K 3m7s
  9100K .......... .......... .......... .......... ..........  6%  448K 3m7s
  9150K .......... .......... .......... .......... ..........  6% 1.15M 3m7s
  9200K .......... .......... .......... .......... ..........  6% 3.09M 3m6s
  9250K .......... .......... .......... .......... ..........  6%  534K 3m6s
  9300K .......... .......... .......... .......... ..........  6% 1.09M 3m6s
  9350K .......... .......... .......... .......... ..........  6%  759K 3m6s
  9400K .......... .......... .......... .......... ..........  6% 1.34M 3m5s
  9450K .......... .......... .......... .......... ..........  6% 1.05M 3m5s
  9500K .......... .......... .......... .......... ..........  6%  865K 3m5s
  9550K .......... .......... .......... .......... ..........  6% 1.56M 3m4s
  9600K .......... .......... .......... .......... ..........  6%  624K 3m5s
  9650K .......... .......... .......... .......... ..........  6% 1.14M 3m4s
  9700K .......... .......... .......... .......... ..........  6%  620K 3m4s
  9750K .......... .......... .......... .......... ..........  6% 1.74M 3m4s
  9800K .......... .......... .......... .......... ..........  6%  668K 3m4s
  9850K .......... .......... .......... .......... ..........  6% 1.22M 3m3s
  9900K .......... .......... .......... .......... ..........  6% 1.37M 3m3s
  9950K .......... .......... .......... .......... ..........  6% 2.20M 3m2s
 10000K .......... .......... .......... .......... ..........  6%  776K 3m2s
 10050K .......... .......... .......... .......... ..........  6% 1.11M 3m2s
 10100K .......... .......... .......... .......... ..........  6% 1.37M 3m1s
 10150K .......... .......... .......... .......... ..........  6% 2.82M 3m1s
 10200K .......... .......... .......... .......... ..........  6%  972K 3m0s
 10250K .......... .......... .......... .......... ..........  6%  785K 3m0s
 10300K .......... .......... .......... .......... ..........  6% 1.75M 3m0s
 10350K .......... .......... .......... .......... ..........  6% 1.62M 2m59s
 10400K .......... .......... .......... .......... ..........  6%  809K 2m59s
 10450K .......... .......... .......... .......... ..........  6% 1.82M 2m59s
 10500K .......... .......... .......... .......... ..........  6% 1.27M 2m58s
 10550K .......... .......... .......... .......... ..........  6% 1.21M 2m58s
 10600K .......... .......... .......... .......... ..........  7% 1.21M 2m58s
 10650K .......... .......... .......... .......... ..........  7% 1.96M 2m57s
 10700K .......... .......... .......... .......... ..........  7%  872K 2m57s
 10750K .......... .......... .......... .......... ..........  7% 1.31M 2m56s
 10800K .......... .......... .......... .......... ..........  7% 1.08M 2m56s
 10850K .......... .......... .......... .......... ..........  7%  791K 2m56s
 10900K .......... .......... .......... .......... ..........  7%  516K 2m56s
 10950K .......... .......... .......... .......... ..........  7% 1.27M 2m56s
 11000K .......... .......... .......... .......... ..........  7%  648K 2m56s
 11050K .......... .......... .......... .......... ..........  7%  796K 2m56s
 11100K .......... .......... .......... .......... ..........  7%  761K 2m56s
 11150K .......... .......... .......... .......... ..........  7%  765K 2m56s
 11200K .......... .......... .......... .......... ..........  7% 1.11M 2m56s
 11250K .......... .......... .......... .......... ..........  7% 1.64M 2m55s
 11300K .......... .......... .......... .......... ..........  7%  652K 2m55s
 11350K .......... .......... .......... .......... ..........  7% 1.46M 2m55s
 11400K .......... .......... .......... .......... ..........  7% 1.13M 2m55s
 11450K .......... .......... .......... .......... ..........  7%  912K 2m55s
 11500K .......... .......... .......... .......... ..........  7% 2.27M 2m54s
 11550K .......... .......... .......... .......... ..........  7%  820K 2m54s
 11600K .......... .......... .......... .......... ..........  7% 1.26M 2m54s
 11650K .......... .......... .......... .......... ..........  7% 1.12M 2m53s
 11700K .......... .......... .......... .......... ..........  7%  474K 2m54s
 11750K .......... .......... .......... .......... ..........  7%  707K 2m54s
 11800K .......... .......... .......... .......... ..........  7% 1.12M 2m54s
 11850K .......... .......... .......... .......... ..........  7%  486K 2m54s
 11900K .......... .......... .......... .......... ..........  7% 2.47M 2m53s
 11950K .......... .......... .......... .......... ..........  7% 1.28M 2m53s
 12000K .......... .......... .......... .......... ..........  7%  814K 2m53s
 12050K .......... .......... .......... .......... ..........  7% 1.70M 2m53s
 12100K .......... .......... .......... .......... ..........  7%  705K 2m53s
 12150K .......... .......... .......... .......... ..........  8% 1.23M 2m52s
 12200K .......... .......... .......... .......... ..........  8%  825K 2m52s
 12250K .......... .......... .......... .......... ..........  8% 3.89M 2m52s
 12300K .......... .......... .......... .......... ..........  8%  991K 2m51s
 12350K .......... .......... .......... .......... ..........  8%  700K 2m51s
 12400K .......... .......... .......... .......... ..........  8% 1.89M 2m51s
 12450K .......... .......... .......... .......... ..........  8% 1.32M 2m51s
 12500K .......... .......... .......... .......... ..........  8%  642K 2m51s
 12550K .......... .......... .......... .......... ..........  8% 2.25M 2m50s
 12600K .......... .......... .......... .......... ..........  8% 1.26M 2m50s
 12650K .......... .......... .......... .......... ..........  8% 1.16M 2m50s
 12700K .......... .......... .......... .......... ..........  8% 1.19M 2m49s
 12750K .......... .......... .......... .......... ..........  8% 2.45M 2m49s
 12800K .......... .......... .......... .......... ..........  8%  984K 2m49s
 12850K .......... .......... .......... .......... ..........  8% 1.22M 2m49s
 12900K .......... .......... .......... .......... ..........  8% 2.54M 2m48s
 12950K .......... .......... .......... .......... ..........  8% 1020K 2m48s
 13000K .......... .......... .......... .......... ..........  8%  798K 2m48s
 13050K .......... .......... .......... .......... ..........  8%  633K 2m48s
 13100K .......... .......... .......... .......... ..........  8%  695K 2m48s
 13150K .......... .......... .......... .......... ..........  8% 1.72M 2m48s
 13200K .......... .......... .......... .......... ..........  8%  530K 2m48s
 13250K .......... .......... .......... .......... ..........  8%  766K 2m48s
 13300K .......... .......... .......... .......... ..........  8% 1.26M 2m48s
 13350K .......... .......... .......... .......... ..........  8%  653K 2m48s
 13400K .......... .......... .......... .......... ..........  8% 1.22M 2m47s
 13450K .......... .......... .......... .......... ..........  8%  828K 2m47s
 13500K .......... .......... .......... .......... ..........  8% 1.07M 2m47s
 13550K .......... .......... .......... .......... ..........  8%  830K 2m47s
 13600K .......... .......... .......... .......... ..........  8% 1.23M 2m47s
 13650K .......... .......... .......... .......... ..........  9% 1.23M 2m47s
 13700K .......... .......... .......... .......... ..........  9%  751K 2m47s
 13750K .......... .......... .......... .......... ..........  9% 1.42M 2m46s
 13800K .......... .......... .......... .......... ..........  9%  520K 2m47s
 13850K .......... .......... .......... .......... ..........  9% 1.13M 2m46s
 13900K .......... .......... .......... .......... ..........  9% 2.21M 2m46s
 13950K .......... .......... .......... .......... ..........  9%  746K 2m46s
 14000K .......... .......... .......... .......... ..........  9%  620K 2m46s
 14050K .......... .......... .......... .......... ..........  9%  176K 2m48s
 14100K .......... .......... .......... .......... ..........  9% 5.78M 2m48s
 14150K .......... .......... .......... .......... ..........  9%  139M 2m47s
 14200K .......... .......... .......... .......... ..........  9% 2.17M 2m46s
 14250K .......... .......... .......... .......... ..........  9% 1.58M 2m46s
 14300K .......... .......... .......... .......... ..........  9% 2.40M 2m46s
 14350K .......... .......... .......... .......... ..........  9% 2.51M 2m45s
 14400K .......... .......... .......... .......... ..........  9% 1.91M 2m45s
 14450K .......... .......... .......... .......... ..........  9% 1.67M 2m44s
 14500K .......... .......... .......... .......... ..........  9% 4.24M 2m44s
 14550K .......... .......... .......... .......... ..........  9% 2.34M 2m44s
 14600K .......... .......... .......... .......... ..........  9% 1.57M 2m43s
 14650K .......... .......... .......... .......... ..........  9%  823K 2m43s
 14700K .......... .......... .......... .......... ..........  9% 3.63M 2m43s
 14750K .......... .......... .......... .......... ..........  9%  515K 2m43s
 14800K .......... .......... .......... .......... ..........  9% 1.84M 2m43s
 14850K .......... .......... .......... .......... ..........  9% 2.49M 2m42s
 14900K .......... .......... .......... .......... ..........  9% 1.11M 2m42s
 14950K .......... .......... .......... .......... ..........  9% 1002K 2m42s
 15000K .......... .......... .......... .......... ..........  9%  705K 2m42s
 15050K .......... .......... .......... .......... ..........  9% 1.80M 2m42s
 15100K .......... .......... .......... .......... ..........  9% 1013K 2m41s
 15150K .......... .......... .......... .......... .......... 10% 1.62M 2m41s
 15200K .......... .......... .......... .......... .......... 10% 2.72M 2m41s
 15250K .......... .......... .......... .......... .......... 10%  670K 2m41s
 15300K .......... .......... .......... .......... .......... 10% 1.17M 2m41s
 15350K .......... .......... .......... .......... .......... 10%  795K 2m41s
 15400K .......... .......... .......... .......... .......... 10% 1.43M 2m40s
 15450K .......... .......... .......... .......... .......... 10% 1.24M 2m40s
 15500K .......... .......... .......... .......... .......... 10% 1.13M 2m40s
 15550K .......... .......... .......... .......... .......... 10% 1.41M 2m40s
 15600K .......... .......... .......... .......... .......... 10% 3.37M 2m39s
 15650K .......... .......... .......... .......... .......... 10% 1.82M 2m39s
 15700K .......... .......... .......... .......... .......... 10% 1.84M 2m38s
 15750K .......... .......... .......... .......... .......... 10% 1.13M 2m38s
 15800K .......... .......... .......... .......... .......... 10%  534K 2m38s
 15850K .......... .......... .......... .......... .......... 10% 1.94M 2m38s
 15900K .......... .......... .......... .......... .......... 10% 2.53M 2m38s
 15950K .......... .......... .......... .......... .......... 10% 1.01M 2m38s
 16000K .......... .......... .......... .......... .......... 10% 9.06M 2m37s
 16050K .......... .......... .......... .......... .......... 10%  707K 2m37s
 16100K .......... .......... .......... .......... .......... 10% 1.57M 2m37s
 16150K .......... .......... .......... .......... .......... 10%  363K 2m37s
 16200K .......... .......... .......... .......... .......... 10%  172M 2m37s
 16250K .......... .......... .......... .......... .......... 10% 1.99M 2m37s
 16300K .......... .......... .......... .......... .......... 10% 1.98M 2m36s
 16350K .......... .......... .......... .......... .......... 10% 1.57M 2m36s
 16400K .......... .......... .......... .......... .......... 10% 2.27M 2m36s
 16450K .......... .......... .......... .......... .......... 10% 2.12M 2m35s
 16500K .......... .......... .......... .......... .......... 10% 1.59M 2m35s
 16550K .......... .......... .......... .......... .......... 10% 1.52M 2m35s
 16600K .......... .......... .......... .......... .......... 10% 2.55M 2m34s
 16650K .......... .......... .......... .......... .......... 10% 1.26M 2m34s
 16700K .......... .......... .......... .......... .......... 11%  817K 2m34s
 16750K .......... .......... .......... .......... .......... 11% 1.74M 2m34s
 16800K .......... .......... .......... .......... .......... 11% 1.14M 2m34s
 16850K .......... .......... .......... .......... .......... 11% 1.18M 2m34s
 16900K .......... .......... .......... .......... .......... 11% 1.11M 2m33s
 16950K .......... .......... .......... .......... .......... 11%  981K 2m33s
 17000K .......... .......... .......... .......... .......... 11%  335K 2m34s
 17050K .......... .......... .......... .......... .......... 11% 19.0M 2m33s
 17100K .......... .......... .......... .......... .......... 11% 4.76M 2m33s
 17150K .......... .......... .......... .......... .......... 11% 1.23M 2m33s
 17200K .......... .......... .......... .......... .......... 11% 1002K 2m33s
 17250K .......... .......... .......... .......... .......... 11% 1002K 2m33s
 17300K .......... .......... .......... .......... .......... 11% 1.60M 2m32s
 17350K .......... .......... .......... .......... .......... 11% 1.51M 2m32s
 17400K .......... .......... .......... .......... .......... 11%  773K 2m32s
 17450K .......... .......... .......... .......... .......... 11% 1.59M 2m32s
 17500K .......... .......... .......... .......... .......... 11%  636K 2m32s
 17550K .......... .......... .......... .......... .......... 11%  718K 2m32s
 17600K .......... .......... .......... .......... .......... 11%  532K 2m32s
 17650K .......... .......... .......... .......... .......... 11% 2.05M 2m32s
 17700K .......... .......... .......... .......... .......... 11%  560K 2m32s
 17750K .......... .......... .......... .......... .......... 11% 1.27M 2m32s
 17800K .......... .......... .......... .......... .......... 11%  338K 2m33s
 17850K .......... .......... .......... .......... .......... 11%  185M 2m32s
 17900K .......... .......... .......... .......... .......... 11% 4.15M 2m32s
 17950K .......... .......... .......... .......... .......... 11%  265K 2m33s
 18000K .......... .......... .......... .......... .......... 11% 4.38M 2m32s
 18050K .......... .......... .......... .......... .......... 11% 1.31M 2m32s
 18100K .......... .......... .......... .......... .......... 11% 1.15M 2m32s
 18150K .......... .......... .......... .......... .......... 11%  699K 2m32s
 18200K .......... .......... .......... .......... .......... 12% 2.58M 2m32s
 18250K .......... .......... .......... .......... .......... 12% 1.17M 2m31s
 18300K .......... .......... .......... .......... .......... 12% 1.27M 2m31s
 18350K .......... .......... .......... .......... .......... 12%  652K 2m31s
 18400K .......... .......... .......... .......... .......... 12% 1.01M 2m31s
 18450K .......... .......... .......... .......... .......... 12% 1.16M 2m31s
 18500K .......... .......... .......... .......... .......... 12% 1.58M 2m31s
 18550K .......... .......... .......... .......... .......... 12%  978K 2m31s
 18600K .......... .......... .......... .......... .......... 12%  873K 2m31s
 18650K .......... .......... .......... .......... .......... 12%  861K 2m31s
 18700K .......... .......... .......... .......... .......... 12%  782K 2m31s
 18750K .......... .......... .......... .......... .......... 12% 1.23M 2m30s
 18800K .......... .......... .......... .......... .......... 12% 1.35M 2m30s
 18850K .......... .......... .......... .......... .......... 12%  774K 2m30s
 18900K .......... .......... .......... .......... .......... 12%  389K 2m31s
 18950K .......... .......... .......... .......... .......... 12% 2.49M 2m30s
 19000K .......... .......... .......... .......... .......... 12% 1.69M 2m30s
 19050K .......... .......... .......... .......... .......... 12% 1.05M 2m30s
 19100K .......... .......... .......... .......... .......... 12% 1.01M 2m30s
 19150K .......... .......... .......... .......... .......... 12% 2.11M 2m30s
 19200K .......... .......... .......... .......... .......... 12%  470K 2m30s
 19250K .......... .......... .......... .......... .......... 12%  849K 2m30s
 19300K .......... .......... .......... .......... .......... 12% 1.76M 2m30s
 19350K .......... .......... .......... .......... .......... 12% 1.34M 2m29s
 19400K .......... .......... .......... .......... .......... 12%  924K 2m29s
 19450K .......... .......... .......... .......... .......... 12% 1.22M 2m29s
 19500K .......... .......... .......... .......... .......... 12%  310K 2m30s
 19550K .......... .......... .......... .......... .......... 12% 1.05M 2m30s
 19600K .......... .......... .......... .......... .......... 12% 2.58M 2m29s
 19650K .......... .......... .......... .......... .......... 12% 1.79M 2m29s
 19700K .......... .......... .......... .......... .......... 13% 1.40M 2m29s
 19750K .......... .......... .......... .......... .......... 13%  931K 2m29s
 19800K .......... .......... .......... .......... .......... 13% 3.86M 2m28s
 19850K .......... .......... .......... .......... .......... 13% 1.85M 2m28s
 19900K .......... .......... .......... .......... .......... 13% 1.44M 2m28s
 19950K .......... .......... .......... .......... .......... 13% 1013K 2m28s
 20000K .......... .......... .......... .......... .......... 13%  682K 2m28s
 20050K .......... .......... .......... .......... .......... 13%  717K 2m28s
 20100K .......... .......... .......... .......... .......... 13%  742K 2m28s
 20150K .......... .......... .......... .......... .......... 13%  946K 2m28s
 20200K .......... .......... .......... .......... .......... 13%  564K 2m28s
 20250K .......... .......... .......... .......... .......... 13% 2.54M 2m28s
 20300K .......... .......... .......... .......... .......... 13% 1.10M 2m28s
 20350K .......... .......... .......... .......... .......... 13%  785K 2m28s
 20400K .......... .......... .......... .......... .......... 13% 1.29M 2m28s
 20450K .......... .......... .......... .......... .......... 13% 1.71M 2m27s
 20500K .......... .......... .......... .......... .......... 13% 1.14M 2m27s
 20550K .......... .......... .......... .......... .......... 13% 1.39M 2m27s
 20600K .......... .......... .......... .......... .......... 13% 1.85M 2m27s
 20650K .......... .......... .......... .......... .......... 13% 2.40M 2m26s
 20700K .......... .......... .......... .......... .......... 13% 1.25M 2m26s
 20750K .......... .......... .......... .......... .......... 13% 2.61M 2m26s
 20800K .......... .......... .......... .......... .......... 13% 2.76M 2m26s
 20850K .......... .......... .......... .......... .......... 13% 2.13M 2m25s
 20900K .......... .......... .......... .......... .......... 13% 1.23M 2m25s
 20950K .......... .......... .......... .......... .......... 13% 1.72M 2m25s
 21000K .......... .......... .......... .......... .......... 13% 1.97M 2m25s
 21050K .......... .......... .......... .......... .......... 13% 2.08M 2m25s
 21100K .......... .......... .......... .......... .......... 13% 1.14M 2m24s
 21150K .......... .......... .......... .......... .......... 13%  893K 2m24s
 21200K .......... .......... .......... .......... .......... 13%  976K 2m24s
 21250K .......... .......... .......... .......... .......... 14%  752K 2m24s
 21300K .......... .......... .......... .......... .......... 14% 3.39M 2m24s
 21350K .......... .......... .......... .......... .......... 14% 1.47M 2m24s
 21400K .......... .......... .......... .......... .......... 14%  887K 2m24s
 21450K .......... .......... .......... .......... .......... 14% 2.15M 2m23s
 21500K .......... .......... .......... .......... .......... 14% 1.40M 2m23s
 21550K .......... .......... .......... .......... .......... 14% 1.18M 2m23s
 21600K .......... .......... .......... .......... .......... 14% 2.59M 2m23s
 21650K .......... .......... .......... .......... .......... 14% 1.38M 2m23s
 21700K .......... .......... .......... .......... .......... 14% 2.96M 2m22s
 21750K .......... .......... .......... .......... .......... 14%  275K 2m23s
 21800K .......... .......... .......... .......... .......... 14%  165M 2m23s
 21850K .......... .......... .......... .......... .......... 14% 1.14M 2m23s
 21900K .......... .......... .......... .......... .......... 14%  982K 2m23s
 21950K .......... .......... .......... .......... .......... 14% 1.39M 2m22s
 22000K .......... .......... .......... .......... .......... 14%  692K 2m22s
 22050K .......... .......... .......... .......... .......... 14%  927K 2m22s
 22100K .......... .......... .......... .......... .......... 14%  655K 2m22s
 22150K .......... .......... .......... .......... .......... 14% 1.27M 2m22s
 22200K .......... .......... .......... .......... .......... 14%  921K 2m22s
 22250K .......... .......... .......... .......... .......... 14% 1.17M 2m22s
 22300K .......... .......... .......... .......... .......... 14%  535K 2m22s
 22350K .......... .......... .......... .......... .......... 14%  843K 2m22s
 22400K .......... .......... .......... .......... .......... 14%  781K 2m22s
 22450K .......... .......... .......... .......... .......... 14%  680K 2m22s
 22500K .......... .......... .......... .......... .......... 14% 2.13M 2m22s
 22550K .......... .......... .......... .......... .......... 14%  662K 2m22s
 22600K .......... .......... .......... .......... .......... 14% 1.24M 2m22s
 22650K .......... .......... .......... .......... .......... 14% 2.69M 2m22s
 22700K .......... .......... .......... .......... .......... 14% 1.11M 2m22s
 22750K .......... .......... .......... .......... .......... 15% 2.84M 2m21s
 22800K .......... .......... .......... .......... .......... 15%  750K 2m21s
 22850K .......... .......... .......... .......... .......... 15% 2.15M 2m21s
 22900K .......... .......... .......... .......... .......... 15%  804K 2m21s
 22950K .......... .......... .......... .......... .......... 15%  875K 2m21s
 23000K .......... .......... .......... .......... .......... 15% 2.70M 2m21s
 23050K .......... .......... .......... .......... .......... 15%  975K 2m21s
 23100K .......... .......... .......... .......... .......... 15% 1.29M 2m21s
 23150K .......... .......... .......... .......... .......... 15% 1.93M 2m20s
 23200K .......... .......... .......... .......... .......... 15% 1.55M 2m20s
 23250K .......... .......... .......... .......... .......... 15%  752K 2m20s
 23300K .......... .......... .......... .......... .......... 15% 1009K 2m20s
 23350K .......... .......... .......... .......... .......... 15%  982K 2m20s
 23400K .......... .......... .......... .......... .......... 15%  651K 2m20s
 23450K .......... .......... .......... .......... .......... 15%  387K 2m20s
 23500K .......... .......... .......... .......... .......... 15%  831K 2m20s
 23550K .......... .......... .......... .......... .......... 15%  308K 2m21s
 23600K .......... .......... .......... .......... .......... 15% 1.30M 2m21s
 23650K .......... .......... .......... .......... .......... 15%  697K 2m21s
 23700K .......... .......... .......... .......... .......... 15% 1.74M 2m21s
 23750K .......... .......... .......... .......... .......... 15%  179K 2m22s
 23800K .......... .......... .......... .......... .......... 15%  236M 2m21s
 23850K .......... .......... .......... .......... .......... 15% 8.58M 2m21s
 23900K .......... .......... .......... .......... .......... 15% 1010K 2m21s
 23950K .......... .......... .......... .......... .......... 15% 2.01M 2m21s
 24000K .......... .......... .......... .......... .......... 15%  736K 2m21s
 24050K .......... .......... .......... .......... .......... 15%  730K 2m21s
 24100K .......... .......... .......... .......... .......... 15%  922K 2m21s
 24150K .......... .......... .......... .......... .......... 15%  992K 2m21s
 24200K .......... .......... .......... .......... .......... 15% 1.97M 2m21s
 24250K .......... .......... .......... .......... .......... 15%  927K 2m20s
 24300K .......... .......... .......... .......... .......... 16%  676K 2m20s
 24350K .......... .......... .......... .......... .......... 16% 1.01M 2m20s
 24400K .......... .......... .......... .......... .......... 16% 1.10M 2m20s
 24450K .......... .......... .......... .......... .......... 16%  688K 2m20s
 24500K .......... .......... .......... .......... .......... 16% 2.57M 2m20s
 24550K .......... .......... .......... .......... .......... 16%  196K 2m21s
 24600K .......... .......... .......... .......... .......... 16% 4.32M 2m21s
 24650K .......... .......... .......... .......... .......... 16%  231M 2m20s
 24700K .......... .......... .......... .......... .......... 16%  959K 2m20s
 24750K .......... .......... .......... .......... .......... 16%  652K 2m20s
 24800K .......... .......... .......... .......... .......... 16% 1.44M 2m20s
 24850K .......... .......... .......... .......... .......... 16% 1.10M 2m20s
 24900K .......... .......... .......... .......... .......... 16% 2.53M 2m20s
 24950K .......... .......... .......... .......... .......... 16% 1.31M 2m20s
 25000K .......... .......... .......... .......... .......... 16% 2.82M 2m20s
 25050K .......... .......... .......... .......... .......... 16% 3.34M 2m19s
 25100K .......... .......... .......... .......... .......... 16% 1.35M 2m19s
 25150K .......... .......... .......... .......... .......... 16% 1.91M 2m19s
 25200K .......... .......... .......... .......... .......... 16% 1.18M 2m19s
 25250K .......... .......... .......... .......... .......... 16% 2.37M 2m19s
 25300K .......... .......... .......... .......... .......... 16%  718K 2m19s
 25350K .......... .......... .......... .......... .......... 16% 2.36M 2m18s
 25400K .......... .......... .......... .......... .......... 16% 1.63M 2m18s
 25450K .......... .......... .......... .......... .......... 16% 1.40M 2m18s
 25500K .......... .......... .......... .......... .......... 16% 2.03M 2m18s
 25550K .......... .......... .......... .......... .......... 16% 1.34M 2m18s
 25600K .......... .......... .......... .......... .......... 16% 2.39M 2m17s
 25650K .......... .......... .......... .......... .......... 16% 1.26M 2m17s
 25700K .......... .......... .......... .......... .......... 16% 2.71M 2m17s
 25750K .......... .......... .......... .......... .......... 16% 1.89M 2m17s
 25800K .......... .......... .......... .......... .......... 17% 2.11M 2m17s
 25850K .......... .......... .......... .......... .......... 17%  410K 2m17s
 25900K .......... .......... .......... .......... .......... 17% 4.09M 2m17s
 25950K .......... .......... .......... .......... .......... 17% 2.01M 2m16s
 26000K .......... .......... .......... .......... .......... 17%  907K 2m16s
 26050K .......... .......... .......... .......... .......... 17%  253K 2m17s
 26100K .......... .......... .......... .......... .......... 17%  157M 2m17s
 26150K .......... .......... .......... .......... .......... 17% 1.32M 2m17s
 26200K .......... .......... .......... .......... .......... 17% 1.02M 2m17s
 26250K .......... .......... .......... .......... .......... 17%  708K 2m17s
 26300K .......... .......... .......... .......... .......... 17%  690K 2m17s
 26350K .......... .......... .......... .......... .......... 17% 1.68M 2m16s
 26400K .......... .......... .......... .......... .......... 17% 2.79M 2m16s
 26450K .......... .......... .......... .......... .......... 17% 1.53M 2m16s
 26500K .......... .......... .......... .......... .......... 17%  347K 2m16s
 26550K .......... .......... .......... .......... .......... 17%  226M 2m16s
 26600K .......... .......... .......... .......... .......... 17% 3.27M 2m16s
 26650K .......... .......... .......... .......... .......... 17% 2.23M 2m16s
 26700K .......... .......... .......... .......... .......... 17%  436K 2m16s
 26750K .......... .......... .......... .......... .......... 17% 9.61M 2m16s
 26800K .......... .......... .......... .......... .......... 17%  841K 2m16s
 26850K .......... .......... .......... .......... .......... 17% 1.06M 2m15s
 26900K .......... .......... .......... .......... .......... 17% 1.06M 2m15s
 26950K .......... .......... .......... .......... .......... 17% 1.24M 2m15s
 27000K .......... .......... .......... .......... .......... 17% 1.41M 2m15s
 27050K .......... .......... .......... .......... .......... 17% 1.49M 2m15s
 27100K .......... .......... .......... .......... .......... 17%  617K 2m15s
 27150K .......... .......... .......... .......... .......... 17% 1.74M 2m15s
 27200K .......... .......... .......... .......... .......... 17% 1.18M 2m15s
 27250K .......... .......... .......... .......... .......... 17% 2.10M 2m15s
 27300K .......... .......... .......... .......... .......... 18% 1.21M 2m14s
 27350K .......... .......... .......... .......... .......... 18% 8.19M 2m14s
 27400K .......... .......... .......... .......... .......... 18% 1.38M 2m14s
 27450K .......... .......... .......... .......... .......... 18% 1.42M 2m14s
 27500K .......... .......... .......... .......... .......... 18% 1.56M 2m14s
 27550K .......... .......... .......... .......... .......... 18%  961K 2m14s
 27600K .......... .......... .......... .......... .......... 18%  610K 2m14s
 27650K .......... .......... .......... .......... .......... 18% 1007K 2m14s
 27700K .......... .......... .......... .......... .......... 18% 2.25M 2m13s
 27750K .......... .......... .......... .......... .......... 18% 2.34M 2m13s
 27800K .......... .......... .......... .......... .......... 18% 2.45M 2m13s
 27850K .......... .......... .......... .......... .......... 18% 1.39M 2m13s
 27900K .......... .......... .......... .......... .......... 18% 1.08M 2m13s
 27950K .......... .......... .......... .......... .......... 18% 1.46M 2m13s
 28000K .......... .......... .......... .......... .......... 18%  243K 2m13s
 28050K .......... .......... .......... .......... .......... 18%  901K 2m13s
 28100K .......... .......... .......... .......... .......... 18%  687K 2m13s
 28150K .......... .......... .......... .......... .......... 18%  384K 2m14s
 28200K .......... .......... .......... .......... .......... 18%  357K 2m14s
 28250K .......... .......... .......... .......... .......... 18%  680K 2m14s
 28300K .......... .......... .......... .......... .......... 18% 1.07M 2m14s
 28350K .......... .......... .......... .......... .......... 18% 1.38M 2m14s
 28400K .......... .......... .......... .......... .......... 18%  851K 2m14s
 28450K .......... .......... .......... .......... .......... 18%  760K 2m14s
 28500K .......... .......... .......... .......... .......... 18%  738K 2m14s
 28550K .......... .......... .......... .......... .......... 18% 1.29M 2m14s
 28600K .......... .......... .......... .......... .......... 18%  468K 2m14s
 28650K .......... .......... .......... .......... .......... 18%  594K 2m14s
 28700K .......... .......... .......... .......... .......... 18%  735K 2m14s
 28750K .......... .......... .......... .......... .......... 18%  814K 2m14s
 28800K .......... .......... .......... .......... .......... 18%  642K 2m14s
 28850K .......... .......... .......... .......... .......... 19% 1.33M 2m14s
 28900K .......... .......... .......... .......... .......... 19% 1.47M 2m14s
 28950K .......... .......... .......... .......... .......... 19% 1.87M 2m13s
 29000K .......... .......... .......... .......... .......... 19% 1.69M 2m13s
 29050K .......... .......... .......... .......... .......... 19% 3.10M 2m13s
 29100K .......... .......... .......... .......... .......... 19% 1.59M 2m13s
 29150K .......... .......... .......... .......... .......... 19% 1.86M 2m13s
 29200K .......... .......... .......... .......... .......... 19% 2.27M 2m12s
 29250K .......... .......... .......... .......... .......... 19% 1009K 2m12s
 29300K .......... .......... .......... .......... .......... 19% 2.63M 2m12s
 29350K .......... .......... .......... .......... .......... 19%  446K 2m12s
 29400K .......... .......... .......... .......... .......... 19% 1.62M 2m12s
 29450K .......... .......... .......... .......... .......... 19% 2.58M 2m12s
 29500K .......... .......... .......... .......... .......... 19% 1.27M 2m12s
 29550K .......... .......... .......... .......... .......... 19% 1.22M 2m12s
 29600K .......... .......... .......... .......... .......... 19%  638K 2m12s
 29650K .......... .......... .......... .......... .......... 19%  847K 2m12s
 29700K .......... .......... .......... .......... .......... 19%  941K 2m12s
 29750K .......... .......... .......... .......... .......... 19%  566K 2m12s
 29800K .......... .......... .......... .......... .......... 19% 3.30M 2m12s
 29850K .......... .......... .......... .......... .......... 19% 1018K 2m12s
 29900K .......... .......... .......... .......... .......... 19%  529K 2m12s
 29950K .......... .......... .......... .......... .......... 19%  693K 2m12s
 30000K .......... .......... .......... .......... .......... 19% 5.21M 2m11s
 30050K .......... .......... .......... .......... .......... 19% 2.70M 2m11s
 30100K .......... .......... .......... .......... .......... 19%  804K 2m11s
 30150K .......... .......... .......... .......... .......... 19% 4.74M 2m11s
 30200K .......... .......... .......... .......... .......... 19% 1.24M 2m11s
 30250K .......... .......... .......... .......... .......... 19% 1.54M 2m11s
 30300K .......... .......... .......... .......... .......... 19% 3.11M 2m11s
 30350K .......... .......... .......... .......... .......... 20% 2.10M 2m10s
 30400K .......... .......... .......... .......... .......... 20% 2.27M 2m10s
 30450K .......... .......... .......... .......... .......... 20% 1.44M 2m10s
 30500K .......... .......... .......... .......... .......... 20% 1.18M 2m10s
 30550K .......... .......... .......... .......... .......... 20% 1.36M 2m10s
 30600K .......... .......... .......... .......... .......... 20% 4.40M 2m10s
 30650K .......... .......... .......... .......... .......... 20% 1.38M 2m9s
 30700K .......... .......... .......... .......... .......... 20% 1.47M 2m9s
 30750K .......... .......... .......... .......... .......... 20% 1.13M 2m9s
 30800K .......... .......... .......... .......... .......... 20%  846K 2m9s
 30850K .......... .......... .......... .......... .......... 20% 1.04M 2m9s
 30900K .......... .......... .......... .......... .......... 20% 1.05M 2m9s
 30950K .......... .......... .......... .......... .......... 20%  905K 2m9s
 31000K .......... .......... .......... .......... .......... 20% 6.92M 2m9s
 31050K .......... .......... .......... .......... .......... 20% 1.49M 2m9s
 31100K .......... .......... .......... .......... .......... 20% 1.06M 2m9s
 31150K .......... .......... .......... .......... .......... 20% 2.06M 2m8s
 31200K .......... .......... .......... .......... .......... 20%  577K 2m8s
 31250K .......... .......... .......... .......... .......... 20% 19.5M 2m8s
 31300K .......... .......... .......... .......... .......... 20% 1.04M 2m8s
 31350K .......... .......... .......... .......... .......... 20% 5.74M 2m8s
 31400K .......... .......... .......... .......... .......... 20%  900K 2m8s
 31450K .......... .......... .......... .......... .......... 20%  774K 2m8s
 31500K .......... .......... .......... .......... .......... 20% 2.88M 2m8s
 31550K .......... .......... .......... .......... .......... 20% 1.27M 2m8s
 31600K .......... .......... .......... .......... .......... 20% 1.72M 2m7s
 31650K .......... .......... .......... .......... .......... 20% 1.30M 2m7s
 31700K .......... .......... .......... .......... .......... 20%  854K 2m7s
 31750K .......... .......... .......... .......... .......... 20% 1.98M 2m7s
 31800K .......... .......... .......... .......... .......... 20% 1.25M 2m7s
 31850K .......... .......... .......... .......... .......... 21% 1.35M 2m7s
 31900K .......... .......... .......... .......... .......... 21% 3.40M 2m7s
 31950K .......... .......... .......... .......... .......... 21% 1.69M 2m7s
 32000K .......... .......... .......... .......... .......... 21% 1.16M 2m6s
 32050K .......... .......... .......... .......... .......... 21% 2.68M 2m6s
 32100K .......... .......... .......... .......... .......... 21% 1.07M 2m6s
 32150K .......... .......... .......... .......... .......... 21% 3.35M 2m6s
 32200K .......... .......... .......... .......... .......... 21% 1.32M 2m6s
 32250K .......... .......... .......... .......... .......... 21%  886K 2m6s
 32300K .......... .......... .......... .......... .......... 21%  619K 2m6s
 32350K .......... .......... .......... .......... .......... 21% 6.96M 2m6s
 32400K .......... .......... .......... .......... .......... 21%  196K 2m6s
 32450K .......... .......... .......... .......... .......... 21%  906K 2m6s
 32500K .......... .......... .......... .......... .......... 21%  959K 2m6s
 32550K .......... .......... .......... .......... .......... 21%  348K 2m7s
 32600K .......... .......... .......... .......... .......... 21% 5.55M 2m6s
 32650K .......... .......... .......... .......... .......... 21% 1.40M 2m6s
 32700K .......... .......... .......... .......... .......... 21%  376K 2m6s
 32750K .......... .......... .......... .......... .......... 21% 3.73M 2m6s
 32800K .......... .......... .......... .......... .......... 21%  578K 2m6s
 32850K .......... .......... .......... .......... .......... 21%  637K 2m6s
 32900K .......... .......... .......... .......... .......... 21%  429K 2m7s
 32950K .......... .......... .......... .......... .......... 21% 1.06M 2m6s
 33000K .......... .......... .......... .......... .......... 21%  680K 2m7s
 33050K .......... .......... .......... .......... .......... 21%  800K 2m6s
 33100K .......... .......... .......... .......... .......... 21%  879K 2m6s
 33150K .......... .......... .......... .......... .......... 21% 1.29M 2m6s
 33200K .......... .......... .......... .......... .......... 21% 1024K 2m6s
 33250K .......... .......... .......... .......... .......... 21% 1.29M 2m6s
 33300K .......... .......... .......... .......... .......... 21% 1014K 2m6s
 33350K .......... .......... .......... .......... .......... 21%  957K 2m6s
 33400K .......... .......... .......... .......... .......... 22% 20.8M 2m6s
 33450K .......... .......... .......... .......... .......... 22% 1022K 2m6s
 33500K .......... .......... .......... .......... .......... 22% 1.26M 2m6s
 33550K .......... .......... .......... .......... .......... 22% 1.66M 2m6s
 33600K .......... .......... .......... .......... .......... 22% 1.40M 2m5s
 33650K .......... .......... .......... .......... .......... 22% 1.84M 2m5s
 33700K .......... .......... .......... .......... .......... 22% 1.94M 2m5s
 33750K .......... .......... .......... .......... .......... 22% 1.87M 2m5s
 33800K .......... .......... .......... .......... .......... 22% 2.65M 2m5s
 33850K .......... .......... .......... .......... .......... 22% 1.86M 2m5s
 33900K .......... .......... .......... .......... .......... 22%  626K 2m5s
 33950K .......... .......... .......... .......... .......... 22% 2.84M 2m4s
 34000K .......... .......... .......... .......... .......... 22% 1.33M 2m4s
 34050K .......... .......... .......... .......... .......... 22% 2.47M 2m4s
 34100K .......... .......... .......... .......... .......... 22% 1.33M 2m4s
 34150K .......... .......... .......... .......... .......... 22% 1.49M 2m4s
 34200K .......... .......... .......... .......... .......... 22%  719K 2m4s
 34250K .......... .......... .......... .......... .......... 22% 1.72M 2m4s
 34300K .......... .......... .......... .......... .......... 22%  636K 2m4s
 34350K .......... .......... .......... .......... .......... 22% 1.56M 2m4s
 34400K .......... .......... .......... .......... .......... 22% 1.01M 2m4s
 34450K .......... .......... .......... .......... .......... 22% 1.25M 2m4s
 34500K .......... .......... .......... .......... .......... 22%  617K 2m4s
 34550K .......... .......... .......... .......... .......... 22% 1.34M 2m4s
 34600K .......... .......... .......... .......... .......... 22% 1.15M 2m3s
 34650K .......... .......... .......... .......... .......... 22% 2.05M 2m3s
 34700K .......... .......... .......... .......... .......... 22% 1.89M 2m3s
 34750K .......... .......... .......... .......... .......... 22% 2.94M 2m3s
 34800K .......... .......... .......... .......... .......... 22% 1.13M 2m3s
 34850K .......... .......... .......... .......... .......... 22% 2.20M 2m3s
 34900K .......... .......... .......... .......... .......... 23%  575K 2m3s
 34950K .......... .......... .......... .......... .......... 23% 1.27M 2m3s
 35000K .......... .......... .......... .......... .......... 23% 1.07M 2m3s
 35050K .......... .......... .......... .......... .......... 23% 2.16M 2m2s
 35100K .......... .......... .......... .......... .......... 23% 1.11M 2m2s
 35150K .......... .......... .......... .......... .......... 23% 1.71M 2m2s
 35200K .......... .......... .......... .......... .......... 23%  588K 2m2s
 35250K .......... .......... .......... .......... .......... 23% 1.10M 2m2s
 35300K .......... .......... .......... .......... .......... 23% 1.38M 2m2s
 35350K .......... .......... .......... .......... .......... 23%  608K 2m2s
 35400K .......... .......... .......... .......... .......... 23% 1.35M 2m2s
 35450K .......... .......... .......... .......... .......... 23% 1.86M 2m2s
 35500K .......... .......... .......... .......... .......... 23% 1.30M 2m2s
 35550K .......... .......... .......... .......... .......... 23% 1.30M 2m2s
 35600K .......... .......... .......... .......... .......... 23% 1.27M 2m2s
 35650K .......... .......... .......... .......... .......... 23% 2.47M 2m1s
 35700K .......... .......... .......... .......... .......... 23% 1.48M 2m1s
 35750K .......... .......... .......... .......... .......... 23% 1.48M 2m1s
 35800K .......... .......... .......... .......... .......... 23% 1.87M 2m1s
 35850K .......... .......... .......... .......... .......... 23% 1.09M 2m1s
 35900K .......... .......... .......... .......... .......... 23% 1.81M 2m1s
 35950K .......... .......... .......... .......... .......... 23% 1.61M 2m1s
 36000K .......... .......... .......... .......... .......... 23% 1.13M 2m1s
 36050K .......... .......... .......... .......... .......... 23% 1.97M 2m1s
 36100K .......... .......... .......... .......... .......... 23% 2.21M 2m0s
 36150K .......... .......... .......... .......... .......... 23% 1.36M 2m0s
 36200K .......... .......... .......... .......... .......... 23% 1.43M 2m0s
 36250K .......... .......... .......... .......... .......... 23% 4.50M 2m0s
 36300K .......... .......... .......... .......... .......... 23%  901K 2m0s
 36350K .......... .......... .......... .......... .......... 23% 2.66M 2m0s
 36400K .......... .......... .......... .......... .......... 23% 2.00M 2m0s
 36450K .......... .......... .......... .......... .......... 24% 1.28M 2m0s
 36500K .......... .......... .......... .......... .......... 24% 1.67M 1m59s
 36550K .......... .......... .......... .......... .......... 24% 1.75M 1m59s
 36600K .......... .......... .......... .......... .......... 24% 1.35M 1m59s
 36650K .......... .......... .......... .......... .......... 24% 1.94M 1m59s
 36700K .......... .......... .......... .......... .......... 24% 1.34M 1m59s
 36750K .......... .......... .......... .......... .......... 24% 1.48M 1m59s
 36800K .......... .......... .......... .......... .......... 24% 1.29M 1m59s
 36850K .......... .......... .......... .......... .......... 24% 1.42M 1m59s
 36900K .......... .......... .......... .......... .......... 24% 1.54M 1m59s
 36950K .......... .......... .......... .......... .......... 24% 2.54M 1m58s
 37000K .......... .......... .......... .......... .......... 24% 1.85M 1m58s
 37050K .......... .......... .......... .......... .......... 24%  913K 1m58s
 37100K .......... .......... .......... .......... .......... 24%  978K 1m58s
 37150K .......... .......... .......... .......... .......... 24%  906K 1m58s
 37200K .......... .......... .......... .......... .......... 24% 1.15M 1m58s
 37250K .......... .......... .......... .......... .......... 24% 1.39M 1m58s
 37300K .......... .......... .......... .......... .......... 24%  776K 1m58s
 37350K .......... .......... .......... .......... .......... 24% 1.51M 1m58s
 37400K .......... .......... .......... .......... .......... 24%  972K 1m58s
 37450K .......... .......... .......... .......... .......... 24% 1.82M 1m58s
 37500K .......... .......... .......... .......... .......... 24% 1.09M 1m58s
 37550K .......... .......... .......... .......... .......... 24% 3.00M 1m57s
 37600K .......... .......... .......... .......... .......... 24% 2.94M 1m57s
 37650K .......... .......... .......... .......... .......... 24%  418K 1m57s
 37700K .......... .......... .......... .......... .......... 24% 1.57M 1m57s
 37750K .......... .......... .......... .......... .......... 24% 1.31M 1m57s
 37800K .......... .......... .......... .......... .......... 24%  813K 1m57s
 37850K .......... .......... .......... .......... .......... 24% 1.22M 1m57s
 37900K .......... .......... .......... .......... .......... 24% 1.22M 1m57s
 37950K .......... .......... .......... .......... .......... 25% 1.05M 1m57s
 38000K .......... .......... .......... .......... .......... 25% 1.32M 1m57s
 38050K .......... .......... .......... .......... .......... 25%  849K 1m57s
 38100K .......... .......... .......... .......... .......... 25% 1.43M 1m57s
 38150K .......... .......... .......... .......... .......... 25% 1.77M 1m57s
 38200K .......... .......... .......... .......... .......... 25%  548K 1m57s
 38250K .......... .......... .......... .......... .......... 25% 1.27M 1m57s
 38300K .......... .......... .......... .......... .......... 25% 4.11M 1m56s
 38350K .......... .......... .......... .......... .......... 25% 2.82M 1m56s
 38400K .......... .......... .......... .......... .......... 25% 2.01M 1m56s
 38450K .......... .......... .......... .......... .......... 25% 1.41M 1m56s
 38500K .......... .......... .......... .......... .......... 25%  952K 1m56s
 38550K .......... .......... .......... .......... .......... 25% 2.20M 1m56s
 38600K .......... .......... .......... .......... .......... 25% 2.05M 1m56s
 38650K .......... .......... .......... .......... .......... 25% 2.82M 1m56s
 38700K .......... .......... .......... .......... .......... 25% 1001K 1m56s
 38750K .......... .......... .......... .......... .......... 25% 1.21M 1m55s
 38800K .......... .......... .......... .......... .......... 25% 1.61M 1m55s
 38850K .......... .......... .......... .......... .......... 25% 1.01M 1m55s
 38900K .......... .......... .......... .......... .......... 25% 1.57M 1m55s
 38950K .......... .......... .......... .......... .......... 25% 2.49M 1m55s
 39000K .......... .......... .......... .......... .......... 25% 1.81M 1m55s
 39050K .......... .......... .......... .......... .......... 25% 1.48M 1m55s
 39100K .......... .......... .......... .......... .......... 25% 1.16M 1m55s
 39150K .......... .......... .......... .......... .......... 25% 1.05M 1m55s
 39200K .......... .......... .......... .......... .......... 25%  849K 1m55s
 39250K .......... .......... .......... .......... .......... 25%  992K 1m55s
 39300K .......... .......... .......... .......... .......... 25% 2.58M 1m54s
 39350K .......... .......... .......... .......... .......... 25% 1.91M 1m54s
 39400K .......... .......... .......... .......... .......... 25% 2.37M 1m54s
 39450K .......... .......... .......... .......... .......... 26% 1.20M 1m54s
 39500K .......... .......... .......... .......... .......... 26% 1.26M 1m54s
 39550K .......... .......... .......... .......... .......... 26% 1.32M 1m54s
 39600K .......... .......... .......... .......... .......... 26%  839K 1m54s
 39650K .......... .......... .......... .......... .......... 26%  963K 1m54s
 39700K .......... .......... .......... .......... .......... 26%  754K 1m54s
 39750K .......... .......... .......... .......... .......... 26% 1.39M 1m54s
 39800K .......... .......... .......... .......... .......... 26%  580K 1m54s
 39850K .......... .......... .......... .......... .......... 26% 1.31M 1m54s
 39900K .......... .......... .......... .......... .......... 26% 1.08M 1m54s
 39950K .......... .......... .......... .......... .......... 26%  760K 1m54s
 40000K .......... .......... .......... .......... .......... 26% 1.17M 1m54s
 40050K .......... .......... .......... .......... .......... 26% 2.88M 1m53s
 40100K .......... .......... .......... .......... .......... 26% 1.10M 1m53s
 40150K .......... .......... .......... .......... .......... 26% 1.81M 1m53s
 40200K .......... .......... .......... .......... .......... 26% 1.54M 1m53s
 40250K .......... .......... .......... .......... .......... 26% 1.56M 1m53s
 40300K .......... .......... .......... .......... .......... 26% 2.21M 1m53s
 40350K .......... .......... .......... .......... .......... 26%  768K 1m53s
 40400K .......... .......... .......... .......... .......... 26% 1.68M 1m53s
 40450K .......... .......... .......... .......... .......... 26% 1.70M 1m53s
 40500K .......... .......... .......... .......... .......... 26% 1.60M 1m53s
 40550K .......... .......... .......... .......... .......... 26% 1.35M 1m52s
 40600K .......... .......... .......... .......... .......... 26% 3.07M 1m52s
 40650K .......... .......... .......... .......... .......... 26% 1.42M 1m52s
 40700K .......... .......... .......... .......... .......... 26% 1.06M 1m52s
 40750K .......... .......... .......... .......... .......... 26%  775K 1m52s
 40800K .......... .......... .......... .......... .......... 26% 3.24M 1m52s
 40850K .......... .......... .......... .......... .......... 26%  669K 1m52s
 40900K .......... .......... .......... .......... .......... 26% 1012K 1m52s
 40950K .......... .......... .......... .......... .......... 26% 1.18M 1m52s
 41000K .......... .......... .......... .......... .......... 27%  941K 1m52s
 41050K .......... .......... .......... .......... .......... 27%  871K 1m52s
 41100K .......... .......... .......... .......... .......... 27% 1.50M 1m52s
 41150K .......... .......... .......... .......... .......... 27% 2.70M 1m52s
 41200K .......... .......... .......... .......... .......... 27% 1.00M 1m52s
 41250K .......... .......... .......... .......... .......... 27% 2.35M 1m51s
 41300K .......... .......... .......... .......... .......... 27% 2.18M 1m51s
 41350K .......... .......... .......... .......... .......... 27%  839K 1m51s
 41400K .......... .......... .......... .......... .......... 27% 1.54M 1m51s
 41450K .......... .......... .......... .......... .......... 27% 1.27M 1m51s
 41500K .......... .......... .......... .......... .......... 27% 2.01M 1m51s
 41550K .......... .......... .......... .......... .......... 27% 2.39M 1m51s
 41600K .......... .......... .......... .......... .......... 27% 2.72M 1m51s
 41650K .......... .......... .......... .......... .......... 27% 1.86M 1m51s
 41700K .......... .......... .......... .......... .......... 27% 1.56M 1m50s
 41750K .......... .......... .......... .......... .......... 27% 3.85M 1m50s
 41800K .......... .......... .......... .......... .......... 27% 1.52M 1m50s
 41850K .......... .......... .......... .......... .......... 27% 2.11M 1m50s
 41900K .......... .......... .......... .......... .......... 27% 1.11M 1m50s
 41950K .......... .......... .......... .......... .......... 27% 1.21M 1m50s
 42000K .......... .......... .......... .......... .......... 27% 1.27M 1m50s
 42050K .......... .......... .......... .......... .......... 27% 1.01M 1m50s
 42100K .......... .......... .......... .......... .......... 27% 3.52M 1m50s
 42150K .......... .......... .......... .......... .......... 27% 1.81M 1m50s
 42200K .......... .......... .......... .......... .......... 27% 1.04M 1m50s
 42250K .......... .......... .......... .......... .......... 27% 1.13M 1m49s
 42300K .......... .......... .......... .......... .......... 27%  757K 1m49s
 42350K .......... .......... .......... .......... .......... 27% 2.24M 1m49s
 42400K .......... .......... .......... .......... .......... 27% 1.30M 1m49s
 42450K .......... .......... .......... .......... .......... 27% 3.46M 1m49s
 42500K .......... .......... .......... .......... .......... 28% 1.03M 1m49s
 42550K .......... .......... .......... .......... .......... 28%  222K 1m49s
 42600K .......... .......... .......... .......... .......... 28%  173M 1m49s
 42650K .......... .......... .......... .......... .......... 28% 3.07M 1m49s
 42700K .......... .......... .......... .......... .......... 28% 1.23M 1m49s
 42750K .......... .......... .......... .......... .......... 28%  964K 1m49s
 42800K .......... .......... .......... .......... .......... 28% 1.82M 1m49s
 42850K .......... .......... .......... .......... .......... 28% 1.42M 1m49s
 42900K .......... .......... .......... .......... .......... 28% 1.44M 1m49s
 42950K .......... .......... .......... .......... .......... 28% 1.26M 1m49s
 43000K .......... .......... .......... .......... .......... 28%  789K 1m49s
 43050K .......... .......... .......... .......... .......... 28% 2.27M 1m49s
 43100K .......... .......... .......... .......... .......... 28% 1.35M 1m48s
 43150K .......... .......... .......... .......... .......... 28% 1.12M 1m48s
 43200K .......... .......... .......... .......... .......... 28% 1.81M 1m48s
 43250K .......... .......... .......... .......... .......... 28% 1.12M 1m48s
 43300K .......... .......... .......... .......... .......... 28%  536K 1m48s
 43350K .......... .......... .......... .......... .......... 28% 1.67M 1m48s
 43400K .......... .......... .......... .......... .......... 28% 2.63M 1m48s
 43450K .......... .......... .......... .......... .......... 28% 1.52M 1m48s
 43500K .......... .......... .......... .......... .......... 28%  871K 1m48s
 43550K .......... .......... .......... .......... .......... 28% 2.30M 1m48s
 43600K .......... .......... .......... .......... .......... 28% 1.07M 1m48s
 43650K .......... .......... .......... .......... .......... 28% 2.27M 1m48s
 43700K .......... .......... .......... .......... .......... 28% 1.81M 1m47s
 43750K .......... .......... .......... .......... .......... 28% 1.99M 1m47s
 43800K .......... .......... .......... .......... .......... 28% 2.27M 1m47s
 43850K .......... .......... .......... .......... .......... 28% 1.01M 1m47s
 43900K .......... .......... .......... .......... .......... 28% 1.46M 1m47s
 43950K .......... .......... .......... .......... .......... 28%  588K 1m47s
 44000K .......... .......... .......... .......... .......... 29% 3.36M 1m47s
 44050K .......... .......... .......... .......... .......... 29%  998K 1m47s
 44100K .......... .......... .......... .......... .......... 29% 1.27M 1m47s
 44150K .......... .......... .......... .......... .......... 29% 1.67M 1m47s
 44200K .......... .......... .......... .......... .......... 29% 1.04M 1m47s
 44250K .......... .......... .......... .......... .......... 29%  565K 1m47s
 44300K .......... .......... .......... .......... .......... 29% 1.45M 1m47s
 44350K .......... .......... .......... .......... .......... 29% 1.09M 1m47s
 44400K .......... .......... .......... .......... .......... 29%  791K 1m47s
 44450K .......... .......... .......... .......... .......... 29% 3.47M 1m46s
 44500K .......... .......... .......... .......... .......... 29%  387K 1m47s
 44550K .......... .......... .......... .......... .......... 29%  162M 1m46s
 44600K .......... .......... .......... .......... .......... 29% 2.10M 1m46s
 44650K .......... .......... .......... .......... .......... 29% 3.36M 1m46s
 44700K .......... .......... .......... .......... .......... 29% 1.25M 1m46s
 44750K .......... .......... .......... .......... .......... 29% 1.28M 1m46s
 44800K .......... .......... .......... .......... .......... 29% 2.54M 1m46s
 44850K .......... .......... .......... .......... .......... 29% 2.02M 1m46s
 44900K .......... .......... .......... .......... .......... 29% 1.63M 1m46s
 44950K .......... .......... .......... .......... .......... 29%  299K 1m46s
 45000K .......... .......... .......... .......... .......... 29%  142M 1m46s
 45050K .......... .......... .......... .......... .......... 29% 1.95M 1m46s
 45100K .......... .......... .......... .......... .......... 29% 3.07M 1m46s
 45150K .......... .......... .......... .......... .......... 29% 1.12M 1m45s
 45200K .......... .......... .......... .......... .......... 29% 1.55M 1m45s
 45250K .......... .......... .......... .......... .......... 29% 2.24M 1m45s
 45300K .......... .......... .......... .......... .......... 29%  276K 1m46s
 45350K .......... .......... .......... .......... .......... 29% 2.15M 1m45s
 45400K .......... .......... .......... .......... .......... 29% 2.11M 1m45s
 45450K .......... .......... .......... .......... .......... 29%  356K 1m45s
 45500K .......... .......... .......... .......... .......... 29% 2.85M 1m45s
 45550K .......... .......... .......... .......... .......... 30% 1.28M 1m45s
 45600K .......... .......... .......... .......... .......... 30%  850K 1m45s
 45650K .......... .......... .......... .......... .......... 30%  961K 1m45s
 45700K .......... .......... .......... .......... .......... 30%  580K 1m45s
 45750K .......... .......... .......... .......... .......... 30% 1.17M 1m45s
 45800K .......... .......... .......... .......... .......... 30% 1.57M 1m45s
 45850K .......... .......... .......... .......... .......... 30%  599K 1m45s
 45900K .......... .......... .......... .......... .......... 30%  747K 1m45s
 45950K .......... .......... .......... .......... .......... 30%  956K 1m45s
 46000K .......... .......... .......... .......... .......... 30% 1.15M 1m45s
 46050K .......... .......... .......... .......... .......... 30%  635K 1m45s
 46100K .......... .......... .......... .......... .......... 30% 1.86M 1m45s
 46150K .......... .......... .......... .......... .......... 30%  604K 1m45s
 46200K .......... .......... .......... .......... .......... 30% 1.40M 1m45s
 46250K .......... .......... .......... .......... .......... 30% 2.66M 1m45s
 46300K .......... .......... .......... .......... .......... 30%  754K 1m45s
 46350K .......... .......... .......... .......... .......... 30%  940K 1m45s
 46400K .......... .......... .......... .......... .......... 30% 1.33M 1m45s
 46450K .......... .......... .......... .......... .......... 30% 1.26M 1m45s
 46500K .......... .......... .......... .......... .......... 30%  823K 1m44s
 46550K .......... .......... .......... .......... .......... 30% 1.72M 1m44s
 46600K .......... .......... .......... .......... .......... 30%  369K 1m45s
 46650K .......... .......... .......... .......... .......... 30% 34.8M 1m44s
 46700K .......... .......... .......... .......... .......... 30% 2.56M 1m44s
 46750K .......... .......... .......... .......... .......... 30% 2.23M 1m44s
 46800K .......... .......... .......... .......... .......... 30% 1.39M 1m44s
 46850K .......... .......... .......... .......... .......... 30% 1.99M 1m44s
 46900K .......... .......... .......... .......... .......... 30% 1.15M 1m44s
 46950K .......... .......... .......... .......... .......... 30% 2.44M 1m44s
 47000K .......... .......... .......... .......... .......... 30% 2.08M 1m44s
 47050K .......... .......... .......... .......... .......... 31% 2.47M 1m44s
 47100K .......... .......... .......... .......... .......... 31%  508K 1m44s
 47150K .......... .......... .......... .......... .......... 31% 2.37M 1m44s
 47200K .......... .......... .......... .......... .......... 31% 1008K 1m43s
 47250K .......... .......... .......... .......... .......... 31% 2.36M 1m43s
 47300K .......... .......... .......... .......... .......... 31% 1.20M 1m43s
 47350K .......... .......... .......... .......... .......... 31% 4.71M 1m43s
 47400K .......... .......... .......... .......... .......... 31%  904K 1m43s
 47450K .......... .......... .......... .......... .......... 31% 1.16M 1m43s
 47500K .......... .......... .......... .......... .......... 31% 1.97M 1m43s
 47550K .......... .......... .......... .......... .......... 31% 1.18M 1m43s
 47600K .......... .......... .......... .......... .......... 31%  815K 1m43s
 47650K .......... .......... .......... .......... .......... 31% 1.82M 1m43s
 47700K .......... .......... .......... .......... .......... 31% 1.40M 1m43s
 47750K .......... .......... .......... .......... .......... 31% 2.23M 1m43s
 47800K .......... .......... .......... .......... .......... 31%  726K 1m43s
 47850K .......... .......... .......... .......... .......... 31% 1.04M 1m42s
 47900K .......... .......... .......... .......... .......... 31%  982K 1m42s
 47950K .......... .......... .......... .......... .......... 31% 1.15M 1m42s
 48000K .......... .......... .......... .......... .......... 31%  942K 1m42s
 48050K .......... .......... .......... .......... .......... 31%  986K 1m42s
 48100K .......... .......... .......... .......... .......... 31% 1.58M 1m42s
 48150K .......... .......... .......... .......... .......... 31%  372K 1m42s
 48200K .......... .......... .......... .......... .......... 31% 1.02M 1m42s
 48250K .......... .......... .......... .......... .......... 31%  895K 1m42s
 48300K .......... .......... .......... .......... .......... 31% 1.30M 1m42s
 48350K .......... .......... .......... .......... .......... 31% 1.20M 1m42s
 48400K .......... .......... .......... .......... .......... 31% 1.87M 1m42s
 48450K .......... .......... .......... .......... .......... 31% 1.15M 1m42s
 48500K .......... .......... .......... .......... .......... 31% 1.10M 1m42s
 48550K .......... .......... .......... .......... .......... 31%  734K 1m42s
 48600K .......... .......... .......... .......... .......... 32% 1.12M 1m42s
 48650K .......... .......... .......... .......... .......... 32%  988K 1m42s
 48700K .......... .......... .......... .......... .......... 32% 1.34M 1m42s
 48750K .......... .......... .......... .......... .......... 32% 1.06M 1m42s
 48800K .......... .......... .......... .......... .......... 32% 1.54M 1m42s
 48850K .......... .......... .......... .......... .......... 32%  973K 1m42s
 48900K .......... .......... .......... .......... .......... 32% 1.98M 1m41s
 48950K .......... .......... .......... .......... .......... 32% 2.71M 1m41s
 49000K .......... .......... .......... .......... .......... 32%  895K 1m41s
 49050K .......... .......... .......... .......... .......... 32% 2.91M 1m41s
 49100K .......... .......... .......... .......... .......... 32% 1.28M 1m41s
 49150K .......... .......... .......... .......... .......... 32% 1.36M 1m41s
 49200K .......... .......... .......... .......... .......... 32% 1.21M 1m41s
 49250K .......... .......... .......... .......... .......... 32% 1.11M 1m41s
 49300K .......... .......... .......... .......... .......... 32% 1.89M 1m41s
 49350K .......... .......... .......... .......... .......... 32% 1.77M 1m41s
 49400K .......... .......... .......... .......... .......... 32%  832K 1m41s
 49450K .......... .......... .......... .......... .......... 32%  320K 1m41s
 49500K .......... .......... .......... .......... .......... 32% 1.22M 1m41s
 49550K .......... .......... .......... .......... .......... 32% 3.83M 1m41s
 49600K .......... .......... .......... .......... .......... 32%  356K 1m41s
 49650K .......... .......... .......... .......... .......... 32% 1.02M 1m41s
 49700K .......... .......... .......... .......... .......... 32% 2.76M 1m41s
 49750K .......... .......... .......... .......... .......... 32%  756K 1m41s
 49800K .......... .......... .......... .......... .......... 32% 1.51M 1m41s
 49850K .......... .......... .......... .......... .......... 32%  555K 1m41s
 49900K .......... .......... .......... .......... .......... 32% 1.29M 1m40s
 49950K .......... .......... .......... .......... .......... 32%  654K 1m40s
 50000K .......... .......... .......... .......... .......... 32%  459K 1m41s
 50050K .......... .......... .......... .......... .......... 32%  720K 1m41s
 50100K .......... .......... .......... .......... .......... 33% 1.56M 1m40s
 50150K .......... .......... .......... .......... .......... 33% 1023K 1m40s
 50200K .......... .......... .......... .......... .......... 33%  982K 1m40s
 50250K .......... .......... .......... .......... .......... 33% 1.45M 1m40s
 50300K .......... .......... .......... .......... .......... 33% 1.33M 1m40s
 50350K .......... .......... .......... .......... .......... 33% 1.10M 1m40s
 50400K .......... .......... .......... .......... .......... 33% 1.29M 1m40s
 50450K .......... .......... .......... .......... .......... 33% 1.26M 1m40s
 50500K .......... .......... .......... .......... .......... 33% 1.09M 1m40s
 50550K .......... .......... .......... .......... .......... 33% 1.55M 1m40s
 50600K .......... .......... .......... .......... .......... 33% 1.06M 1m40s
 50650K .......... .......... .......... .......... .......... 33%  985K 1m40s
 50700K .......... .......... .......... .......... .......... 33% 1.61M 1m40s
 50750K .......... .......... .......... .......... .......... 33% 1.64M 1m40s
 50800K .......... .......... .......... .......... .......... 33% 1019K 1m40s
 50850K .......... .......... .......... .......... .......... 33% 1.50M 99s
 50900K .......... .......... .......... .......... .......... 33%  628K 99s
 50950K .......... .......... .......... .......... .......... 33% 1.10M 99s
 51000K .......... .......... .......... .......... .......... 33% 1.16M 99s
 51050K .......... .......... .......... .......... .......... 33%  453K 99s
 51100K .......... .......... .......... .......... .......... 33% 1.54M 99s
 51150K .......... .......... .......... .......... .......... 33% 1016K 99s
 51200K .......... .......... .......... .......... .......... 33% 1.37M 99s
 51250K .......... .......... .......... .......... .......... 33%  624K 99s
 51300K .......... .......... .......... .......... .......... 33%  294K 99s
 51350K .......... .......... .......... .......... .......... 33%  175M 99s
 51400K .......... .......... .......... .......... .......... 33%  918K 99s
 51450K .......... .......... .......... .......... .......... 33%  718K 99s
 51500K .......... .......... .......... .......... .......... 33%  658K 99s
 51550K .......... .......... .......... .......... .......... 33% 1.21M 99s
 51600K .......... .......... .......... .......... .......... 34% 1.93M 99s
 51650K .......... .......... .......... .......... .......... 34%  975K 99s
 51700K .......... .......... .......... .......... .......... 34%  778K 99s
 51750K .......... .......... .......... .......... .......... 34%  657K 99s
 51800K .......... .......... .......... .......... .......... 34%  590K 99s
 51850K .......... .......... .......... .......... .......... 34% 1.08M 99s
 51900K .......... .......... .......... .......... .......... 34% 1.33M 99s
 51950K .......... .......... .......... .......... .......... 34%  997K 99s
 52000K .......... .......... .......... .......... .......... 34%  916K 99s
 52050K .......... .......... .......... .......... .......... 34% 1.33M 99s
 52100K .......... .......... .......... .......... .......... 34%  677K 99s
 52150K .......... .......... .......... .......... .......... 34%  916K 99s
 52200K .......... .......... .......... .......... .......... 34% 1013K 99s
 52250K .......... .......... .......... .......... .......... 34%  937K 99s
 52300K .......... .......... .......... .......... .......... 34%  535K 99s
 52350K .......... .......... .......... .......... .......... 34% 1.27M 99s
 52400K .......... .......... .......... .......... .......... 34% 1.77M 98s
 52450K .......... .......... .......... .......... .......... 34% 1.86M 98s
 52500K .......... .......... .......... .......... .......... 34% 1.21M 98s
 52550K .......... .......... .......... .......... .......... 34% 1.23M 98s
 52600K .......... .......... .......... .......... .......... 34%  838K 98s
 52650K .......... .......... .......... .......... .......... 34% 1.31M 98s
 52700K .......... .......... .......... .......... .......... 34% 1.28M 98s
 52750K .......... .......... .......... .......... .......... 34%  645K 98s
 52800K .......... .......... .......... .......... .......... 34% 1.03M 98s
 52850K .......... .......... .......... .......... .......... 34%  675K 98s
 52900K .......... .......... .......... .......... .......... 34% 2.20M 98s
 52950K .......... .......... .......... .......... .......... 34%  782K 98s
 53000K .......... .......... .......... .......... .......... 34% 1.38M 98s
 53050K .......... .......... .......... .......... .......... 34% 1.92M 98s
 53100K .......... .......... .......... .......... .......... 34% 1.04M 98s
 53150K .......... .......... .......... .......... .......... 35% 1.03M 98s
 53200K .......... .......... .......... .......... .......... 35%  748K 98s
 53250K .......... .......... .......... .......... .......... 35% 4.51M 97s
 53300K .......... .......... .......... .......... .......... 35%  344K 98s
 53350K .......... .......... .......... .......... .......... 35% 1.50M 97s
 53400K .......... .......... .......... .......... .......... 35%  773K 97s
 53450K .......... .......... .......... .......... .......... 35% 1.13M 97s
 53500K .......... .......... .......... .......... .......... 35%  586K 97s
 53550K .......... .......... .......... .......... .......... 35% 1.35M 97s
 53600K .......... .......... .......... .......... .......... 35% 1.26M 97s
 53650K .......... .......... .......... .......... .......... 35% 1.63M 97s
 53700K .......... .......... .......... .......... .......... 35% 1.55M 97s
 53750K .......... .......... .......... .......... .......... 35% 1.39M 97s
 53800K .......... .......... .......... .......... .......... 35% 1.29M 97s
 53850K .......... .......... .......... .......... .......... 35% 1.73M 97s
 53900K .......... .......... .......... .......... .......... 35% 1.64M 97s
 53950K .......... .......... .......... .......... .......... 35%  843K 97s
 54000K .......... .......... .......... .......... .......... 35% 1011K 97s
 54050K .......... .......... .......... .......... .......... 35% 1.85M 97s
 54100K .......... .......... .......... .......... .......... 35%  943K 97s
 54150K .......... .......... .......... .......... .......... 35%  464K 97s
 54200K .......... .......... .......... .......... .......... 35% 2.26M 97s
 54250K .......... .......... .......... .......... .......... 35% 1.06M 96s
 54300K .......... .......... .......... .......... .......... 35% 1.71M 96s
 54350K .......... .......... .......... .......... .......... 35% 1.30M 96s
 54400K .......... .......... .......... .......... .......... 35%  361K 96s
 54450K .......... .......... .......... .......... .......... 35%  145M 96s
 54500K .......... .......... .......... .......... .......... 35%  168M 96s
 54550K .......... .......... .......... .......... .......... 35%  827K 96s
 54600K .......... .......... .......... .......... .......... 35% 1.31M 96s
 54650K .......... .......... .......... .......... .......... 36%  843K 96s
 54700K .......... .......... .......... .......... .......... 36%  731K 96s
 54750K .......... .......... .......... .......... .......... 36% 1.79M 96s
 54800K .......... .......... .......... .......... .......... 36% 1.07M 96s
 54850K .......... .......... .......... .......... .......... 36%  307K 96s
 54900K .......... .......... .......... .......... .......... 36%  122M 96s
 54950K .......... .......... .......... .......... .......... 36% 1.02M 96s
 55000K .......... .......... .......... .......... .......... 36% 1.35M 96s
 55050K .......... .......... .......... .......... .......... 36% 1.43M 96s
 55100K .......... .......... .......... .......... .......... 36% 1.86M 96s
 55150K .......... .......... .......... .......... .......... 36%  930K 96s
 55200K .......... .......... .......... .......... .......... 36%  504K 96s
 55250K .......... .......... .......... .......... .......... 36%  972K 96s
 55300K .......... .......... .......... .......... .......... 36%  290K 96s
 55350K .......... .......... .......... .......... .......... 36%  654K 96s
 55400K .......... .......... .......... .......... .......... 36%  812K 96s
 55450K .......... .......... .......... .......... .......... 36% 1.16M 96s
 55500K .......... .......... .......... .......... .......... 36%  901K 96s
 55550K .......... .......... .......... .......... .......... 36% 1.57M 95s
 55600K .......... .......... .......... .......... .......... 36% 1.50M 95s
 55650K .......... .......... .......... .......... .......... 36%  882K 95s
 55700K .......... .......... .......... .......... .......... 36%  811K 95s
 55750K .......... .......... .......... .......... .......... 36%  975K 95s
 55800K .......... .......... .......... .......... .......... 36%  754K 95s
 55850K .......... .......... .......... .......... .......... 36%  866K 95s
 55900K .......... .......... .......... .......... .......... 36% 1.11M 95s
 55950K .......... .......... .......... .......... .......... 36% 1.48M 95s
 56000K .......... .......... .......... .......... .......... 36%  621K 95s
 56050K .......... .......... .......... .......... .......... 36% 1.67M 95s
 56100K .......... .......... .......... .......... .......... 36%  740K 95s
 56150K .......... .......... .......... .......... .......... 37%  734K 95s
 56200K .......... .......... .......... .......... .......... 37%  901K 95s
 56250K .......... .......... .......... .......... .......... 37% 1.02M 95s
 56300K .......... .......... .......... .......... .......... 37% 1.50M 95s
 56350K .......... .......... .......... .......... .......... 37% 1.77M 95s
 56400K .......... .......... .......... .......... .......... 37% 1.02M 95s
 56450K .......... .......... .......... .......... .......... 37%  962K 95s
 56500K .......... .......... .......... .......... .......... 37% 1.23M 95s
 56550K .......... .......... .......... .......... .......... 37% 1.43M 94s
 56600K .......... .......... .......... .......... .......... 37% 1.49M 94s
 56650K .......... .......... .......... .......... .......... 37%  752K 94s
 56700K .......... .......... .......... .......... .......... 37% 1.09M 94s
 56750K .......... .......... .......... .......... .......... 37%  914K 94s
 56800K .......... .......... .......... .......... .......... 37%  810K 94s
 56850K .......... .......... .......... .......... .......... 37% 1.12M 94s
 56900K .......... .......... .......... .......... .......... 37% 1.43M 94s
 56950K .......... .......... .......... .......... .......... 37%  584K 94s
 57000K .......... .......... .......... .......... .......... 37%  995K 94s
 57050K .......... .......... .......... .......... .......... 37% 2.29M 94s
 57100K .......... .......... .......... .......... .......... 37%  717K 94s
 57150K .......... .......... .......... .......... .......... 37%  191K 94s
 57200K .......... .......... .......... .......... .......... 37%  146M 94s
 57250K .......... .......... .......... .......... .......... 37% 4.80M 94s
 57300K .......... .......... .......... .......... .......... 37% 1.00M 94s
 57350K .......... .......... .......... .......... .......... 37% 1.95M 94s
 57400K .......... .......... .......... .......... .......... 37% 1.05M 94s
 57450K .......... .......... .......... .......... .......... 37% 2.11M 94s
 57500K .......... .......... .......... .......... .......... 37% 1.48M 94s
 57550K .......... .......... .......... .......... .......... 37% 1.71M 94s
 57600K .......... .......... .......... .......... .......... 37% 1.17M 94s
 57650K .......... .......... .......... .......... .......... 37% 1.47M 93s
 57700K .......... .......... .......... .......... .......... 38% 1.35M 93s
 57750K .......... .......... .......... .......... .......... 38%  358K 93s
 57800K .......... .......... .......... .......... .......... 38% 1.06M 93s
 57850K .......... .......... .......... .......... .......... 38% 1.35M 93s
 57900K .......... .......... .......... .......... .......... 38% 1.06M 93s
 57950K .......... .......... .......... .......... .......... 38%  618K 93s
 58000K .......... .......... .......... .......... .......... 38% 1.20M 93s
 58050K .......... .......... .......... .......... .......... 38% 2.63M 93s
 58100K .......... .......... .......... .......... .......... 38%  894K 93s
 58150K .......... .......... .......... .......... .......... 38%  859K 93s
 58200K .......... .......... .......... .......... .......... 38% 1.20M 93s
 58250K .......... .......... .......... .......... .......... 38% 1.07M 93s
 58300K .......... .......... .......... .......... .......... 38% 1.35M 93s
 58350K .......... .......... .......... .......... .......... 38%  669K 93s
 58400K .......... .......... .......... .......... .......... 38% 2.68M 93s
 58450K .......... .......... .......... .......... .......... 38% 1.09M 93s
 58500K .......... .......... .......... .......... .......... 38% 1.93M 93s
 58550K .......... .......... .......... .......... .......... 38% 1.94M 93s
 58600K .......... .......... .......... .......... .......... 38% 1.07M 92s
 58650K .......... .......... .......... .......... .......... 38% 1006K 92s
 58700K .......... .......... .......... .......... .......... 38%  868K 92s
 58750K .......... .......... .......... .......... .......... 38% 1019K 92s
 58800K .......... .......... .......... .......... .......... 38%  628K 92s
 58850K .......... .......... .......... .......... .......... 38%  769K 92s
 58900K .......... .......... .......... .......... .......... 38% 1.15M 92s
 58950K .......... .......... .......... .......... .......... 38% 5.75M 92s
 59000K .......... .......... .......... .......... .......... 38%  936K 92s
 59050K .......... .......... .......... .......... .......... 38%  890K 92s
 59100K .......... .......... .......... .......... .......... 38%  299K 92s
 59150K .......... .......... .......... .......... .......... 38%  132M 92s
 59200K .......... .......... .......... .......... .......... 39%  169M 92s
 59250K .......... .......... .......... .......... .......... 39%  142K 92s
 59300K .......... .......... .......... .......... .......... 39% 4.06M 92s
 59350K .......... .......... .......... .......... .......... 39%  452K 92s
 59400K .......... .......... .......... .......... .......... 39% 1.96M 92s
 59450K .......... .......... .......... .......... .......... 39%  933K 92s
 59500K .......... .......... .......... .......... .......... 39%  366K 92s
 59550K .......... .......... .......... .......... .......... 39%  102M 92s
 59600K .......... .......... .......... .......... .......... 39% 1.80M 92s
 59650K .......... .......... .......... .......... .......... 39% 2.08M 92s
 59700K .......... .......... .......... .......... .......... 39%  928K 92s
 59750K .......... .......... .......... .......... .......... 39% 2.13M 92s
 59800K .......... .......... .......... .......... .......... 39% 2.88M 92s
 59850K .......... .......... .......... .......... .......... 39%  800K 92s
 59900K .......... .......... .......... .......... .......... 39% 1.25M 92s
 59950K .......... .......... .......... .......... .......... 39% 1.82M 91s
 60000K .......... .......... .......... .......... .......... 39% 1.08M 91s
 60050K .......... .......... .......... .......... .......... 39% 2.25M 91s
 60100K .......... .......... .......... .......... .......... 39%  965K 91s
 60150K .......... .......... .......... .......... .......... 39% 1.13M 91s
 60200K .......... .......... .......... .......... .......... 39% 1.77M 91s
 60250K .......... .......... .......... .......... .......... 39% 2.16M 91s
 60300K .......... .......... .......... .......... .......... 39% 2.53M 91s
 60350K .......... .......... .......... .......... .......... 39% 1.15M 91s
 60400K .......... .......... .......... .......... .......... 39% 1.37M 91s
 60450K .......... .......... .......... .......... .......... 39% 1.53M 91s
 60500K .......... .......... .......... .......... .......... 39%  913K 91s
 60550K .......... .......... .......... .......... .......... 39% 1.40M 91s
 60600K .......... .......... .......... .......... .......... 39% 2.27M 91s
 60650K .......... .......... .......... .......... .......... 39% 2.77M 90s
 60700K .......... .......... .......... .......... .......... 39% 1.18M 90s
 60750K .......... .......... .......... .......... .......... 40% 1.62M 90s
 60800K .......... .......... .......... .......... .......... 40%  820K 90s
 60850K .......... .......... .......... .......... .......... 40% 44.1K 92s
 60900K .......... .......... .......... .......... .......... 40% 2.11M 92s
 60950K .......... .......... .......... .......... .......... 40%  766K 92s
 61000K .......... .......... .......... .......... .......... 40% 1.61M 92s
 61050K .......... .......... .......... .......... .......... 40% 1.99M 92s
 61100K .......... .......... .......... .......... .......... 40%  149K 92s
 61150K .......... .......... .......... .......... .......... 40%  118M 92s
 61200K .......... .......... .......... .......... .......... 40%  154M 92s
 61250K .......... .......... .......... .......... .......... 40% 1.28M 92s
 61300K .......... .......... .......... .......... .......... 40% 3.05M 92s
 61350K .......... .......... .......... .......... .......... 40%  323K 92s
 61400K .......... .......... .......... .......... .......... 40% 49.0M 92s
 61450K .......... .......... .......... .......... .......... 40% 5.85M 91s
 61500K .......... .......... .......... .......... .......... 40%  347K 91s
 61550K .......... .......... .......... .......... .......... 40%  121M 91s
 61600K .......... .......... .......... .......... .......... 40%  439K 91s
 61650K .......... .......... .......... .......... .......... 40%  153M 91s
 61700K .......... .......... .......... .......... .......... 40% 1.07M 91s
 61750K .......... .......... .......... .......... .......... 40% 1.28M 91s
 61800K .......... .......... .......... .......... .......... 40%  780K 91s
 61850K .......... .......... .......... .......... .......... 40% 2.81M 91s
 61900K .......... .......... .......... .......... .......... 40%  903K 91s
 61950K .......... .......... .......... .......... .......... 40% 1.25M 91s
 62000K .......... .......... .......... .......... .......... 40% 1.07M 91s
 62050K .......... .......... .......... .......... .......... 40% 2.49M 91s
 62100K .......... .......... .......... .......... .......... 40%  820K 91s
 62150K .......... .......... .......... .......... .......... 40% 1.82M 91s
 62200K .......... .......... .......... .......... .......... 40%  918K 91s
 62250K .......... .......... .......... .......... .......... 41% 1.04M 91s
 62300K .......... .......... .......... .......... .......... 41% 3.46M 90s
 62350K .......... .......... .......... .......... .......... 41% 1.74M 90s
 62400K .......... .......... .......... .......... .......... 41% 1.11M 90s
 62450K .......... .......... .......... .......... .......... 41% 2.25M 90s
 62500K .......... .......... .......... .......... .......... 41%  342K 90s
 62550K .......... .......... .......... .......... .......... 41%  628K 90s
 62600K .......... .......... .......... .......... .......... 41% 2.32M 90s
 62650K .......... .......... .......... .......... .......... 41%  660K 90s
 62700K .......... .......... .......... .......... .......... 41% 1.37M 90s
 62750K .......... .......... .......... .......... .......... 41% 1.49M 90s
 62800K .......... .......... .......... .......... .......... 41% 2.33M 90s
 62850K .......... .......... .......... .......... .......... 41%  541K 90s
 62900K .......... .......... .......... .......... .......... 41%  643K 90s
 62950K .......... .......... .......... .......... .......... 41% 47.7K 91s
 63000K .......... .......... .......... .......... .......... 41% 1.62M 91s
 63050K .......... .......... .......... .......... .......... 41%  805K 91s
 63100K .......... .......... .......... .......... .......... 41%  588K 91s
 63150K .......... .......... .......... .......... .......... 41%  214K 91s
 63200K .......... .......... .......... .......... .......... 41% 1.21M 91s
 63250K .......... .......... .......... .......... .......... 41%  374K 91s
 63300K .......... .......... .......... .......... .......... 41%  409K 91s
 63350K .......... .......... .......... .......... .......... 41%  615K 91s
 63400K .......... .......... .......... .......... .......... 41% 47.3K 93s
 63450K .......... .......... .......... .......... .......... 41%  352K 93s
 63500K .......... .......... .......... .......... .......... 41%  152M 93s
 63550K .......... .......... .......... .......... .......... 41% 1.36M 93s
 63600K .......... .......... .......... .......... .......... 41%  451K 93s
 63650K .......... .......... .......... .......... .......... 41%  137M 93s
 63700K .......... .......... .......... .......... .......... 41% 3.68M 92s
 63750K .......... .......... .......... .......... .......... 42% 1.41M 92s
 63800K .......... .......... .......... .......... .......... 42%  470K 92s
 63850K .......... .......... .......... .......... .......... 42% 1.29M 92s
 63900K .......... .......... .......... .......... .......... 42%  264K 92s
 63950K .......... .......... .......... .......... .......... 42%  138M 92s
 64000K .......... .......... .......... .......... .......... 42% 1.32M 92s
 64050K .......... .......... .......... .......... .......... 42% 1.20M 92s
 64100K .......... .......... .......... .......... .......... 42%  718K 92s
 64150K .......... .......... .......... .......... .......... 42% 2.47M 92s
 64200K .......... .......... .......... .......... .......... 42% 4.36M 92s
 64250K .......... .......... .......... .......... .......... 42%  947K 92s
 64300K .......... .......... .......... .......... .......... 42% 2.68M 92s
 64350K .......... .......... .......... .......... .......... 42% 1.04M 92s
 64400K .......... .......... .......... .......... .......... 42%  638K 92s
 64450K .......... .......... .......... .......... .......... 42% 1.34M 92s
 64500K .......... .......... .......... .......... .......... 42%  742K 92s
 64550K .......... .......... .......... .......... .......... 42% 1.46M 92s
 64600K .......... .......... .......... .......... .......... 42%  964K 91s
 64650K .......... .......... .......... .......... .......... 42% 3.15M 91s
 64700K .......... .......... .......... .......... .......... 42%  848K 91s
 64750K .......... .......... .......... .......... .......... 42% 2.13M 91s
 64800K .......... .......... .......... .......... .......... 42%  871K 91s
 64850K .......... .......... .......... .......... .......... 42%  943K 91s
 64900K .......... .......... .......... .......... .......... 42% 1.01M 91s
 64950K .......... .......... .......... .......... .......... 42% 1.29M 91s
 65000K .......... .......... .......... .......... .......... 42% 3.32M 91s
 65050K .......... .......... .......... .......... .......... 42% 1.35M 91s
 65100K .......... .......... .......... .......... .......... 42% 1.18M 91s
 65150K .......... .......... .......... .......... .......... 42% 1.09M 91s
 65200K .......... .......... .......... .......... .......... 42% 1.02M 91s
 65250K .......... .......... .......... .......... .......... 42% 3.58M 91s
 65300K .......... .......... .......... .......... .......... 43% 1.30M 90s
 65350K .......... .......... .......... .......... .......... 43% 14.6M 90s
 65400K .......... .......... .......... .......... .......... 43%  930K 90s
 65450K .......... .......... .......... .......... .......... 43% 1.69M 90s
 65500K .......... .......... .......... .......... .......... 43% 1.27M 90s
 65550K .......... .......... .......... .......... .......... 43% 1.25M 90s
 65600K .......... .......... .......... .......... .......... 43% 1.43M 90s
 65650K .......... .......... .......... .......... .......... 43% 3.22M 90s
 65700K .......... .......... .......... .......... .......... 43%  838K 90s
 65750K .......... .......... .......... .......... .......... 43% 1.84M 90s
 65800K .......... .......... .......... .......... .......... 43% 2.77M 90s
 65850K .......... .......... .......... .......... .......... 43% 1.00M 90s
 65900K .......... .......... .......... .......... .......... 43% 1.51M 90s
 65950K .......... .......... .......... .......... .......... 43% 2.01M 89s
 66000K .......... .......... .......... .......... .......... 43% 1.69M 89s
 66050K .......... .......... .......... .......... .......... 43% 1.85M 89s
 66100K .......... .......... .......... .......... .......... 43% 2.15M 89s
 66150K .......... .......... .......... .......... .......... 43%  979K 89s
 66200K .......... .......... .......... .......... .......... 43% 6.98M 89s
 66250K .......... .......... .......... .......... .......... 43% 1.58M 89s
 66300K .......... .......... .......... .......... .......... 43% 1.14M 89s
 66350K .......... .......... .......... .......... .......... 43% 1.91M 89s
 66400K .......... .......... .......... .......... .......... 43% 1.27M 89s
 66450K .......... .......... .......... .......... .......... 43%  296K 89s
 66500K .......... .......... .......... .......... .......... 43% 1.21M 89s
 66550K .......... .......... .......... .......... .......... 43%  645K 89s
 66600K .......... .......... .......... .......... .......... 43%  150M 89s
 66650K .......... .......... .......... .......... .......... 43% 2.36M 89s
 66700K .......... .......... .......... .......... .......... 43% 3.11M 88s
 66750K .......... .......... .......... .......... .......... 43% 1.21M 88s
 66800K .......... .......... .......... .......... .......... 44% 1.06M 88s
 66850K .......... .......... .......... .......... .......... 44% 1.17M 88s
 66900K .......... .......... .......... .......... .......... 44%  947K 88s
 66950K .......... .......... .......... .......... .......... 44% 1.48M 88s
 67000K .......... .......... .......... .......... .......... 44% 3.35M 88s
 67050K .......... .......... .......... .......... .......... 44%  675K 88s
 67100K .......... .......... .......... .......... .......... 44% 1.22M 88s
 67150K .......... .......... .......... .......... .......... 44% 1.99M 88s
 67200K .......... .......... .......... .......... .......... 44%  901K 88s
 67250K .......... .......... .......... .......... .......... 44% 1.62M 88s
 67300K .......... .......... .......... .......... .......... 44% 2.13M 88s
 67350K .......... .......... .......... .......... .......... 44% 1.81M 88s
 67400K .......... .......... .......... .......... .......... 44% 1.99M 87s
 67450K .......... .......... .......... .......... .......... 44%  690K 87s
 67500K .......... .......... .......... .......... .......... 44% 1.96M 87s
 67550K .......... .......... .......... .......... .......... 44%  475K 87s
 67600K .......... .......... .......... .......... .......... 44%  133M 87s
 67650K .......... .......... .......... .......... .......... 44% 1.94M 87s
 67700K .......... .......... .......... .......... .......... 44% 2.49M 87s
 67750K .......... .......... .......... .......... .......... 44% 2.32M 87s
 67800K .......... .......... .......... .......... .......... 44% 1.30M 87s
 67850K .......... .......... .......... .......... .......... 44% 1.97M 87s
 67900K .......... .......... .......... .......... .......... 44% 1.35M 87s
 67950K .......... .......... .......... .......... .......... 44% 2.02M 87s
 68000K .......... .......... .......... .......... .......... 44% 1.39M 87s
 68050K .......... .......... .......... .......... .......... 44% 1.36M 87s
 68100K .......... .......... .......... .......... .......... 44%  798K 86s
 68150K .......... .......... .......... .......... .......... 44% 1.02M 86s
 68200K .......... .......... .......... .......... .......... 44% 1.33M 86s
 68250K .......... .......... .......... .......... .......... 44% 1.28M 86s
 68300K .......... .......... .......... .......... .......... 45% 1.58M 86s
 68350K .......... .......... .......... .......... .......... 45% 1.45M 86s
 68400K .......... .......... .......... .......... .......... 45% 1.26M 86s
 68450K .......... .......... .......... .......... .......... 45% 1.11M 86s
 68500K .......... .......... .......... .......... .......... 45% 1.15M 86s
 68550K .......... .......... .......... .......... .......... 45% 2.08M 86s
 68600K .......... .......... .......... .......... .......... 45%  868K 86s
 68650K .......... .......... .......... .......... .......... 45% 1.59M 86s
 68700K .......... .......... .......... .......... .......... 45% 2.40M 86s
 68750K .......... .......... .......... .......... .......... 45% 1.09M 86s
 68800K .......... .......... .......... .......... .......... 45% 1.98M 85s
 68850K .......... .......... .......... .......... .......... 45%  610K 85s
 68900K .......... .......... .......... .......... .......... 45% 1.58M 85s
 68950K .......... .......... .......... .......... .......... 45% 1.20M 85s
 69000K .......... .......... .......... .......... .......... 45% 1.47M 85s
 69050K .......... .......... .......... .......... .......... 45% 1.23M 85s
 69100K .......... .......... .......... .......... .......... 45%  963K 85s
 69150K .......... .......... .......... .......... .......... 45% 1.07M 85s
 69200K .......... .......... .......... .......... .......... 45% 1.59M 85s
 69250K .......... .......... .......... .......... .......... 45%  761K 85s
 69300K .......... .......... .......... .......... .......... 45% 1.42M 85s
 69350K .......... .......... .......... .......... .......... 45% 1.22M 85s
 69400K .......... .......... .......... .......... .......... 45% 1.55M 85s
 69450K .......... .......... .......... .......... .......... 45%  301K 85s
 69500K .......... .......... .......... .......... .......... 45% 48.7M 85s
 69550K .......... .......... .......... .......... .......... 45%  138M 85s
 69600K .......... .......... .......... .......... .......... 45% 1.19M 85s
 69650K .......... .......... .......... .......... .......... 45% 1.72M 84s
 69700K .......... .......... .......... .......... .......... 45% 1.97M 84s
 69750K .......... .......... .......... .......... .......... 45% 2.07M 84s
 69800K .......... .......... .......... .......... .......... 45% 2.49M 84s
 69850K .......... .......... .......... .......... .......... 46% 2.59M 84s
 69900K .......... .......... .......... .......... .......... 46%  820K 84s
 69950K .......... .......... .......... .......... .......... 46%  901K 84s
 70000K .......... .......... .......... .......... .......... 46% 3.50M 84s
 70050K .......... .......... .......... .......... .......... 46% 1.95M 84s
 70100K .......... .......... .......... .......... .......... 46%  820K 84s
 70150K .......... .......... .......... .......... .......... 46% 2.95M 84s
 70200K .......... .......... .......... .......... .......... 46% 2.62M 84s
 70250K .......... .......... .......... .......... .......... 46% 2.04M 84s
 70300K .......... .......... .......... .......... .......... 46%  822K 84s
 70350K .......... .......... .......... .......... .......... 46% 1.18M 83s
 70400K .......... .......... .......... .......... .......... 46%  984K 83s
 70450K .......... .......... .......... .......... .......... 46% 1.43M 83s
 70500K .......... .......... .......... .......... .......... 46% 1.73M 83s
 70550K .......... .......... .......... .......... .......... 46% 1.77M 83s
 70600K .......... .......... .......... .......... .......... 46%  776K 83s
 70650K .......... .......... .......... .......... .......... 46% 1.96M 83s
 70700K .......... .......... .......... .......... .......... 46% 1.26M 83s
 70750K .......... .......... .......... .......... .......... 46%  911K 83s
 70800K .......... .......... .......... .......... .......... 46% 1.45M 83s
 70850K .......... .......... .......... .......... .......... 46% 2.08M 83s
 70900K .......... .......... .......... .......... .......... 46% 1.80M 83s
 70950K .......... .......... .......... .......... .......... 46% 1.09M 83s
 71000K .......... .......... .......... .......... .......... 46%  720K 83s
 71050K .......... .......... .......... .......... .......... 46% 1.37M 83s
 71100K .......... .......... .......... .......... .......... 46% 2.46M 82s
 71150K .......... .......... .......... .......... .......... 46% 2.37M 82s
 71200K .......... .......... .......... .......... .......... 46% 3.05M 82s
 71250K .......... .......... .......... .......... .......... 46% 1.34M 82s
 71300K .......... .......... .......... .......... .......... 46%  975K 82s
 71350K .......... .......... .......... .......... .......... 47% 1.13M 82s
 71400K .......... .......... .......... .......... .......... 47% 1.82M 82s
 71450K .......... .......... .......... .......... .......... 47% 1003K 82s
 71500K .......... .......... .......... .......... .......... 47% 1.27M 82s
 71550K .......... .......... .......... .......... .......... 47% 2.48M 82s
 71600K .......... .......... .......... .......... .......... 47%  547K 82s
 71650K .......... .......... .......... .......... .......... 47%  907K 82s
 71700K .......... .......... .......... .......... .......... 47%  552K 82s
 71750K .......... .......... .......... .......... .......... 47% 1.16M 82s
 71800K .......... .......... .......... .......... .......... 47%  749K 82s
 71850K .......... .......... .......... .......... .......... 47% 1.04M 82s
 71900K .......... .......... .......... .......... .......... 47%  890K 82s
 71950K .......... .......... .......... .......... .......... 47%  432K 82s
 72000K .......... .......... .......... .......... .......... 47% 1.59M 82s
 72050K .......... .......... .......... .......... .......... 47% 1.65M 81s
 72100K .......... .......... .......... .......... .......... 47% 1.09M 81s
 72150K .......... .......... .......... .......... .......... 47% 2.71M 81s
 72200K .......... .......... .......... .......... .......... 47% 1.19M 81s
 72250K .......... .......... .......... .......... .......... 47% 2.53M 81s
 72300K .......... .......... .......... .......... .......... 47% 1.49M 81s
 72350K .......... .......... .......... .......... .......... 47% 1.57M 81s
 72400K .......... .......... .......... .......... .......... 47% 1.32M 81s
 72450K .......... .......... .......... .......... .......... 47% 1.06M 81s
 72500K .......... .......... .......... .......... .......... 47% 1.59M 81s
 72550K .......... .......... .......... .......... .......... 47% 1.51M 81s
 72600K .......... .......... .......... .......... .......... 47% 1.91M 81s
 72650K .......... .......... .......... .......... .......... 47% 1.67M 81s
 72700K .......... .......... .......... .......... .......... 47% 1.26M 81s
 72750K .......... .......... .......... .......... .......... 47% 1.45M 80s
 72800K .......... .......... .......... .......... .......... 47%  939K 80s
 72850K .......... .......... .......... .......... .......... 47%  552K 80s
 72900K .......... .......... .......... .......... .......... 48% 1.28M 80s
 72950K .......... .......... .......... .......... .......... 48%  818K 80s
 73000K .......... .......... .......... .......... .......... 48%  804K 80s
 73050K .......... .......... .......... .......... .......... 48%  539K 80s
 73100K .......... .......... .......... .......... .......... 48% 1.50M 80s
 73150K .......... .......... .......... .......... .......... 48%  936K 80s
 73200K .......... .......... .......... .......... .......... 48%  882K 80s
 73250K .......... .......... .......... .......... .......... 48%  949K 80s
 73300K .......... .......... .......... .......... .......... 48% 1.04M 80s
 73350K .......... .......... .......... .......... .......... 48% 1.40M 80s
 73400K .......... .......... .......... .......... .......... 48%  631K 80s
 73450K .......... .......... .......... .......... .......... 48%  666K 80s
 73500K .......... .......... .......... .......... .......... 48%  968K 80s
 73550K .......... .......... .......... .......... .......... 48%  828K 80s
 73600K .......... .......... .......... .......... .......... 48%  800K 80s
 73650K .......... .......... .......... .......... .......... 48% 1.16M 80s
 73700K .......... .......... .......... .......... .......... 48%  921K 80s
 73750K .......... .......... .......... .......... .......... 48%  796K 80s
 73800K .......... .......... .......... .......... .......... 48% 1.59M 80s
 73850K .......... .......... .......... .......... .......... 48% 1.05M 79s
 73900K .......... .......... .......... .......... .......... 48% 2.32M 79s
 73950K .......... .......... .......... .......... .......... 48%  965K 79s
 74000K .......... .......... .......... .......... .......... 48% 2.20M 79s
 74050K .......... .......... .......... .......... .......... 48% 1.57M 79s
 74100K .......... .......... .......... .......... .......... 48% 3.24M 79s
 74150K .......... .......... .......... .......... .......... 48% 1013K 79s
 74200K .......... .......... .......... .......... .......... 48% 1.31M 79s
 74250K .......... .......... .......... .......... .......... 48%  891K 79s
 74300K .......... .......... .......... .......... .......... 48% 1.03M 79s
 74350K .......... .......... .......... .......... .......... 48% 1.63M 79s
 74400K .......... .......... .......... .......... .......... 49% 1.17M 79s
 74450K .......... .......... .......... .......... .......... 49% 1.09M 79s
 74500K .......... .......... .......... .......... .......... 49%  796K 79s
 74550K .......... .......... .......... .......... .......... 49% 2.87M 79s
 74600K .......... .......... .......... .......... .......... 49%  530K 79s
 74650K .......... .......... .......... .......... .......... 49%  912K 79s
 74700K .......... .......... .......... .......... .......... 49% 1.73M 78s
 74750K .......... .......... .......... .......... .......... 49% 1006K 78s
 74800K .......... .......... .......... .......... .......... 49% 1.22M 78s
 74850K .......... .......... .......... .......... .......... 49% 1.16M 78s
 74900K .......... .......... .......... .......... .......... 49%  603K 78s
 74950K .......... .......... .......... .......... .......... 49% 1.48M 78s
 75000K .......... .......... .......... .......... .......... 49% 1.56M 78s
 75050K .......... .......... .......... .......... .......... 49%  507K 78s
 75100K .......... .......... .......... .......... .......... 49% 2.56M 78s
 75150K .......... .......... .......... .......... .......... 49% 1.51M 78s
 75200K .......... .......... .......... .......... .......... 49% 1.67M 78s
 75250K .......... .......... .......... .......... .......... 49%  632K 78s
 75300K .......... .......... .......... .......... .......... 49% 1.73M 78s
 75350K .......... .......... .......... .......... .......... 49%  960K 78s
 75400K .......... .......... .......... .......... .......... 49% 3.19M 78s
 75450K .......... .......... .......... .......... .......... 49% 1.41M 78s
 75500K .......... .......... .......... .......... .......... 49% 1.68M 78s
 75550K .......... .......... .......... .......... .......... 49% 2.31M 77s
 75600K .......... .......... .......... .......... .......... 49% 1.59M 77s
 75650K .......... .......... .......... .......... .......... 49% 2.97M 77s
 75700K .......... .......... .......... .......... .......... 49% 1.98M 77s
 75750K .......... .......... .......... .......... .......... 49%  607K 77s
 75800K .......... .......... .......... .......... .......... 49% 2.42M 77s
 75850K .......... .......... .......... .......... .......... 49% 1.37M 77s
 75900K .......... .......... .......... .......... .......... 50% 2.02M 77s
 75950K .......... .......... .......... .......... .......... 50% 2.61M 77s
 76000K .......... .......... .......... .......... .......... 50% 1.01M 77s
 76050K .......... .......... .......... .......... .......... 50% 1.17M 77s
 76100K .......... .......... .......... .......... .......... 50%  659K 77s
 76150K .......... .......... .......... .......... .......... 50% 1.67M 77s
 76200K .......... .......... .......... .......... .......... 50%  336K 77s
 76250K .......... .......... .......... .......... .......... 50%  192M 77s
 76300K .......... .......... .......... .......... .......... 50% 1.43M 77s
 76350K .......... .......... .......... .......... .......... 50% 1.91M 76s
 76400K .......... .......... .......... .......... .......... 50% 1.57M 76s
 76450K .......... .......... .......... .......... .......... 50% 2.71M 76s
 76500K .......... .......... .......... .......... .......... 50% 1.58M 76s
 76550K .......... .......... .......... .......... .......... 50% 1.07M 76s
 76600K .......... .......... .......... .......... .......... 50% 1.62M 76s
 76650K .......... .......... .......... .......... .......... 50%  714K 76s
 76700K .......... .......... .......... .......... .......... 50% 1.27M 76s
 76750K .......... .......... .......... .......... .......... 50% 1.64M 76s
 76800K .......... .......... .......... .......... .......... 50%  979K 76s
 76850K .......... .......... .......... .......... .......... 50% 2.44M 76s
 76900K .......... .......... .......... .......... .......... 50% 1003K 76s
 76950K .......... .......... .......... .......... .......... 50% 2.04M 76s
 77000K .......... .......... .......... .......... .......... 50%  398K 76s
 77050K .......... .......... .......... .......... .......... 50%  220M 76s
 77100K .......... .......... .......... .......... .......... 50% 2.71M 76s
 77150K .......... .......... .......... .......... .......... 50%  958K 75s
 77200K .......... .......... .......... .......... .......... 50% 1.20M 75s
 77250K .......... .......... .......... .......... .......... 50%  860K 75s
 77300K .......... .......... .......... .......... .......... 50% 2.15M 75s
 77350K .......... .......... .......... .......... .......... 50% 1019K 75s
 77400K .......... .......... .......... .......... .......... 50%  731K 75s
 77450K .......... .......... .......... .......... .......... 51% 2.74M 75s
 77500K .......... .......... .......... .......... .......... 51% 2.23M 75s
 77550K .......... .......... .......... .......... .......... 51% 1.41M 75s
 77600K .......... .......... .......... .......... .......... 51% 2.98M 75s
 77650K .......... .......... .......... .......... .......... 51%  800K 75s
 77700K .......... .......... .......... .......... .......... 51% 1.35M 75s
 77750K .......... .......... .......... .......... .......... 51%  978K 75s
 77800K .......... .......... .......... .......... .......... 51% 2.78M 75s
 77850K .......... .......... .......... .......... .......... 51% 1.23M 75s
 77900K .......... .......... .......... .......... .......... 51% 3.07M 75s
 77950K .......... .......... .......... .......... .......... 51% 1.43M 74s
 78000K .......... .......... .......... .......... .......... 51% 2.04M 74s
 78050K .......... .......... .......... .......... .......... 51% 1.08M 74s
 78100K .......... .......... .......... .......... .......... 51% 4.05M 74s
 78150K .......... .......... .......... .......... .......... 51% 2.97M 74s
 78200K .......... .......... .......... .......... .......... 51% 1.70M 74s
 78250K .......... .......... .......... .......... .......... 51% 2.94M 74s
 78300K .......... .......... .......... .......... .......... 51%  906K 74s
 78350K .......... .......... .......... .......... .......... 51% 1.41M 74s
 78400K .......... .......... .......... .......... .......... 51%  845K 74s
 78450K .......... .......... .......... .......... .......... 51% 1.25M 74s
 78500K .......... .......... .......... .......... .......... 51% 1.09M 74s
 78550K .......... .......... .......... .......... .......... 51% 1019K 74s
 78600K .......... .......... .......... .......... .......... 51% 1.13M 74s
 78650K .......... .......... .......... .......... .......... 51% 1.11M 74s
 78700K .......... .......... .......... .......... .......... 51% 1001K 74s
 78750K .......... .......... .......... .......... .......... 51% 2.98M 73s
 78800K .......... .......... .......... .......... .......... 51% 2.97M 73s
 78850K .......... .......... .......... .......... .......... 51%  770K 73s
 78900K .......... .......... .......... .......... .......... 51% 2.71M 73s
 78950K .......... .......... .......... .......... .......... 52% 2.56M 73s
 79000K .......... .......... .......... .......... .......... 52%  573K 73s
 79050K .......... .......... .......... .......... .......... 52% 1.30M 73s
 79100K .......... .......... .......... .......... .......... 52% 1.26M 73s
 79150K .......... .......... .......... .......... .......... 52%  798K 73s
 79200K .......... .......... .......... .......... .......... 52% 1.48M 73s
 79250K .......... .......... .......... .......... .......... 52% 1.05M 73s
 79300K .......... .......... .......... .......... .......... 52%  849K 73s
 79350K .......... .......... .......... .......... .......... 52% 2.68M 73s
 79400K .......... .......... .......... .......... .......... 52% 1.34M 73s
 79450K .......... .......... .......... .......... .......... 52% 1.17M 73s
 79500K .......... .......... .......... .......... .......... 52% 1.13M 73s
 79550K .......... .......... .......... .......... .......... 52% 1.16M 73s
 79600K .......... .......... .......... .......... .......... 52% 1.34M 72s
 79650K .......... .......... .......... .......... .......... 52% 1.29M 72s
 79700K .......... .......... .......... .......... .......... 52% 2.97M 72s
 79750K .......... .......... .......... .......... .......... 52% 1.11M 72s
 79800K .......... .......... .......... .......... .......... 52%  750K 72s
 79850K .......... .......... .......... .......... .......... 52% 1.95M 72s
 79900K .......... .......... .......... .......... .......... 52%  883K 72s
 79950K .......... .......... .......... .......... .......... 52% 1.45M 72s
 80000K .......... .......... .......... .......... .......... 52% 1.23M 72s
 80050K .......... .......... .......... .......... .......... 52% 1.23M 72s
 80100K .......... .......... .......... .......... .......... 52%  484K 72s
 80150K .......... .......... .......... .......... .......... 52% 1.64M 72s
 80200K .......... .......... .......... .......... .......... 52% 1.23M 72s
 80250K .......... .......... .......... .......... .......... 52% 1.87M 72s
 80300K .......... .......... .......... .......... .......... 52%  971K 72s
 80350K .......... .......... .......... .......... .......... 52% 1.25M 72s
 80400K .......... .......... .......... .......... .......... 52% 1.87M 72s
 80450K .......... .......... .......... .......... .......... 53% 1.95M 71s
 80500K .......... .......... .......... .......... .......... 53% 1.27M 71s
 80550K .......... .......... .......... .......... .......... 53% 2.49M 71s
 80600K .......... .......... .......... .......... .......... 53% 1.44M 71s
 80650K .......... .......... .......... .......... .......... 53% 1.14M 71s
 80700K .......... .......... .......... .......... .......... 53%  481K 71s
 80750K .......... .......... .......... .......... .......... 53%  642K 71s
 80800K .......... .......... .......... .......... .......... 53% 2.11M 71s
 80850K .......... .......... .......... .......... .......... 53% 2.34M 71s
 80900K .......... .......... .......... .......... .......... 53% 1.98M 71s
 80950K .......... .......... .......... .......... .......... 53% 1.87M 71s
 81000K .......... .......... .......... .......... .......... 53%  589K 71s
 81050K .......... .......... .......... .......... .......... 53% 1.25M 71s
 81100K .......... .......... .......... .......... .......... 53%  913K 71s
 81150K .......... .......... .......... .......... .......... 53% 1.35M 71s
 81200K .......... .......... .......... .......... .......... 53%  501K 71s
 81250K .......... .......... .......... .......... .......... 53% 1.05M 71s
 81300K .......... .......... .......... .......... .......... 53%  124K 71s
 81350K .......... .......... .......... .......... .......... 53% 9.88M 71s
 81400K .......... .......... .......... .......... .......... 53%  150M 71s
 81450K .......... .......... .......... .......... .......... 53% 1000K 71s
 81500K .......... .......... .......... .......... .......... 53% 2.15M 71s
 81550K .......... .......... .......... .......... .......... 53% 1.20M 71s
 81600K .......... .......... .......... .......... .......... 53%  823K 71s
 81650K .......... .......... .......... .......... .......... 53% 2.67M 70s
 81700K .......... .......... .......... .......... .......... 53%  780K 70s
 81750K .......... .......... .......... .......... .......... 53% 2.63M 70s
 81800K .......... .......... .......... .......... .......... 53% 1.94M 70s
 81850K .......... .......... .......... .......... .......... 53%  543K 70s
 81900K .......... .......... .......... .......... .......... 53% 1.71M 70s
 81950K .......... .......... .......... .......... .......... 53% 1.41M 70s
 82000K .......... .......... .......... .......... .......... 54% 1.30M 70s
 82050K .......... .......... .......... .......... .......... 54% 1.39M 70s
 82100K .......... .......... .......... .......... .......... 54%  709K 70s
 82150K .......... .......... .......... .......... .......... 54%  726K 70s
 82200K .......... .......... .......... .......... .......... 54% 1.75M 70s
 82250K .......... .......... .......... .......... .......... 54% 1.92M 70s
 82300K .......... .......... .......... .......... .......... 54% 3.26M 70s
 82350K .......... .......... .......... .......... .......... 54% 1.28M 70s
 82400K .......... .......... .......... .......... .......... 54% 2.00M 70s
 82450K .......... .......... .......... .......... .......... 54% 1.22M 69s
 82500K .......... .......... .......... .......... .......... 54% 1.53M 69s
 82550K .......... .......... .......... .......... .......... 54% 2.03M 69s
 82600K .......... .......... .......... .......... .......... 54% 2.35M 69s
 82650K .......... .......... .......... .......... .......... 54% 1.15M 69s
 82700K .......... .......... .......... .......... .......... 54% 1.40M 69s
 82750K .......... .......... .......... .......... .......... 54% 1.11M 69s
 82800K .......... .......... .......... .......... .......... 54%  922K 69s
 82850K .......... .......... .......... .......... .......... 54% 1.20M 69s
 82900K .......... .......... .......... .......... .......... 54% 1.56M 69s
 82950K .......... .......... .......... .......... .......... 54% 1.79M 69s
 83000K .......... .......... .......... .......... .......... 54% 1.61M 69s
 83050K .......... .......... .......... .......... .......... 54% 1.80M 69s
 83100K .......... .......... .......... .......... .......... 54% 1.46M 69s
 83150K .......... .......... .......... .......... .......... 54%  826K 69s
 83200K .......... .......... .......... .......... .......... 54% 2.02M 69s
 83250K .......... .......... .......... .......... .......... 54%  993K 69s
 83300K .......... .......... .......... .......... .......... 54% 2.09M 68s
 83350K .......... .......... .......... .......... .......... 54% 1.47M 68s
 83400K .......... .......... .......... .......... .......... 54% 1.25M 68s
 83450K .......... .......... .......... .......... .......... 54% 1.26M 68s
 83500K .......... .......... .......... .......... .......... 55%  690K 68s
 83550K .......... .......... .......... .......... .......... 55%  985K 68s
 83600K .......... .......... .......... .......... .......... 55% 1.67M 68s
 83650K .......... .......... .......... .......... .......... 55% 1.54M 68s
 83700K .......... .......... .......... .......... .......... 55%  921K 68s
 83750K .......... .......... .......... .......... .......... 55% 1.37M 68s
 83800K .......... .......... .......... .......... .......... 55% 1.92M 68s
 83850K .......... .......... .......... .......... .......... 55% 1.99M 68s
 83900K .......... .......... .......... .......... .......... 55%  946K 68s
 83950K .......... .......... .......... .......... .......... 55% 2.15M 68s
 84000K .......... .......... .......... .......... .......... 55% 1.08M 68s
 84050K .......... .......... .......... .......... .......... 55%  793K 68s
 84100K .......... .......... .......... .......... .......... 55% 1.84M 68s
 84150K .......... .......... .......... .......... .......... 55% 1.22M 67s
 84200K .......... .......... .......... .......... .......... 55% 1.65M 67s
 84250K .......... .......... .......... .......... .......... 55% 1.13M 67s
 84300K .......... .......... .......... .......... .......... 55% 1.37M 67s
 84350K .......... .......... .......... .......... .......... 55% 1011K 67s
 84400K .......... .......... .......... .......... .......... 55%  873K 67s
 84450K .......... .......... .......... .......... .......... 55% 1.50M 67s
 84500K .......... .......... .......... .......... .......... 55% 1.38M 67s
 84550K .......... .......... .......... .......... .......... 55% 1.46M 67s
 84600K .......... .......... .......... .......... .......... 55% 2.56M 67s
 84650K .......... .......... .......... .......... .......... 55% 1.22M 67s
 84700K .......... .......... .......... .......... .......... 55% 1.35M 67s
 84750K .......... .......... .......... .......... .......... 55% 4.09M 67s
 84800K .......... .......... .......... .......... .......... 55%  612K 67s
 84850K .......... .......... .......... .......... .......... 55% 1.24M 67s
 84900K .......... .......... .......... .......... .......... 55% 4.98M 67s
 84950K .......... .......... .......... .......... .......... 55% 1.35M 66s
 85000K .......... .......... .......... .......... .......... 55% 1.46M 66s
 85050K .......... .......... .......... .......... .......... 56% 1.57M 66s
 85100K .......... .......... .......... .......... .......... 56% 1.89M 66s
 85150K .......... .......... .......... .......... .......... 56% 1.61M 66s
 85200K .......... .......... .......... .......... .......... 56% 1.23M 66s
 85250K .......... .......... .......... .......... .......... 56% 1.47M 66s
 85300K .......... .......... .......... .......... .......... 56% 2.17M 66s
 85350K .......... .......... .......... .......... .......... 56% 1.46M 66s
 85400K .......... .......... .......... .......... .......... 56% 1.24M 66s
 85450K .......... .......... .......... .......... .......... 56% 1.62M 66s
 85500K .......... .......... .......... .......... .......... 56% 2.42M 66s
 85550K .......... .......... .......... .......... .......... 56%  842K 66s
 85600K .......... .......... .......... .......... .......... 56% 1.90M 66s
 85650K .......... .......... .......... .......... .......... 56% 1.88M 66s
 85700K .......... .......... .......... .......... .......... 56% 1.67M 66s
 85750K .......... .......... .......... .......... .......... 56% 2.43M 65s
 85800K .......... .......... .......... .......... .......... 56%  840K 65s
 85850K .......... .......... .......... .......... .......... 56% 2.61M 65s
 85900K .......... .......... .......... .......... .......... 56% 1.84M 65s
 85950K .......... .......... .......... .......... .......... 56% 1.22M 65s
 86000K .......... .......... .......... .......... .......... 56% 1.91M 65s
 86050K .......... .......... .......... .......... .......... 56% 1.02M 65s
 86100K .......... .......... .......... .......... .......... 56% 1.78M 65s
 86150K .......... .......... .......... .......... .......... 56% 1.06M 65s
 86200K .......... .......... .......... .......... .......... 56% 1.25M 65s
 86250K .......... .......... .......... .......... .......... 56%  401K 65s
 86300K .......... .......... .......... .......... .......... 56%  547K 65s
 86350K .......... .......... .......... .......... .......... 56% 1.07M 65s
 86400K .......... .......... .......... .......... .......... 56% 1.70M 65s
 86450K .......... .......... .......... .......... .......... 56% 2.28M 65s
 86500K .......... .......... .......... .......... .......... 56% 1.70M 65s
 86550K .......... .......... .......... .......... .......... 57% 1.52M 65s
 86600K .......... .......... .......... .......... .......... 57% 1.25M 65s
 86650K .......... .......... .......... .......... .......... 57% 1.52M 64s
 86700K .......... .......... .......... .......... .......... 57% 1.89M 64s
 86750K .......... .......... .......... .......... .......... 57% 1.16M 64s
 86800K .......... .......... .......... .......... .......... 57%  860K 64s
 86850K .......... .......... .......... .......... .......... 57% 1.97M 64s
 86900K .......... .......... .......... .......... .......... 57% 2.24M 64s
 86950K .......... .......... .......... .......... .......... 57%  760K 64s
 87000K .......... .......... .......... .......... .......... 57% 1.48M 64s
 87050K .......... .......... .......... .......... .......... 57% 1.45M 64s
 87100K .......... .......... .......... .......... .......... 57%  816K 64s
 87150K .......... .......... .......... .......... .......... 57% 3.51M 64s
 87200K .......... .......... .......... .......... .......... 57%  514K 64s
 87250K .......... .......... .......... .......... .......... 57% 1.25M 64s
 87300K .......... .......... .......... .......... .......... 57% 1.69M 64s
 87350K .......... .......... .......... .......... .......... 57% 1.54M 64s
 87400K .......... .......... .......... .......... .......... 57%  339K 64s
 87450K .......... .......... .......... .......... .......... 57%  139M 64s
 87500K .......... .......... .......... .......... .......... 57%  675K 64s
 87550K .......... .......... .......... .......... .......... 57%  747K 64s
 87600K .......... .......... .......... .......... .......... 57% 1.72M 64s
 87650K .......... .......... .......... .......... .......... 57% 1012K 63s
 87700K .......... .......... .......... .......... .......... 57% 2.21M 63s
 87750K .......... .......... .......... .......... .......... 57% 1.29M 63s
 87800K .......... .......... .......... .......... .......... 57% 1.69M 63s
 87850K .......... .......... .......... .......... .......... 57%  992K 63s
 87900K .......... .......... .......... .......... .......... 57%  908K 63s
 87950K .......... .......... .......... .......... .......... 57% 7.29M 63s
 88000K .......... .......... .......... .......... .......... 57%  276K 63s
 88050K .......... .......... .......... .......... .......... 58% 20.8M 63s
 88100K .......... .......... .......... .......... .......... 58%  222M 63s
 88150K .......... .......... .......... .......... .......... 58% 23.7K 64s
 88200K .......... .......... .......... .......... .......... 58% 1.36M 64s
 88250K .......... .......... .......... .......... .......... 58% 1.69M 64s
 88300K .......... .......... .......... .......... .......... 58% 1.73M 64s
 88350K .......... .......... .......... .......... .......... 58% 1.73M 64s
 88400K .......... .......... .......... .......... .......... 58%  695K 64s
 88450K .......... .......... .......... .......... .......... 58%  599K 64s
 88500K .......... .......... .......... .......... .......... 58%  744K 64s
 88550K .......... .......... .......... .......... .......... 58%  426K 64s
 88600K .......... .......... .......... .......... .......... 58% 1.64M 64s
 88650K .......... .......... .......... .......... .......... 58%  876K 64s
 88700K .......... .......... .......... .......... .......... 58%  937K 64s
 88750K .......... .......... .......... .......... .......... 58% 1.06M 64s
 88800K .......... .......... .......... .......... .......... 58%  688K 64s
 88850K .......... .......... .......... .......... .......... 58%  760K 64s
 88900K .......... .......... .......... .......... .......... 58%  802K 64s
 88950K .......... .......... .......... .......... .......... 58%  971K 64s
 89000K .......... .......... .......... .......... .......... 58%  637K 64s
 89050K .......... .......... .......... .......... .......... 58% 1.18M 64s
 89100K .......... .......... .......... .......... .......... 58%  791K 64s
 89150K .......... .......... .......... .......... .......... 58%  783K 64s
 89200K .......... .......... .......... .......... .......... 58%  896K 63s
 89250K .......... .......... .......... .......... .......... 58%  573K 63s
 89300K .......... .......... .......... .......... .......... 58%  643K 63s
 89350K .......... .......... .......... .......... .......... 58% 1.20M 63s
 89400K .......... .......... .......... .......... .......... 58% 1.60M 63s
 89450K .......... .......... .......... .......... .......... 58% 1.71M 63s
 89500K .......... .......... .......... .......... .......... 58% 2.49M 63s
 89550K .......... .......... .......... .......... .......... 58% 1.47M 63s
 89600K .......... .......... .......... .......... .......... 59%  629K 63s
 89650K .......... .......... .......... .......... .......... 59%  630K 63s
 89700K .......... .......... .......... .......... .......... 59%  168K 63s
 89750K .......... .......... .......... .......... .......... 59% 65.5M 63s
 89800K .......... .......... .......... .......... .......... 59% 1.75M 63s
 89850K .......... .......... .......... .......... .......... 59%  832K 63s
 89900K .......... .......... .......... .......... .......... 59% 1.35M 63s
 89950K .......... .......... .......... .......... .......... 59% 1.54M 63s
 90000K .......... .......... .......... .......... .......... 59%  491K 63s
 90050K .......... .......... .......... .......... .......... 59% 1.79M 63s
 90100K .......... .......... .......... .......... .......... 59%  489K 63s
 90150K .......... .......... .......... .......... .......... 59% 1.12M 63s
 90200K .......... .......... .......... .......... .......... 59%  276K 63s
 90250K .......... .......... .......... .......... .......... 59%  238M 63s
 90300K .......... .......... .......... .......... .......... 59% 1.20M 63s
 90350K .......... .......... .......... .......... .......... 59% 1.45M 62s
 90400K .......... .......... .......... .......... .......... 59% 1.82M 62s
 90450K .......... .......... .......... .......... .......... 59%  511K 62s
 90500K .......... .......... .......... .......... .......... 59% 1.30M 62s
 90550K .......... .......... .......... .......... .......... 59% 1.07M 62s
 90600K .......... .......... .......... .......... .......... 59% 1.51M 62s
 90650K .......... .......... .......... .......... .......... 59%  871K 62s
 90700K .......... .......... .......... .......... .......... 59% 1.29M 62s
 90750K .......... .......... .......... .......... .......... 59%  946K 62s
 90800K .......... .......... .......... .......... .......... 59%  532K 62s
 90850K .......... .......... .......... .......... .......... 59% 1.29M 62s
 90900K .......... .......... .......... .......... .......... 59% 1.05M 62s
 90950K .......... .......... .......... .......... .......... 59% 1.14M 62s
 91000K .......... .......... .......... .......... .......... 59% 1.08M 62s
 91050K .......... .......... .......... .......... .......... 59%  569K 62s
 91100K .......... .......... .......... .......... .......... 60% 47.1M 62s
 91150K .......... .......... .......... .......... .......... 60% 1.26M 62s
 91200K .......... .......... .......... .......... .......... 60% 1.31M 62s
 91250K .......... .......... .......... .......... .......... 60%  787K 62s
 91300K .......... .......... .......... .......... .......... 60% 1.33M 61s
 91350K .......... .......... .......... .......... .......... 60% 1.19M 61s
 91400K .......... .......... .......... .......... .......... 60% 1.37M 61s
 91450K .......... .......... .......... .......... .......... 60% 1.17M 61s
 91500K .......... .......... .......... .......... .......... 60% 1.01M 61s
 91550K .......... .......... .......... .......... .......... 60%  705K 61s
 91600K .......... .......... .......... .......... .......... 60%  796K 61s
 91650K .......... .......... .......... .......... .......... 60% 1.53M 61s
 91700K .......... .......... .......... .......... .......... 60%  772K 61s
 91750K .......... .......... .......... .......... .......... 60%  621K 61s
 91800K .......... .......... .......... .......... .......... 60% 1.24M 61s
 91850K .......... .......... .......... .......... .......... 60%  858K 61s
 91900K .......... .......... .......... .......... .......... 60%  548K 61s
 91950K .......... .......... .......... .......... .......... 60%  417K 61s
 92000K .......... .......... .......... .......... .......... 60% 1.42M 61s
 92050K .......... .......... .......... .......... .......... 60%  633K 61s
 92100K .......... .......... .......... .......... .......... 60%  633K 61s
 92150K .......... .......... .......... .......... .......... 60%  510K 61s
 92200K .......... .......... .......... .......... .......... 60% 1.07M 61s
 92250K .......... .......... .......... .......... .......... 60%  709K 61s
 92300K .......... .......... .......... .......... .......... 60%  801K 61s
 92350K .......... .......... .......... .......... .......... 60%  867K 61s
 92400K .......... .......... .......... .......... .......... 60%  484K 61s
 92450K .......... .......... .......... .......... .......... 60%  740K 61s
 92500K .......... .......... .......... .......... .......... 60% 1.17M 60s
 92550K .......... .......... .......... .......... .......... 60%  847K 60s
 92600K .......... .......... .......... .......... .......... 61%  939K 60s
 92650K .......... .......... .......... .......... .......... 61% 1.97M 60s
 92700K .......... .......... .......... .......... .......... 61%  500K 60s
 92750K .......... .......... .......... .......... .......... 61% 1.03M 60s
 92800K .......... .......... .......... .......... .......... 61% 1.64M 60s
 92850K .......... .......... .......... .......... .......... 61%  823K 60s
 92900K .......... .......... .......... .......... .......... 61% 1.48M 60s
 92950K .......... .......... .......... .......... .......... 61%  420K 60s
 93000K .......... .......... .......... .......... .......... 61%  236M 60s
 93050K .......... .......... .......... .......... .......... 61% 3.71M 60s
 93100K .......... .......... .......... .......... .......... 61% 1.84M 60s
 93150K .......... .......... .......... .......... .......... 61%  515K 60s
 93200K .......... .......... .......... .......... .......... 61% 1.54M 60s
 93250K .......... .......... .......... .......... .......... 61% 2.27M 60s
 93300K .......... .......... .......... .......... .......... 61%  924K 60s
 93350K .......... .......... .......... .......... .......... 61%  380K 60s
 93400K .......... .......... .......... .......... .......... 61% 1.87M 60s
 93450K .......... .......... .......... .......... .......... 61%  785K 60s
 93500K .......... .......... .......... .......... .......... 61%  889K 59s
 93550K .......... .......... .......... .......... .......... 61% 2.15M 59s
 93600K .......... .......... .......... .......... .......... 61% 2.21M 59s
 93650K .......... .......... .......... .......... .......... 61% 1.36M 59s
 93700K .......... .......... .......... .......... .......... 61%  736K 59s
 93750K .......... .......... .......... .......... .......... 61% 1.40M 59s
 93800K .......... .......... .......... .......... .......... 61%  275K 59s
 93850K .......... .......... .......... .......... .......... 61%  136M 59s
 93900K .......... .......... .......... .......... .......... 61%  340K 59s
 93950K .......... .......... .......... .......... .......... 61%  231M 59s
 94000K .......... .......... .......... .......... .......... 61%  748K 59s
 94050K .......... .......... .......... .......... .......... 61%  740K 59s
 94100K .......... .......... .......... .......... .......... 61%  882K 59s
 94150K .......... .......... .......... .......... .......... 62% 1.29M 59s
 94200K .......... .......... .......... .......... .......... 62% 1.23M 59s
 94250K .......... .......... .......... .......... .......... 62% 1.47M 59s
 94300K .......... .......... .......... .......... .......... 62% 1.50M 59s
 94350K .......... .......... .......... .......... .......... 62% 1.25M 59s
 94400K .......... .......... .......... .......... .......... 62%  756K 59s
 94450K .......... .......... .......... .......... .......... 62%  962K 59s
 94500K .......... .......... .......... .......... .......... 62%  845K 58s
 94550K .......... .......... .......... .......... .......... 62% 1.05M 58s
 94600K .......... .......... .......... .......... .......... 62% 1.28M 58s
 94650K .......... .......... .......... .......... .......... 62%  999K 58s
 94700K .......... .......... .......... .......... .......... 62% 1.05M 58s
 94750K .......... .......... .......... .......... .......... 62% 1.65M 58s
 94800K .......... .......... .......... .......... .......... 62%  928K 58s
 94850K .......... .......... .......... .......... .......... 62%  133K 58s
 94900K .......... .......... .......... .......... .......... 62%  261M 58s
 94950K .......... .......... .......... .......... .......... 62%  543K 58s
 95000K .......... .......... .......... .......... .......... 62%  806K 58s
 95050K .......... .......... .......... .......... .......... 62%  951K 58s
 95100K .......... .......... .......... .......... .......... 62% 1.77M 58s
 95150K .......... .......... .......... .......... .......... 62% 1.74M 58s
 95200K .......... .......... .......... .......... .......... 62% 1024K 58s
 95250K .......... .......... .......... .......... .......... 62% 1.42M 58s
 95300K .......... .......... .......... .......... .......... 62% 1.40M 58s
 95350K .......... .......... .......... .......... .......... 62%  433K 58s
 95400K .......... .......... .......... .......... .......... 62% 4.34M 58s
 95450K .......... .......... .......... .......... .......... 62%  522K 58s
 95500K .......... .......... .......... .......... .......... 62% 34.7K 58s
 95550K .......... .......... .......... .......... .......... 62% 1.93M 58s
 95600K .......... .......... .......... .......... .......... 62% 1.28M 58s
 95650K .......... .......... .......... .......... .......... 63% 1.95M 58s
 95700K .......... .......... .......... .......... .......... 63% 1.07M 58s
 95750K .......... .......... .......... .......... .......... 63% 1.60M 58s
 95800K .......... .......... .......... .......... .......... 63% 3.76M 58s
 95850K .......... .......... .......... .......... .......... 63% 1.28M 58s
 95900K .......... .......... .......... .......... .......... 63% 1.47M 58s
 95950K .......... .......... .......... .......... .......... 63% 3.36M 58s
 96000K .......... .......... .......... .......... .......... 63%  951K 58s
 96050K .......... .......... .......... .......... .......... 63% 2.15M 58s
 96100K .......... .......... .......... .......... .......... 63% 1.85M 58s
 96150K .......... .......... .......... .......... .......... 63% 1.34M 58s
 96200K .......... .......... .......... .......... .......... 63% 3.24M 58s
 96250K .......... .......... .......... .......... .......... 63%  904K 57s
 96300K .......... .......... .......... .......... .......... 63% 1.86M 57s
 96350K .......... .......... .......... .......... .......... 63% 1.58M 57s
 96400K .......... .......... .......... .......... .......... 63%  833K 57s
 96450K .......... .......... .......... .......... .......... 63% 1.35M 57s
 96500K .......... .......... .......... .......... .......... 63% 1.69M 57s
 96550K .......... .......... .......... .......... .......... 63%  814K 57s
 96600K .......... .......... .......... .......... .......... 63% 1.81M 57s
 96650K .......... .......... .......... .......... .......... 63% 1.81M 57s
 96700K .......... .......... .......... .......... .......... 63% 1.54M 57s
 96750K .......... .......... .......... .......... .......... 63%  776K 57s
 96800K .......... .......... .......... .......... .......... 63%  742K 57s
 96850K .......... .......... .......... .......... .......... 63% 1.91M 57s
 96900K .......... .......... .......... .......... .......... 63% 2.86M 57s
 96950K .......... .......... .......... .......... .......... 63% 1.62M 57s
 97000K .......... .......... .......... .......... .......... 63% 1.64M 57s
 97050K .......... .......... .......... .......... .......... 63%  786K 57s
 97100K .......... .......... .......... .......... .......... 63% 1.81M 56s
 97150K .......... .......... .......... .......... .......... 63% 1.52M 56s
 97200K .......... .......... .......... .......... .......... 64% 1.54M 56s
 97250K .......... .......... .......... .......... .......... 64% 4.24M 56s
 97300K .......... .......... .......... .......... .......... 64% 3.10M 56s
 97350K .......... .......... .......... .......... .......... 64%  972K 56s
 97400K .......... .......... .......... .......... .......... 64%  971K 56s
 97450K .......... .......... .......... .......... .......... 64% 2.30M 56s
 97500K .......... .......... .......... .......... .......... 64% 1.38M 56s
 97550K .......... .......... .......... .......... .......... 64% 1.12M 56s
 97600K .......... .......... .......... .......... .......... 64%  939K 56s
 97650K .......... .......... .......... .......... .......... 64% 1.18M 56s
 97700K .......... .......... .......... .......... .......... 64% 1.18M 56s
 97750K .......... .......... .......... .......... .......... 64%  991K 56s
 97800K .......... .......... .......... .......... .......... 64%  571K 56s
 97850K .......... .......... .......... .......... .......... 64% 1.08M 56s
 97900K .......... .......... .......... .......... .......... 64% 2.05M 56s
 97950K .......... .......... .......... .......... .......... 64%  901K 56s
 98000K .......... .......... .......... .......... .......... 64% 2.37M 55s
 98050K .......... .......... .......... .......... .......... 64% 1.41M 55s
 98100K .......... .......... .......... .......... .......... 64%  845K 55s
 98150K .......... .......... .......... .......... .......... 64% 1.79M 55s
 98200K .......... .......... .......... .......... .......... 64% 2.29M 55s
 98250K .......... .......... .......... .......... .......... 64% 1.40M 55s
 98300K .......... .......... .......... .......... .......... 64% 2.02M 55s
 98350K .......... .......... .......... .......... .......... 64% 3.10M 55s
 98400K .......... .......... .......... .......... .......... 64% 1.16M 55s
 98450K .......... .......... .......... .......... .......... 64% 1.69M 55s
 98500K .......... .......... .......... .......... .......... 64% 1.75M 55s
 98550K .......... .......... .......... .......... .......... 64% 1001K 55s
 98600K .......... .......... .......... .......... .......... 64%  887K 55s
 98650K .......... .......... .......... .......... .......... 64% 1.19M 55s
 98700K .......... .......... .......... .......... .......... 65% 2.40M 55s
 98750K .......... .......... .......... .......... .......... 65% 3.05M 55s
 98800K .......... .......... .......... .......... .......... 65%  663K 54s
 98850K .......... .......... .......... .......... .......... 65% 2.60M 54s
 98900K .......... .......... .......... .......... .......... 65% 3.63M 54s
 98950K .......... .......... .......... .......... .......... 65%  783K 54s
 99000K .......... .......... .......... .......... .......... 65% 4.51M 54s
 99050K .......... .......... .......... .......... .......... 65% 1.62M 54s
 99100K .......... .......... .......... .......... .......... 65%  462K 54s
 99150K .......... .......... .......... .......... .......... 65% 1.49M 54s
 99200K .......... .......... .......... .......... .......... 65% 1.81M 54s
 99250K .......... .......... .......... .......... .......... 65%  500K 54s
 99300K .......... .......... .......... .......... .......... 65%  527K 54s
 99350K .......... .......... .......... .......... .......... 65%  413K 54s
 99400K .......... .......... .......... .......... .......... 65%  157M 54s
 99450K .......... .......... .......... .......... .......... 65% 5.78M 54s
 99500K .......... .......... .......... .......... .......... 65% 1.55M 54s
 99550K .......... .......... .......... .......... .......... 65%  909K 54s
 99600K .......... .......... .......... .......... .......... 65% 1.09M 54s
 99650K .......... .......... .......... .......... .......... 65% 2.26M 54s
 99700K .......... .......... .......... .......... .......... 65% 1.49M 53s
 99750K .......... .......... .......... .......... .......... 65%  316K 53s
 99800K .......... .......... .......... .......... .......... 65% 1.51M 53s
 99850K .......... .......... .......... .......... .......... 65%  158M 53s
 99900K .......... .......... .......... .......... .......... 65%  385K 53s
 99950K .......... .......... .......... .......... .......... 65% 2.13M 53s
100000K .......... .......... .......... .......... .......... 65%  176M 53s
100050K .......... .......... .......... .......... .......... 65% 2.22M 53s
100100K .......... .......... .......... .......... .......... 65% 2.04M 53s
100150K .......... .......... .......... .......... .......... 65% 1.27M 53s
100200K .......... .......... .......... .......... .......... 66%  315K 53s
100250K .......... .......... .......... .......... .......... 66% 1.72M 53s
100300K .......... .......... .......... .......... .......... 66% 1.72M 53s
100350K .......... .......... .......... .......... .......... 66%  985K 53s
100400K .......... .......... .......... .......... .......... 66% 1.37M 53s
100450K .......... .......... .......... .......... .......... 66% 2.64M 53s
100500K .......... .......... .......... .......... .......... 66% 1022K 53s
100550K .......... .......... .......... .......... .......... 66% 2.08M 53s
100600K .......... .......... .......... .......... .......... 66% 1.20M 53s
100650K .......... .......... .......... .......... .......... 66% 2.40M 52s
100700K .......... .......... .......... .......... .......... 66% 3.10M 52s
100750K .......... .......... .......... .......... .......... 66% 1.82M 52s
100800K .......... .......... .......... .......... .......... 66% 2.85M 52s
100850K .......... .......... .......... .......... .......... 66% 1.41M 52s
100900K .......... .......... .......... .......... .......... 66% 2.80M 52s
100950K .......... .......... .......... .......... .......... 66%  927K 52s
101000K .......... .......... .......... .......... .......... 66% 2.33M 52s
101050K .......... .......... .......... .......... .......... 66% 1.58M 52s
101100K .......... .......... .......... .......... .......... 66% 2.36M 52s
101150K .......... .......... .......... .......... .......... 66% 1.27M 52s
101200K .......... .......... .......... .......... .......... 66% 1.52M 52s
101250K .......... .......... .......... .......... .......... 66% 1.22M 52s
101300K .......... .......... .......... .......... .......... 66% 1.51M 52s
101350K .......... .......... .......... .......... .......... 66%  970K 52s
101400K .......... .......... .......... .......... .......... 66% 2.52M 52s
101450K .......... .......... .......... .......... .......... 66% 1.80M 51s
101500K .......... .......... .......... .......... .......... 66%  758K 51s
101550K .......... .......... .......... .......... .......... 66%  396K 51s
101600K .......... .......... .......... .......... .......... 66% 81.9M 51s
101650K .......... .......... .......... .......... .......... 66% 2.69M 51s
101700K .......... .......... .......... .......... .......... 66% 1.67M 51s
101750K .......... .......... .......... .......... .......... 67%  340K 51s
101800K .......... .......... .......... .......... .......... 67% 39.8M 51s
101850K .......... .......... .......... .......... .......... 67%  684K 51s
101900K .......... .......... .......... .......... .......... 67% 3.30M 51s
101950K .......... .......... .......... .......... .......... 67%  956K 51s
102000K .......... .......... .......... .......... .......... 67%  693K 51s
102050K .......... .......... .......... .......... .......... 67% 1.91M 51s
102100K .......... .......... .......... .......... .......... 67% 1.31M 51s
102150K .......... .......... .......... .......... .......... 67%  763K 51s
102200K .......... .......... .......... .......... .......... 67% 1.30M 51s
102250K .......... .......... .......... .......... .......... 67% 2.06M 51s
102300K .......... .......... .......... .......... .......... 67% 2.99M 51s
102350K .......... .......... .......... .......... .......... 67%  207K 51s
102400K .......... .......... .......... .......... .......... 67%  232M 51s
102450K .......... .......... .......... .......... .......... 67% 4.09M 50s
102500K .......... .......... .......... .......... .......... 67%  927K 50s
102550K .......... .......... .......... .......... .......... 67% 1.16M 50s
102600K .......... .......... .......... .......... .......... 67% 3.95M 50s
102650K .......... .......... .......... .......... .......... 67%  760K 50s
102700K .......... .......... .......... .......... .......... 67% 1.57M 50s
102750K .......... .......... .......... .......... .......... 67% 1.91M 50s
102800K .......... .......... .......... .......... .......... 67% 2.20M 50s
102850K .......... .......... .......... .......... .......... 67% 1.41M 50s
102900K .......... .......... .......... .......... .......... 67% 3.04M 50s
102950K .......... .......... .......... .......... .......... 67% 1.36M 50s
103000K .......... .......... .......... .......... .......... 67% 1.53M 50s
103050K .......... .......... .......... .......... .......... 67% 1.61M 50s
103100K .......... .......... .......... .......... .......... 67% 1.94M 50s
103150K .......... .......... .......... .......... .......... 67% 1.83M 50s
103200K .......... .......... .......... .......... .......... 67% 2.10M 50s
103250K .......... .......... .......... .......... .......... 68% 1.91M 50s
103300K .......... .......... .......... .......... .......... 68% 1.23M 49s
103350K .......... .......... .......... .......... .......... 68% 2.25M 49s
103400K .......... .......... .......... .......... .......... 68% 1.04M 49s
103450K .......... .......... .......... .......... .......... 68% 2.00M 49s
103500K .......... .......... .......... .......... .......... 68% 1.46M 49s
103550K .......... .......... .......... .......... .......... 68% 1.30M 49s
103600K .......... .......... .......... .......... .......... 68% 2.31M 49s
103650K .......... .......... .......... .......... .......... 68% 1.56M 49s
103700K .......... .......... .......... .......... .......... 68% 1.96M 49s
103750K .......... .......... .......... .......... .......... 68% 2.43M 49s
103800K .......... .......... .......... .......... .......... 68% 2.11M 49s
103850K .......... .......... .......... .......... .......... 68% 1.53M 49s
103900K .......... .......... .......... .......... .......... 68% 1.05M 49s
103950K .......... .......... .......... .......... .......... 68% 1.21M 49s
104000K .......... .......... .......... .......... .......... 68% 1.63M 49s
104050K .......... .......... .......... .......... .......... 68% 3.10M 49s
104100K .......... .......... .......... .......... .......... 68%  649K 49s
104150K .......... .......... .......... .......... .......... 68% 3.06M 48s
104200K .......... .......... .......... .......... .......... 68% 1.13M 48s
104250K .......... .......... .......... .......... .......... 68% 1.54M 48s
104300K .......... .......... .......... .......... .......... 68% 1.37M 48s
104350K .......... .......... .......... .......... .......... 68% 2.58M 48s
104400K .......... .......... .......... .......... .......... 68%  604K 48s
104450K .......... .......... .......... .......... .......... 68% 1.87M 48s
104500K .......... .......... .......... .......... .......... 68%  478K 48s
104550K .......... .......... .......... .......... .......... 68% 2.61M 48s
104600K .......... .......... .......... .......... .......... 68% 2.51M 48s
104650K .......... .......... .......... .......... .......... 68% 1.47M 48s
104700K .......... .......... .......... .......... .......... 68% 1.02M 48s
104750K .......... .......... .......... .......... .......... 69%  838K 48s
104800K .......... .......... .......... .......... .......... 69% 4.36M 48s
104850K .......... .......... .......... .......... .......... 69% 1.01M 48s
104900K .......... .......... .......... .......... .......... 69% 1.43M 48s
104950K .......... .......... .......... .......... .......... 69% 1.65M 48s
105000K .......... .......... .......... .......... .......... 69% 1.50M 47s
105050K .......... .......... .......... .......... .......... 69% 2.05M 47s
105100K .......... .......... .......... .......... .......... 69% 1.12M 47s
105150K .......... .......... .......... .......... .......... 69% 1.46M 47s
105200K .......... .......... .......... .......... .......... 69% 1.34M 47s
105250K .......... .......... .......... .......... .......... 69% 1.02M 47s
105300K .......... .......... .......... .......... .......... 69%  824K 47s
105350K .......... .......... .......... .......... .......... 69% 2.58M 47s
105400K .......... .......... .......... .......... .......... 69% 2.72M 47s
105450K .......... .......... .......... .......... .......... 69%  589K 47s
105500K .......... .......... .......... .......... .......... 69% 1.24M 47s
105550K .......... .......... .......... .......... .......... 69%  341K 47s
105600K .......... .......... .......... .......... .......... 69% 3.31M 47s
105650K .......... .......... .......... .......... .......... 69%  252M 47s
105700K .......... .......... .......... .......... .......... 69% 1.59M 47s
105750K .......... .......... .......... .......... .......... 69% 2.63M 47s
105800K .......... .......... .......... .......... .......... 69% 2.40M 47s
105850K .......... .......... .......... .......... .......... 69% 1.85M 47s
105900K .......... .......... .......... .......... .......... 69% 1.72M 46s
105950K .......... .......... .......... .......... .......... 69% 1.56M 46s
106000K .......... .......... .......... .......... .......... 69%  938K 46s
106050K .......... .......... .......... .......... .......... 69% 1.92M 46s
106100K .......... .......... .......... .......... .......... 69% 1.40M 46s
106150K .......... .......... .......... .......... .......... 69% 1.21M 46s
106200K .......... .......... .......... .......... .......... 69% 2.31M 46s
106250K .......... .......... .......... .......... .......... 69% 2.13M 46s
106300K .......... .......... .......... .......... .......... 70% 2.07M 46s
106350K .......... .......... .......... .......... .......... 70% 1.19M 46s
106400K .......... .......... .......... .......... .......... 70% 1.06M 46s
106450K .......... .......... .......... .......... .......... 70%  927K 46s
106500K .......... .......... .......... .......... .......... 70% 2.80M 46s
106550K .......... .......... .......... .......... .......... 70% 3.55M 46s
106600K .......... .......... .......... .......... .......... 70%  558K 46s
106650K .......... .......... .......... .......... .......... 70% 1.77M 46s
106700K .......... .......... .......... .......... .......... 70% 2.61M 46s
106750K .......... .......... .......... .......... .......... 70%  359K 46s
106800K .......... .......... .......... .......... .......... 70%  148M 45s
106850K .......... .......... .......... .......... .......... 70% 2.87M 45s
106900K .......... .......... .......... .......... .......... 70%  939K 45s
106950K .......... .......... .......... .......... .......... 70% 1.72M 45s
107000K .......... .......... .......... .......... .......... 70% 1.85M 45s
107050K .......... .......... .......... .......... .......... 70%  624K 45s
107100K .......... .......... .......... .......... .......... 70% 1.85M 45s
107150K .......... .......... .......... .......... .......... 70% 3.70M 45s
107200K .......... .......... .......... .......... .......... 70%  938K 45s
107250K .......... .......... .......... .......... .......... 70% 1.43M 45s
107300K .......... .......... .......... .......... .......... 70% 1.75M 45s
107350K .......... .......... .......... .......... .......... 70%  793K 45s
107400K .......... .......... .......... .......... .......... 70% 1.73M 45s
107450K .......... .......... .......... .......... .......... 70%  237K 45s
107500K .......... .......... .......... .......... .......... 70%  152M 45s
107550K .......... .......... .......... .......... .......... 70% 39.6M 45s
107600K .......... .......... .......... .......... .......... 70% 2.04M 45s
107650K .......... .......... .......... .......... .......... 70% 2.76M 45s
107700K .......... .......... .......... .......... .......... 70% 1.80M 45s
107750K .......... .......... .......... .......... .......... 70% 1.22M 44s
107800K .......... .......... .......... .......... .......... 71% 1.08M 44s
107850K .......... .......... .......... .......... .......... 71% 1.74M 44s
107900K .......... .......... .......... .......... .......... 71%  956K 44s
107950K .......... .......... .......... .......... .......... 71% 2.04M 44s
108000K .......... .......... .......... .......... .......... 71% 1.20M 44s
108050K .......... .......... .......... .......... .......... 71% 1.17M 44s
108100K .......... .......... .......... .......... .......... 71%  566K 44s
108150K .......... .......... .......... .......... .......... 71% 1.38M 44s
108200K .......... .......... .......... .......... .......... 71% 1.39M 44s
108250K .......... .......... .......... .......... .......... 71% 2.41M 44s
108300K .......... .......... .......... .......... .......... 71%  768K 44s
108350K .......... .......... .......... .......... .......... 71% 2.05M 44s
108400K .......... .......... .......... .......... .......... 71% 1.32M 44s
108450K .......... .......... .......... .......... .......... 71% 1.42M 44s
108500K .......... .......... .......... .......... .......... 71% 2.39M 44s
108550K .......... .......... .......... .......... .......... 71% 1.99M 44s
108600K .......... .......... .......... .......... .......... 71% 1.53M 44s
108650K .......... .......... .......... .......... .......... 71% 5.58M 43s
108700K .......... .......... .......... .......... .......... 71%  933K 43s
108750K .......... .......... .......... .......... .......... 71% 1.47M 43s
108800K .......... .......... .......... .......... .......... 71%  678K 43s
108850K .......... .......... .......... .......... .......... 71% 3.53M 43s
108900K .......... .......... .......... .......... .......... 71% 1.87M 43s
108950K .......... .......... .......... .......... .......... 71% 1.07M 43s
109000K .......... .......... .......... .......... .......... 71% 1.92M 43s
109050K .......... .......... .......... .......... .......... 71% 1.98M 43s
109100K .......... .......... .......... .......... .......... 71% 1.94M 43s
109150K .......... .......... .......... .......... .......... 71%  818K 43s
109200K .......... .......... .......... .......... .......... 71% 48.0K 43s
109250K .......... .......... .......... .......... .......... 71%  492K 43s
109300K .......... .......... .......... .......... .......... 71% 1.42M 43s
109350K .......... .......... .......... .......... .......... 72%  768K 43s
109400K .......... .......... .......... .......... .......... 72% 2.12M 43s
109450K .......... .......... .......... .......... .......... 72% 1.55M 43s
109500K .......... .......... .......... .......... .......... 72% 2.10M 43s
109550K .......... .......... .......... .......... .......... 72%  685K 43s
109600K .......... .......... .......... .......... .......... 72% 5.37M 43s
109650K .......... .......... .......... .......... .......... 72% 1.30M 43s
109700K .......... .......... .......... .......... .......... 72% 1.90M 43s
109750K .......... .......... .......... .......... .......... 72% 1.20M 43s
109800K .......... .......... .......... .......... .......... 72% 1.27M 43s
109850K .......... .......... .......... .......... .......... 72% 4.50M 43s
109900K .......... .......... .......... .......... .......... 72% 1.19M 42s
109950K .......... .......... .......... .......... .......... 72%  847K 42s
110000K .......... .......... .......... .......... .......... 72% 1.99M 42s
110050K .......... .......... .......... .......... .......... 72%  916K 42s
110100K .......... .......... .......... .......... .......... 72% 1.66M 42s
110150K .......... .......... .......... .......... .......... 72%  933K 42s
110200K .......... .......... .......... .......... .......... 72%  975K 42s
110250K .......... .......... .......... .......... .......... 72% 3.21M 42s
110300K .......... .......... .......... .......... .......... 72% 1.31M 42s
110350K .......... .......... .......... .......... .......... 72% 4.75M 42s
110400K .......... .......... .......... .......... .......... 72% 1.37M 42s
110450K .......... .......... .......... .......... .......... 72%  248K 42s
110500K .......... .......... .......... .......... .......... 72%  250M 42s
110550K .......... .......... .......... .......... .......... 72% 2.39M 42s
110600K .......... .......... .......... .......... .......... 72% 1.62M 42s
110650K .......... .......... .......... .......... .......... 72%  924K 42s
110700K .......... .......... .......... .......... .......... 72%  784K 42s
110750K .......... .......... .......... .......... .......... 72%  805K 42s
110800K .......... .......... .......... .......... .......... 72%  634K 42s
110850K .......... .......... .......... .......... .......... 73% 1.45M 41s
110900K .......... .......... .......... .......... .......... 73%  575K 41s
110950K .......... .......... .......... .......... .......... 73%  904K 41s
111000K .......... .......... .......... .......... .......... 73% 1.66M 41s
111050K .......... .......... .......... .......... .......... 73% 1.66M 41s
111100K .......... .......... .......... .......... .......... 73% 1.09M 41s
111150K .......... .......... .......... .......... .......... 73%  992K 41s
111200K .......... .......... .......... .......... .......... 73%  810K 41s
111250K .......... .......... .......... .......... .......... 73%  997K 41s
111300K .......... .......... .......... .......... .......... 73% 1.03M 41s
111350K .......... .......... .......... .......... .......... 73% 1.09M 41s
111400K .......... .......... .......... .......... .......... 73% 1.13M 41s
111450K .......... .......... .......... .......... .......... 73% 1.25M 41s
111500K .......... .......... .......... .......... .......... 73%  629K 41s
111550K .......... .......... .......... .......... .......... 73% 1.23M 41s
111600K .......... .......... .......... .......... .......... 73% 2.04M 41s
111650K .......... .......... .......... .......... .......... 73%  944K 41s
111700K .......... .......... .......... .......... .......... 73% 1.91M 41s
111750K .......... .......... .......... .......... .......... 73%  635K 41s
111800K .......... .......... .......... .......... .......... 73%  385K 41s
111850K .......... .......... .......... .......... .......... 73%  128M 40s
111900K .......... .......... .......... .......... .......... 73% 1023K 40s
111950K .......... .......... .......... .......... .......... 73%  903K 40s
112000K .......... .......... .......... .......... .......... 73% 1.47M 40s
112050K .......... .......... .......... .......... .......... 73% 1.28M 40s
112100K .......... .......... .......... .......... .......... 73% 1.21M 40s
112150K .......... .......... .......... .......... .......... 73%  384K 40s
112200K .......... .......... .......... .......... .......... 73%  575K 40s
112250K .......... .......... .......... .......... .......... 73%  882K 40s
112300K .......... .......... .......... .......... .......... 73%  906K 40s
112350K .......... .......... .......... .......... .......... 74% 1.19M 40s
112400K .......... .......... .......... .......... .......... 74% 1.10M 40s
112450K .......... .......... .......... .......... .......... 74%  478K 40s
112500K .......... .......... .......... .......... .......... 74% 1.51M 40s
112550K .......... .......... .......... .......... .......... 74%  599K 40s
112600K .......... .......... .......... .......... .......... 74%  339K 40s
112650K .......... .......... .......... .......... .......... 74%  778K 40s
112700K .......... .......... .......... .......... .......... 74% 1.39M 40s
112750K .......... .......... .......... .......... .......... 74% 1.48M 40s
112800K .......... .......... .......... .......... .......... 74% 1.08M 40s
112850K .......... .......... .......... .......... .......... 74% 1.00M 40s
112900K .......... .......... .......... .......... .......... 74% 1.02M 39s
112950K .......... .......... .......... .......... .......... 74%  749K 39s
113000K .......... .......... .......... .......... .......... 74%  704K 39s
113050K .......... .......... .......... .......... .......... 74% 1.13M 39s
113100K .......... .......... .......... .......... .......... 74%  501K 39s
113150K .......... .......... .......... .......... .......... 74%  652K 39s
113200K .......... .......... .......... .......... .......... 74% 1.08M 39s
113250K .......... .......... .......... .......... .......... 74% 1.06M 39s
113300K .......... .......... .......... .......... .......... 74%  959K 39s
113350K .......... .......... .......... .......... .......... 74% 1.44M 39s
113400K .......... .......... .......... .......... .......... 74%  652K 39s
113450K .......... .......... .......... .......... .......... 74%  855K 39s
113500K .......... .......... .......... .......... .......... 74%  318K 39s
113550K .......... .......... .......... .......... .......... 74%  243M 39s
113600K .......... .......... .......... .......... .......... 74% 1.12M 39s
113650K .......... .......... .......... .......... .......... 74%  784K 39s
113700K .......... .......... .......... .......... .......... 74%  788K 39s
113750K .......... .......... .......... .......... .......... 74% 2.51M 39s
113800K .......... .......... .......... .......... .......... 74% 2.51M 39s
113850K .......... .......... .......... .......... .......... 74%  413K 39s
113900K .......... .......... .......... .......... .......... 75% 5.49M 39s
113950K .......... .......... .......... .......... .......... 75%  387K 38s
114000K .......... .......... .......... .......... .......... 75%  255M 38s
114050K .......... .......... .......... .......... .......... 75% 2.33M 38s
114100K .......... .......... .......... .......... .......... 75% 1.10M 38s
114150K .......... .......... .......... .......... .......... 75%  705K 38s
114200K .......... .......... .......... .......... .......... 75% 2.24M 38s
114250K .......... .......... .......... .......... .......... 75%  885K 38s
114300K .......... .......... .......... .......... .......... 75% 1.64M 38s
114350K .......... .......... .......... .......... .......... 75%  732K 38s
114400K .......... .......... .......... .......... .......... 75% 1.61M 38s
114450K .......... .......... .......... .......... .......... 75%  553K 38s
114500K .......... .......... .......... .......... .......... 75%  446K 38s
114550K .......... .......... .......... .......... .......... 75% 1.27M 38s
114600K .......... .......... .......... .......... .......... 75%  977K 38s
114650K .......... .......... .......... .......... .......... 75% 1.23M 38s
114700K .......... .......... .......... .......... .......... 75% 1.25M 38s
114750K .......... .......... .......... .......... .......... 75% 1.26M 38s
114800K .......... .......... .......... .......... .......... 75%  838K 38s
114850K .......... .......... .......... .......... .......... 75% 1.13M 38s
114900K .......... .......... .......... .......... .......... 75% 1.69M 38s
114950K .......... .......... .......... .......... .......... 75% 1.19M 37s
115000K .......... .......... .......... .......... .......... 75% 2.90M 37s
115050K .......... .......... .......... .......... .......... 75% 1.45M 37s
115100K .......... .......... .......... .......... .......... 75% 1.03M 37s
115150K .......... .......... .......... .......... .......... 75% 1.28M 37s
115200K .......... .......... .......... .......... .......... 75% 1.38M 37s
115250K .......... .......... .......... .......... .......... 75% 1.25M 37s
115300K .......... .......... .......... .......... .......... 75%  881K 37s
115350K .......... .......... .......... .......... .......... 75% 2.74M 37s
115400K .......... .......... .......... .......... .......... 76%  907K 37s
115450K .......... .......... .......... .......... .......... 76%  630K 37s
115500K .......... .......... .......... .......... .......... 76% 1.19M 37s
115550K .......... .......... .......... .......... .......... 76%  722K 37s
115600K .......... .......... .......... .......... .......... 76% 1.62M 37s
115650K .......... .......... .......... .......... .......... 76%  712K 37s
115700K .......... .......... .......... .......... .......... 76% 1.54M 37s
115750K .......... .......... .......... .......... .......... 76% 1.20M 37s
115800K .......... .......... .......... .......... .......... 76% 1008K 37s
115850K .......... .......... .......... .......... .......... 76% 2.07M 36s
115900K .......... .......... .......... .......... .......... 76% 1.47M 36s
115950K .......... .......... .......... .......... .......... 76% 1.44M 36s
116000K .......... .......... .......... .......... .......... 76%  667K 36s
116050K .......... .......... .......... .......... .......... 76% 2.20M 36s
116100K .......... .......... .......... .......... .......... 76% 2.23M 36s
116150K .......... .......... .......... .......... .......... 76% 1.52M 36s
116200K .......... .......... .......... .......... .......... 76% 1.37M 36s
116250K .......... .......... .......... .......... .......... 76% 1.42M 36s
116300K .......... .......... .......... .......... .......... 76% 1.60M 36s
116350K .......... .......... .......... .......... .......... 76% 1.31M 36s
116400K .......... .......... .......... .......... .......... 76% 1.05M 36s
116450K .......... .......... .......... .......... .......... 76%  977K 36s
116500K .......... .......... .......... .......... .......... 76% 1.90M 36s
116550K .......... .......... .......... .......... .......... 76%  955K 36s
116600K .......... .......... .......... .......... .......... 76% 1.33M 36s
116650K .......... .......... .......... .......... .......... 76% 1.30M 36s
116700K .......... .......... .......... .......... .......... 76% 1.14M 36s
116750K .......... .......... .......... .......... .......... 76% 2.34M 36s
116800K .......... .......... .......... .......... .......... 76% 1.37M 35s
116850K .......... .......... .......... .......... .......... 76%  501K 35s
116900K .......... .......... .......... .......... .......... 77%  392K 35s
116950K .......... .......... .......... .......... .......... 77% 19.1M 35s
117000K .......... .......... .......... .......... .......... 77% 3.98M 35s
117050K .......... .......... .......... .......... .......... 77% 3.44M 35s
117100K .......... .......... .......... .......... .......... 77% 2.77M 35s
117150K .......... .......... .......... .......... .......... 77% 1.08M 35s
117200K .......... .......... .......... .......... .......... 77%  391K 35s
117250K .......... .......... .......... .......... .......... 77%  141M 35s
117300K .......... .......... .......... .......... .......... 77% 4.77M 35s
117350K .......... .......... .......... .......... .......... 77% 1.50M 35s
117400K .......... .......... .......... .......... .......... 77%  883K 35s
117450K .......... .......... .......... .......... .......... 77% 1.52M 35s
117500K .......... .......... .......... .......... .......... 77% 2.08M 35s
117550K .......... .......... .......... .......... .......... 77% 3.83M 35s
117600K .......... .......... .......... .......... .......... 77% 1.19M 35s
117650K .......... .......... .......... .......... .......... 77% 1.01M 35s
117700K .......... .......... .......... .......... .......... 77% 2.09M 34s
117750K .......... .......... .......... .......... .......... 77% 2.49M 34s
117800K .......... .......... .......... .......... .......... 77% 2.47M 34s
117850K .......... .......... .......... .......... .......... 77% 1.65M 34s
117900K .......... .......... .......... .......... .......... 77% 1.20M 34s
117950K .......... .......... .......... .......... .......... 77%  930K 34s
118000K .......... .......... .......... .......... .......... 77% 1.20M 34s
118050K .......... .......... .......... .......... .......... 77% 1.82M 34s
118100K .......... .......... .......... .......... .......... 77% 1.06M 34s
118150K .......... .......... .......... .......... .......... 77% 1016K 34s
118200K .......... .......... .......... .......... .......... 77%  517K 34s
118250K .......... .......... .......... .......... .......... 77% 2.09M 34s
118300K .......... .......... .......... .......... .......... 77%  916K 34s
118350K .......... .......... .......... .......... .......... 77% 1.92M 34s
118400K .......... .......... .......... .......... .......... 77% 1.32M 34s
118450K .......... .......... .......... .......... .......... 78%  652K 34s
118500K .......... .......... .......... .......... .......... 78% 2.90M 34s
118550K .......... .......... .......... .......... .......... 78% 1002K 34s
118600K .......... .......... .......... .......... .......... 78% 2.29M 34s
118650K .......... .......... .......... .......... .......... 78% 1005K 33s
118700K .......... .......... .......... .......... .......... 78% 1.49M 33s
118750K .......... .......... .......... .......... .......... 78%  901K 33s
118800K .......... .......... .......... .......... .......... 78% 1.16M 33s
118850K .......... .......... .......... .......... .......... 78% 1.38M 33s
118900K .......... .......... .......... .......... .......... 78%  819K 33s
118950K .......... .......... .......... .......... .......... 78% 1.96M 33s
119000K .......... .......... .......... .......... .......... 78%  651K 33s
119050K .......... .......... .......... .......... .......... 78% 4.72M 33s
119100K .......... .......... .......... .......... .......... 78%  717K 33s
119150K .......... .......... .......... .......... .......... 78%  243K 33s
119200K .......... .......... .......... .......... .......... 78%  138M 33s
119250K .......... .......... .......... .......... .......... 78%  701K 33s
119300K .......... .......... .......... .......... .......... 78%  537K 33s
119350K .......... .......... .......... .......... .......... 78%  574K 33s
119400K .......... .......... .......... .......... .......... 78% 1.31M 33s
119450K .......... .......... .......... .......... .......... 78% 1.33M 33s
119500K .......... .......... .......... .......... .......... 78% 1.22M 33s
119550K .......... .......... .......... .......... .......... 78%  437K 33s
119600K .......... .......... .......... .......... .......... 78% 1.30M 33s
119650K .......... .......... .......... .......... .......... 78% 1.46M 33s
119700K .......... .......... .......... .......... .......... 78%  855K 32s
119750K .......... .......... .......... .......... .......... 78% 1.87M 32s
119800K .......... .......... .......... .......... .......... 78% 2.37M 32s
119850K .......... .......... .......... .......... .......... 78% 1.23M 32s
119900K .......... .......... .......... .......... .......... 78% 2.74M 32s
119950K .......... .......... .......... .......... .......... 79% 1.49M 32s
120000K .......... .......... .......... .......... .......... 79% 1.47M 32s
120050K .......... .......... .......... .......... .......... 79% 2.85M 32s
120100K .......... .......... .......... .......... .......... 79%  517K 32s
120150K .......... .......... .......... .......... .......... 79%  368K 32s
120200K .......... .......... .......... .......... .......... 79%  785K 32s
120250K .......... .......... .......... .......... .......... 79% 2.20M 32s
120300K .......... .......... .......... .......... .......... 79% 1.06M 32s
120350K .......... .......... .......... .......... .......... 79%  705K 32s
120400K .......... .......... .......... .......... .......... 79% 1.47M 32s
120450K .......... .......... .......... .......... .......... 79% 1.54M 32s
120500K .......... .......... .......... .......... .......... 79% 1.41M 32s
120550K .......... .......... .......... .......... .......... 79% 1.58M 32s
120600K .......... .......... .......... .......... .......... 79% 1.58M 32s
120650K .......... .......... .......... .......... .......... 79% 1.03M 31s
120700K .......... .......... .......... .......... .......... 79%  753K 31s
120750K .......... .......... .......... .......... .......... 79% 1.89M 31s
120800K .......... .......... .......... .......... .......... 79%  827K 31s
120850K .......... .......... .......... .......... .......... 79% 2.50M 31s
120900K .......... .......... .......... .......... .......... 79%  238K 31s
120950K .......... .......... .......... .......... .......... 79% 4.77M 31s
121000K .......... .......... .......... .......... .......... 79% 2.27M 31s
121050K .......... .......... .......... .......... .......... 79% 1.52M 31s
121100K .......... .......... .......... .......... .......... 79% 1.03M 31s
121150K .......... .......... .......... .......... .......... 79% 1.03M 31s
121200K .......... .......... .......... .......... .......... 79%  922K 31s
121250K .......... .......... .......... .......... .......... 79% 2.58M 31s
121300K .......... .......... .......... .......... .......... 79%  404K 31s
121350K .......... .......... .......... .......... .......... 79% 1.23M 31s
121400K .......... .......... .......... .......... .......... 79% 1.23M 31s
121450K .......... .......... .......... .......... .......... 79%  429K 31s
121500K .......... .......... .......... .......... .......... 80% 38.5M 31s
121550K .......... .......... .......... .......... .......... 80% 1.20M 31s
121600K .......... .......... .......... .......... .......... 80% 1.51M 31s
121650K .......... .......... .......... .......... .......... 80% 1.11M 30s
121700K .......... .......... .......... .......... .......... 80% 3.00M 30s
121750K .......... .......... .......... .......... .......... 80% 2.29M 30s
121800K .......... .......... .......... .......... .......... 80% 1.57M 30s
121850K .......... .......... .......... .......... .......... 80% 4.30M 30s
121900K .......... .......... .......... .......... .......... 80% 2.05M 30s
121950K .......... .......... .......... .......... .......... 80% 2.63M 30s
122000K .......... .......... .......... .......... .......... 80%  968K 30s
122050K .......... .......... .......... .......... .......... 80% 2.45M 30s
122100K .......... .......... .......... .......... .......... 80% 1.45M 30s
122150K .......... .......... .......... .......... .......... 80% 3.07M 30s
122200K .......... .......... .......... .......... .......... 80% 1.88M 30s
122250K .......... .......... .......... .......... .......... 80% 1.45M 30s
122300K .......... .......... .......... .......... .......... 80% 1.22M 30s
122350K .......... .......... .......... .......... .......... 80%  876K 30s
122400K .......... .......... .......... .......... .......... 80% 1.65M 30s
122450K .......... .......... .......... .......... .......... 80% 1.36M 30s
122500K .......... .......... .......... .......... .......... 80% 1.00M 30s
122550K .......... .......... .......... .......... .......... 80% 1.17M 29s
122600K .......... .......... .......... .......... .......... 80% 1.70M 29s
122650K .......... .......... .......... .......... .......... 80%  865K 29s
122700K .......... .......... .......... .......... .......... 80% 2.98M 29s
122750K .......... .......... .......... .......... .......... 80% 1.56M 29s
122800K .......... .......... .......... .......... .......... 80%  956K 29s
122850K .......... .......... .......... .......... .......... 80% 1.45M 29s
122900K .......... .......... .......... .......... .......... 80% 1.29M 29s
122950K .......... .......... .......... .......... .......... 80% 1.21M 29s
123000K .......... .......... .......... .......... .......... 81% 3.48M 29s
123050K .......... .......... .......... .......... .......... 81% 1.03M 29s
123100K .......... .......... .......... .......... .......... 81%  901K 29s
123150K .......... .......... .......... .......... .......... 81% 2.02M 29s
123200K .......... .......... .......... .......... .......... 81% 1.11M 29s
123250K .......... .......... .......... .......... .......... 81% 1.91M 29s
123300K .......... .......... .......... .......... .......... 81% 1.61M 29s
123350K .......... .......... .......... .......... .......... 81% 1.38M 29s
123400K .......... .......... .......... .......... .......... 81%  720K 29s
123450K .......... .......... .......... .......... .......... 81% 1.07M 29s
123500K .......... .......... .......... .......... .......... 81% 1.30M 28s
123550K .......... .......... .......... .......... .......... 81% 1.59M 28s
123600K .......... .......... .......... .......... .......... 81% 2.19M 28s
123650K .......... .......... .......... .......... .......... 81% 1.17M 28s
123700K .......... .......... .......... .......... .......... 81% 1.60M 28s
123750K .......... .......... .......... .......... .......... 81% 2.96M 28s
123800K .......... .......... .......... .......... .......... 81% 2.44M 28s
123850K .......... .......... .......... .......... .......... 81%  664K 28s
123900K .......... .......... .......... .......... .......... 81% 1.71M 28s
123950K .......... .......... .......... .......... .......... 81% 1.41M 28s
124000K .......... .......... .......... .......... .......... 81% 1.48M 28s
124050K .......... .......... .......... .......... .......... 81%  711K 28s
124100K .......... .......... .......... .......... .......... 81% 1.27M 28s
124150K .......... .......... .......... .......... .......... 81% 1.23M 28s
124200K .......... .......... .......... .......... .......... 81% 4.55M 28s
124250K .......... .......... .......... .......... .......... 81% 1.36M 28s
124300K .......... .......... .......... .......... .......... 81% 1.79M 28s
124350K .......... .......... .......... .......... .......... 81% 1.54M 28s
124400K .......... .......... .......... .......... .......... 81% 1.35M 28s
124450K .......... .......... .......... .......... .......... 81% 1.55M 27s
124500K .......... .......... .......... .......... .......... 82% 1.32M 27s
124550K .......... .......... .......... .......... .......... 82%  690K 27s
124600K .......... .......... .......... .......... .......... 82% 1.38M 27s
124650K .......... .......... .......... .......... .......... 82% 1.82M 27s
124700K .......... .......... .......... .......... .......... 82% 1.40M 27s
124750K .......... .......... .......... .......... .......... 82% 3.14M 27s
124800K .......... .......... .......... .......... .......... 82%  977K 27s
124850K .......... .......... .......... .......... .......... 82% 1.44M 27s
124900K .......... .......... .......... .......... .......... 82% 1.67M 27s
124950K .......... .......... .......... .......... .......... 82% 1.82M 27s
125000K .......... .......... .......... .......... .......... 82% 1.97M 27s
125050K .......... .......... .......... .......... .......... 82%  971K 27s
125100K .......... .......... .......... .......... .......... 82% 1.85M 27s
125150K .......... .......... .......... .......... .......... 82% 1.66M 27s
125200K .......... .......... .......... .......... .......... 82% 1.98M 27s
125250K .......... .......... .......... .......... .......... 82% 1.63M 27s
125300K .......... .......... .......... .......... .......... 82%  747K 27s
125350K .......... .......... .......... .......... .......... 82% 1.02M 26s
125400K .......... .......... .......... .......... .......... 82% 3.17M 26s
125450K .......... .......... .......... .......... .......... 82%  623K 26s
125500K .......... .......... .......... .......... .......... 82% 2.12M 26s
125550K .......... .......... .......... .......... .......... 82%  873K 26s
125600K .......... .......... .......... .......... .......... 82% 1.57M 26s
125650K .......... .......... .......... .......... .......... 82%  874K 26s
125700K .......... .......... .......... .......... .......... 82% 2.88M 26s
125750K .......... .......... .......... .......... .......... 82% 1.38M 26s
125800K .......... .......... .......... .......... .......... 82% 1.09M 26s
125850K .......... .......... .......... .......... .......... 82%  902K 26s
125900K .......... .......... .......... .......... .......... 82%  622K 26s
125950K .......... .......... .......... .......... .......... 82% 1.52M 26s
126000K .......... .......... .......... .......... .......... 82%  995K 26s
126050K .......... .......... .......... .......... .......... 83%  988K 26s
126100K .......... .......... .......... .......... .......... 83% 1.73M 26s
126150K .......... .......... .......... .......... .......... 83% 1.81M 26s
126200K .......... .......... .......... .......... .......... 83% 1.40M 26s
126250K .......... .......... .......... .......... .......... 83% 1.19M 26s
126300K .......... .......... .......... .......... .......... 83%  583K 26s
126350K .......... .......... .......... .......... .......... 83%  388K 25s
126400K .......... .......... .......... .......... .......... 83% 2.69M 25s
126450K .......... .......... .......... .......... .......... 83% 1.42M 25s
126500K .......... .......... .......... .......... .......... 83%  419K 25s
126550K .......... .......... .......... .......... .......... 83%  682K 25s
126600K .......... .......... .......... .......... .......... 83% 2.37M 25s
126650K .......... .......... .......... .......... .......... 83%  814K 25s
126700K .......... .......... .......... .......... .......... 83% 1.24M 25s
126750K .......... .......... .......... .......... .......... 83%  545K 25s
126800K .......... .......... .......... .......... .......... 83%  738K 25s
126850K .......... .......... .......... .......... .......... 83% 2.09M 25s
126900K .......... .......... .......... .......... .......... 83% 1.96M 25s
126950K .......... .......... .......... .......... .......... 83%  898K 25s
127000K .......... .......... .......... .......... .......... 83% 1.01M 25s
127050K .......... .......... .......... .......... .......... 83% 3.21M 25s
127100K .......... .......... .......... .......... .......... 83%  470K 25s
127150K .......... .......... .......... .......... .......... 83% 2.23M 25s
127200K .......... .......... .......... .......... .......... 83%  280K 25s
127250K .......... .......... .......... .......... .......... 83% 48.5M 25s
127300K .......... .......... .......... .......... .......... 83%  153M 25s
127350K .......... .......... .......... .......... .......... 83% 2.15M 24s
127400K .......... .......... .......... .......... .......... 83% 1.35M 24s
127450K .......... .......... .......... .......... .......... 83% 1.09M 24s
127500K .......... .......... .......... .......... .......... 83% 1.32M 24s
127550K .......... .......... .......... .......... .......... 84%  819K 24s
127600K .......... .......... .......... .......... .......... 84% 1.55M 24s
127650K .......... .......... .......... .......... .......... 84% 1.92M 24s
127700K .......... .......... .......... .......... .......... 84% 1.18M 24s
127750K .......... .......... .......... .......... .......... 84% 1.23M 24s
127800K .......... .......... .......... .......... .......... 84% 2.13M 24s
127850K .......... .......... .......... .......... .......... 84% 2.49M 24s
127900K .......... .......... .......... .......... .......... 84% 1.28M 24s
127950K .......... .......... .......... .......... .......... 84%  189K 24s
128000K .......... .......... .......... .......... .......... 84%  131M 24s
128050K .......... .......... .......... .......... .......... 84%  163M 24s
128100K .......... .......... .......... .......... .......... 84% 1.51M 24s
128150K .......... .......... .......... .......... .......... 84% 47.0K 24s
128200K .......... .......... .......... .......... .......... 84% 1.67M 24s
128250K .......... .......... .......... .......... .......... 84% 1.82M 24s
128300K .......... .......... .......... .......... .......... 84% 1.22M 24s
128350K .......... .......... .......... .......... .......... 84% 1.06M 24s
128400K .......... .......... .......... .......... .......... 84% 1.34M 24s
128450K .......... .......... .......... .......... .......... 84% 1.32M 24s
128500K .......... .......... .......... .......... .......... 84% 2.18M 23s
128550K .......... .......... .......... .......... .......... 84% 1.05M 23s
128600K .......... .......... .......... .......... .......... 84% 1.67M 23s
128650K .......... .......... .......... .......... .......... 84%  193K 23s
128700K .......... .......... .......... .......... .......... 84%  135M 23s
128750K .......... .......... .......... .......... .......... 84%  150M 23s
128800K .......... .......... .......... .......... .......... 84% 2.44M 23s
128850K .......... .......... .......... .......... .......... 84% 1.66M 23s
128900K .......... .......... .......... .......... .......... 84% 1.84M 23s
128950K .......... .......... .......... .......... .......... 84% 2.13M 23s
129000K .......... .......... .......... .......... .......... 84% 2.90M 23s
129050K .......... .......... .......... .......... .......... 85%  484K 23s
129100K .......... .......... .......... .......... .......... 85% 2.34M 23s
129150K .......... .......... .......... .......... .......... 85% 1.34M 23s
129200K .......... .......... .......... .......... .......... 85%  827K 23s
129250K .......... .......... .......... .......... .......... 85% 1.06M 23s
129300K .......... .......... .......... .......... .......... 85% 1.59M 23s
129350K .......... .......... .......... .......... .......... 85% 1.59M 23s
129400K .......... .......... .......... .......... .......... 85%  830K 23s
129450K .......... .......... .......... .......... .......... 85% 1.11M 23s
129500K .......... .......... .......... .......... .......... 85%  879K 22s
129550K .......... .......... .......... .......... .......... 85% 1.66M 22s
129600K .......... .......... .......... .......... .......... 85% 1.56M 22s
129650K .......... .......... .......... .......... .......... 85% 2.34M 22s
129700K .......... .......... .......... .......... .......... 85% 1.79M 22s
129750K .......... .......... .......... .......... .......... 85% 4.28M 22s
129800K .......... .......... .......... .......... .......... 85%  435K 22s
129850K .......... .......... .......... .......... .......... 85% 2.76M 22s
129900K .......... .......... .......... .......... .......... 85% 1.43M 22s
129950K .......... .......... .......... .......... .......... 85% 1.06M 22s
130000K .......... .......... .......... .......... .......... 85% 1.41M 22s
130050K .......... .......... .......... .......... .......... 85% 3.32M 22s
130100K .......... .......... .......... .......... .......... 85% 1.50M 22s
130150K .......... .......... .......... .......... .......... 85% 2.56M 22s
130200K .......... .......... .......... .......... .......... 85% 1.08M 22s
130250K .......... .......... .......... .......... .......... 85% 1.08M 22s
130300K .......... .......... .......... .......... .......... 85% 2.53M 22s
130350K .......... .......... .......... .......... .......... 85% 1006K 22s
130400K .......... .......... .......... .......... .......... 85% 1.60M 22s
130450K .......... .......... .......... .......... .......... 85% 2.21M 21s
130500K .......... .......... .......... .......... .......... 85% 3.36M 21s
130550K .......... .......... .......... .......... .......... 85% 1006K 21s
130600K .......... .......... .......... .......... .......... 86%  939K 21s
130650K .......... .......... .......... .......... .......... 86% 5.50M 21s
130700K .......... .......... .......... .......... .......... 86% 2.08M 21s
130750K .......... .......... .......... .......... .......... 86% 1.10M 21s
130800K .......... .......... .......... .......... .......... 86% 2.45M 21s
130850K .......... .......... .......... .......... .......... 86% 1.73M 21s
130900K .......... .......... .......... .......... .......... 86% 3.05M 21s
130950K .......... .......... .......... .......... .......... 86% 1.79M 21s
131000K .......... .......... .......... .......... .......... 86% 2.01M 21s
131050K .......... .......... .......... .......... .......... 86% 3.36M 21s
131100K .......... .......... .......... .......... .......... 86% 3.67M 21s
131150K .......... .......... .......... .......... .......... 86% 1.44M 21s
131200K .......... .......... .......... .......... .......... 86% 1.25M 21s
131250K .......... .......... .......... .......... .......... 86% 2.71M 21s
131300K .......... .......... .......... .......... .......... 86%  975K 21s
131350K .......... .......... .......... .......... .......... 86%  670K 21s
131400K .......... .......... .......... .......... .......... 86% 3.65M 20s
131450K .......... .......... .......... .......... .......... 86% 4.99M 20s
131500K .......... .......... .......... .......... .......... 86%  537K 20s
131550K .......... .......... .......... .......... .......... 86% 1.70M 20s
131600K .......... .......... .......... .......... .......... 86% 1.33M 20s
131650K .......... .......... .......... .......... .......... 86% 1.17M 20s
131700K .......... .......... .......... .......... .......... 86% 1.89M 20s
131750K .......... .......... .......... .......... .......... 86% 2.93M 20s
131800K .......... .......... .......... .......... .......... 86%  343K 20s
131850K .......... .......... .......... .......... .......... 86% 27.1M 20s
131900K .......... .......... .......... .......... .......... 86%  147M 20s
131950K .......... .......... .......... .......... .......... 86% 2.20M 20s
132000K .......... .......... .......... .......... .......... 86%  658K 20s
132050K .......... .......... .......... .......... .......... 86% 1.68M 20s
132100K .......... .......... .......... .......... .......... 87% 1.12M 20s
132150K .......... .......... .......... .......... .......... 87% 1.58M 20s
132200K .......... .......... .......... .......... .......... 87% 1.79M 20s
132250K .......... .......... .......... .......... .......... 87% 1.31M 20s
132300K .......... .......... .......... .......... .......... 87% 1.48M 20s
132350K .......... .......... .......... .......... .......... 87%  332K 19s
132400K .......... .......... .......... .......... .......... 87% 90.9M 19s
132450K .......... .......... .......... .......... .......... 87%  139M 19s
132500K .......... .......... .......... .......... .......... 87%  669K 19s
132550K .......... .......... .......... .......... .......... 87%  223K 19s
132600K .......... .......... .......... .......... .......... 87%  154M 19s
132650K .......... .......... .......... .......... .......... 87%  726K 19s
132700K .......... .......... .......... .......... .......... 87% 1.57M 19s
132750K .......... .......... .......... .......... .......... 87%  913K 19s
132800K .......... .......... .......... .......... .......... 87% 1.26M 19s
132850K .......... .......... .......... .......... .......... 87% 1.84M 19s
132900K .......... .......... .......... .......... .......... 87% 1.73M 19s
132950K .......... .......... .......... .......... .......... 87%  725K 19s
133000K .......... .......... .......... .......... .......... 87%  671K 19s
133050K .......... .......... .......... .......... .......... 87%  860K 19s
133100K .......... .......... .......... .......... .......... 87% 1.06M 19s
133150K .......... .......... .......... .......... .......... 87% 1.17M 19s
133200K .......... .......... .......... .......... .......... 87%  849K 19s
133250K .......... .......... .......... .......... .......... 87%  923K 19s
133300K .......... .......... .......... .......... .......... 87% 1.00M 19s
133350K .......... .......... .......... .......... .......... 87%  543K 19s
133400K .......... .......... .......... .......... .......... 87% 3.38M 18s
133450K .......... .......... .......... .......... .......... 87%  523K 18s
133500K .......... .......... .......... .......... .......... 87% 1.65M 18s
133550K .......... .......... .......... .......... .......... 87%  859K 18s
133600K .......... .......... .......... .......... .......... 87% 1.31M 18s
133650K .......... .......... .......... .......... .......... 88%  789K 18s
133700K .......... .......... .......... .......... .......... 88% 1.18M 18s
133750K .......... .......... .......... .......... .......... 88% 1.19M 18s
133800K .......... .......... .......... .......... .......... 88% 1.19M 18s
133850K .......... .......... .......... .......... .......... 88% 1.42M 18s
133900K .......... .......... .......... .......... .......... 88%  794K 18s
133950K .......... .......... .......... .......... .......... 88% 1.68M 18s
134000K .......... .......... .......... .......... .......... 88% 1.34M 18s
134050K .......... .......... .......... .......... .......... 88% 1.13M 18s
134100K .......... .......... .......... .......... .......... 88%  805K 18s
134150K .......... .......... .......... .......... .......... 88% 1.58M 18s
134200K .......... .......... .......... .......... .......... 88%  420K 18s
134250K .......... .......... .......... .......... .......... 88% 1.18M 18s
134300K .......... .......... .......... .......... .......... 88% 3.28M 18s
134350K .......... .......... .......... .......... .......... 88%  973K 17s
134400K .......... .......... .......... .......... .......... 88% 1.25M 17s
134450K .......... .......... .......... .......... .......... 88% 2.59M 17s
134500K .......... .......... .......... .......... .......... 88%  697K 17s
134550K .......... .......... .......... .......... .......... 88% 2.68M 17s
134600K .......... .......... .......... .......... .......... 88%  593K 17s
134650K .......... .......... .......... .......... .......... 88%  271K 17s
134700K .......... .......... .......... .......... .......... 88%  183M 17s
134750K .......... .......... .......... .......... .......... 88%  230M 17s
134800K .......... .......... .......... .......... .......... 88%  871K 17s
134850K .......... .......... .......... .......... .......... 88%  765K 17s
134900K .......... .......... .......... .......... .......... 88%  409K 17s
134950K .......... .......... .......... .......... .......... 88%  619K 17s
135000K .......... .......... .......... .......... .......... 88% 1.40M 17s
135050K .......... .......... .......... .......... .......... 88% 1.72M 17s
135100K .......... .......... .......... .......... .......... 88% 1.65M 17s
135150K .......... .......... .......... .......... .......... 89%  801K 17s
135200K .......... .......... .......... .......... .......... 89% 1.56M 17s
135250K .......... .......... .......... .......... .......... 89% 1.73M 17s
135300K .......... .......... .......... .......... .......... 89% 2.30M 17s
135350K .......... .......... .......... .......... .......... 89% 1.02M 16s
135400K .......... .......... .......... .......... .......... 89% 5.12M 16s
135450K .......... .......... .......... .......... .......... 89% 2.33M 16s
135500K .......... .......... .......... .......... .......... 89%  831K 16s
135550K .......... .......... .......... .......... .......... 89% 1.03M 16s
135600K .......... .......... .......... .......... .......... 89%  553K 16s
135650K .......... .......... .......... .......... .......... 89% 2.05M 16s
135700K .......... .......... .......... .......... .......... 89%  534K 16s
135750K .......... .......... .......... .......... .......... 89% 2.12M 16s
135800K .......... .......... .......... .......... .......... 89%  692K 16s
135850K .......... .......... .......... .......... .......... 89% 1006K 16s
135900K .......... .......... .......... .......... .......... 89%  630K 16s
135950K .......... .......... .......... .......... .......... 89%  427K 16s
136000K .......... .......... .......... .......... .......... 89%  196M 16s
136050K .......... .......... .......... .......... .......... 89% 6.10M 16s
136100K .......... .......... .......... .......... .......... 89%  721K 16s
136150K .......... .......... .......... .......... .......... 89% 1.23M 16s
136200K .......... .......... .......... .......... .......... 89%  980K 16s
136250K .......... .......... .......... .......... .......... 89% 1.29M 16s
136300K .......... .......... .......... .......... .......... 89% 2.64M 16s
136350K .......... .......... .......... .......... .......... 89%  818K 15s
136400K .......... .......... .......... .......... .......... 89%  914K 15s
136450K .......... .......... .......... .......... .......... 89% 1.75M 15s
136500K .......... .......... .......... .......... .......... 89%  843K 15s
136550K .......... .......... .......... .......... .......... 89%  648K 15s
136600K .......... .......... .......... .......... .......... 89% 1.91M 15s
136650K .......... .......... .......... .......... .......... 90% 3.20M 15s
136700K .......... .......... .......... .......... .......... 90%  668K 15s
136750K .......... .......... .......... .......... .......... 90% 2.19M 15s
136800K .......... .......... .......... .......... .......... 90%  723K 15s
136850K .......... .......... .......... .......... .......... 90% 1.78M 15s
136900K .......... .......... .......... .......... .......... 90% 2.23M 15s
136950K .......... .......... .......... .......... .......... 90% 1.08M 15s
137000K .......... .......... .......... .......... .......... 90% 1.66M 15s
137050K .......... .......... .......... .......... .......... 90% 1.12M 15s
137100K .......... .......... .......... .......... .......... 90% 1.19M 15s
137150K .......... .......... .......... .......... .......... 90% 1.74M 15s
137200K .......... .......... .......... .......... .......... 90%  972K 15s
137250K .......... .......... .......... .......... .......... 90% 1.33M 15s
137300K .......... .......... .......... .......... .......... 90% 1.69M 15s
137350K .......... .......... .......... .......... .......... 90% 1.21M 14s
137400K .......... .......... .......... .......... .......... 90% 4.05M 14s
137450K .......... .......... .......... .......... .......... 90% 1009K 14s
137500K .......... .......... .......... .......... .......... 90% 1.00M 14s
137550K .......... .......... .......... .......... .......... 90% 1.27M 14s
137600K .......... .......... .......... .......... .......... 90% 1.77M 14s
137650K .......... .......... .......... .......... .......... 90%  556K 14s
137700K .......... .......... .......... .......... .......... 90%  396K 14s
137750K .......... .......... .......... .......... .......... 90%  656K 14s
137800K .......... .......... .......... .......... .......... 90%  189K 14s
137850K .......... .......... .......... .......... .......... 90% 59.7M 14s
137900K .......... .......... .......... .......... .......... 90%  293K 14s
137950K .......... .......... .......... .......... .......... 90%  379K 14s
138000K .......... .......... .......... .......... .......... 90%  660K 14s
138050K .......... .......... .......... .......... .......... 90%  606K 14s
138100K .......... .......... .......... .......... .......... 90%  913K 14s
138150K .......... .......... .......... .......... .......... 90% 1.01M 14s
138200K .......... .......... .......... .......... .......... 91% 1.83M 14s
138250K .......... .......... .......... .......... .......... 91% 1.62M 14s
138300K .......... .......... .......... .......... .......... 91%  889K 14s
138350K .......... .......... .......... .......... .......... 91%  525K 14s
138400K .......... .......... .......... .......... .......... 91%  334K 13s
138450K .......... .......... .......... .......... .......... 91%  697K 13s
138500K .......... .......... .......... .......... .......... 91% 1.12M 13s
138550K .......... .......... .......... .......... .......... 91% 1.73M 13s
138600K .......... .......... .......... .......... .......... 91% 1.46M 13s
138650K .......... .......... .......... .......... .......... 91% 1.27M 13s
138700K .......... .......... .......... .......... .......... 91%  792K 13s
138750K .......... .......... .......... .......... .......... 91% 1.93M 13s
138800K .......... .......... .......... .......... .......... 91%  393K 13s
138850K .......... .......... .......... .......... .......... 91% 2.02M 13s
138900K .......... .......... .......... .......... .......... 91% 1.01M 13s
138950K .......... .......... .......... .......... .......... 91% 1010K 13s
139000K .......... .......... .......... .......... .......... 91%  845K 13s
139050K .......... .......... .......... .......... .......... 91% 1.17M 13s
139100K .......... .......... .......... .......... .......... 91% 1.26M 13s
139150K .......... .......... .......... .......... .......... 91% 1.73M 13s
139200K .......... .......... .......... .......... .......... 91% 1.77M 13s
139250K .......... .......... .......... .......... .......... 91% 2.54M 13s
139300K .......... .......... .......... .......... .......... 91% 2.07M 13s
139350K .......... .......... .......... .......... .......... 91%  833K 13s
139400K .......... .......... .......... .......... .......... 91% 3.20M 12s
139450K .......... .......... .......... .......... .......... 91% 1001K 12s
139500K .......... .......... .......... .......... .......... 91% 2.28M 12s
139550K .......... .......... .......... .......... .......... 91% 1022K 12s
139600K .......... .......... .......... .......... .......... 91%  668K 12s
139650K .......... .......... .......... .......... .......... 91% 3.79M 12s
139700K .......... .......... .......... .......... .......... 92% 1.48M 12s
139750K .......... .......... .......... .......... .......... 92% 1.08M 12s
139800K .......... .......... .......... .......... .......... 92% 2.01M 12s
139850K .......... .......... .......... .......... .......... 92% 1.49M 12s
139900K .......... .......... .......... .......... .......... 92% 1.47M 12s
139950K .......... .......... .......... .......... .......... 92% 4.82M 12s
140000K .......... .......... .......... .......... .......... 92%  702K 12s
140050K .......... .......... .......... .......... .......... 92% 3.77M 12s
140100K .......... .......... .......... .......... .......... 92%  865K 12s
140150K .......... .......... .......... .......... .......... 92%  978K 12s
140200K .......... .......... .......... .......... .......... 92% 1.34M 12s
140250K .......... .......... .......... .......... .......... 92% 1.23M 12s
140300K .......... .......... .......... .......... .......... 92% 1.36M 12s
140350K .......... .......... .......... .......... .......... 92% 1.57M 11s
140400K .......... .......... .......... .......... .......... 92%  176K 11s
140450K .......... .......... .......... .......... .......... 92%  838K 11s
140500K .......... .......... .......... .......... .......... 92% 4.90M 11s
140550K .......... .......... .......... .......... .......... 92%  464K 11s
140600K .......... .......... .......... .......... .......... 92% 1.01M 11s
140650K .......... .......... .......... .......... .......... 92%  691K 11s
140700K .......... .......... .......... .......... .......... 92%  736K 11s
140750K .......... .......... .......... .......... .......... 92% 1.25M 11s
140800K .......... .......... .......... .......... .......... 92% 1.32M 11s
140850K .......... .......... .......... .......... .......... 92%  271K 11s
140900K .......... .......... .......... .......... .......... 92%  123M 11s
140950K .......... .......... .......... .......... .......... 92% 4.90M 11s
141000K .......... .......... .......... .......... .......... 92% 1009K 11s
141050K .......... .......... .......... .......... .......... 92%  689K 11s
141100K .......... .......... .......... .......... .......... 92% 6.70M 11s
141150K .......... .......... .......... .......... .......... 92% 1.65M 11s
141200K .......... .......... .......... .......... .......... 92% 1.98M 11s
141250K .......... .......... .......... .......... .......... 93% 1.00M 11s
141300K .......... .......... .......... .......... .......... 93% 2.82M 11s
141350K .......... .......... .......... .......... .......... 93%  791K 11s
141400K .......... .......... .......... .......... .......... 93% 3.00M 10s
141450K .......... .......... .......... .......... .......... 93%  658K 10s
141500K .......... .......... .......... .......... .......... 93% 1.28M 10s
141550K .......... .......... .......... .......... .......... 93%  160K 10s
141600K .......... .......... .......... .......... .......... 93%  270K 10s
141650K .......... .......... .......... .......... .......... 93% 28.6M 10s
141700K .......... .......... .......... .......... .......... 93% 1.73M 10s
141750K .......... .......... .......... .......... .......... 93%  604K 10s
141800K .......... .......... .......... .......... .......... 93% 1.60M 10s
141850K .......... .......... .......... .......... .......... 93% 1.31M 10s
141900K .......... .......... .......... .......... .......... 93%  480K 10s
141950K .......... .......... .......... .......... .......... 93%  930K 10s
142000K .......... .......... .......... .......... .......... 93%  745K 10s
142050K .......... .......... .......... .......... .......... 93% 1.91M 10s
142100K .......... .......... .......... .......... .......... 93% 2.43M 10s
142150K .......... .......... .......... .......... .......... 93%  802K 10s
142200K .......... .......... .......... .......... .......... 93% 1.89M 10s
142250K .......... .......... .......... .......... .......... 93% 3.39M 10s
142300K .......... .......... .......... .......... .......... 93%  692K 10s
142350K .......... .......... .......... .......... .......... 93% 1.14M 10s
142400K .......... .......... .......... .......... .......... 93% 1.36M 9s
142450K .......... .......... .......... .......... .......... 93% 2.20M 9s
142500K .......... .......... .......... .......... .......... 93% 1.98M 9s
142550K .......... .......... .......... .......... .......... 93%  462K 9s
142600K .......... .......... .......... .......... .......... 93% 5.56M 9s
142650K .......... .......... .......... .......... .......... 93%  934K 9s
142700K .......... .......... .......... .......... .......... 93% 3.17M 9s
142750K .......... .......... .......... .......... .......... 94% 1.75M 9s
142800K .......... .......... .......... .......... .......... 94% 1.94M 9s
142850K .......... .......... .......... .......... .......... 94% 1.27M 9s
142900K .......... .......... .......... .......... .......... 94% 2.80M 9s
142950K .......... .......... .......... .......... .......... 94% 2.94M 9s
143000K .......... .......... .......... .......... .......... 94% 1.18M 9s
143050K .......... .......... .......... .......... .......... 94% 2.28M 9s
143100K .......... .......... .......... .......... .......... 94% 3.48M 9s
143150K .......... .......... .......... .......... .......... 94% 1.04M 9s
143200K .......... .......... .......... .......... .......... 94% 2.04M 9s
143250K .......... .......... .......... .......... .......... 94% 1.30M 9s
143300K .......... .......... .......... .......... .......... 94% 3.65M 9s
143350K .......... .......... .......... .......... .......... 94% 1.51M 9s
143400K .......... .......... .......... .......... .......... 94% 1.58M 8s
143450K .......... .......... .......... .......... .......... 94% 1.70M 8s
143500K .......... .......... .......... .......... .......... 94%  963K 8s
143550K .......... .......... .......... .......... .......... 94% 1.63M 8s
143600K .......... .......... .......... .......... .......... 94% 1.19M 8s
143650K .......... .......... .......... .......... .......... 94% 1.83M 8s
143700K .......... .......... .......... .......... .......... 94% 1.53M 8s
143750K .......... .......... .......... .......... .......... 94% 1.28M 8s
143800K .......... .......... .......... .......... .......... 94% 1.25M 8s
143850K .......... .......... .......... .......... .......... 94%  648K 8s
143900K .......... .......... .......... .......... .......... 94% 2.02M 8s
143950K .......... .......... .......... .......... .......... 94% 2.07M 8s
144000K .......... .......... .......... .......... .......... 94%  923K 8s
144050K .......... .......... .......... .......... .......... 94% 2.55M 8s
144100K .......... .......... .......... .......... .......... 94%  869K 8s
144150K .......... .......... .......... .......... .......... 94% 1.87M 8s
144200K .......... .......... .......... .......... .......... 94% 2.03M 8s
144250K .......... .......... .......... .......... .......... 95% 1.46M 8s
144300K .......... .......... .......... .......... .......... 95% 2.47M 8s
144350K .......... .......... .......... .......... .......... 95%  373K 7s
144400K .......... .......... .......... .......... .......... 95%  996K 7s
144450K .......... .......... .......... .......... .......... 95% 1.39M 7s
144500K .......... .......... .......... .......... .......... 95% 1.11M 7s
144550K .......... .......... .......... .......... .......... 95% 2.38M 7s
144600K .......... .......... .......... .......... .......... 95% 2.09M 7s
144650K .......... .......... .......... .......... .......... 95% 1.65M 7s
144700K .......... .......... .......... .......... .......... 95% 2.31M 7s
144750K .......... .......... .......... .......... .......... 95% 1.02M 7s
144800K .......... .......... .......... .......... .......... 95% 1.90M 7s
144850K .......... .......... .......... .......... .......... 95%  724K 7s
144900K .......... .......... .......... .......... .......... 95% 2.12M 7s
144950K .......... .......... .......... .......... .......... 95% 1.55M 7s
145000K .......... .......... .......... .......... .......... 95% 2.31M 7s
145050K .......... .......... .......... .......... .......... 95% 2.68M 7s
145100K .......... .......... .......... .......... .......... 95% 1.06M 7s
145150K .......... .......... .......... .......... .......... 95%  783K 7s
145200K .......... .......... .......... .......... .......... 95% 1.40M 7s
145250K .......... .......... .......... .......... .......... 95%  503K 7s
145300K .......... .......... .......... .......... .......... 95% 1.65M 7s
145350K .......... .......... .......... .......... .......... 95% 2.35M 6s
145400K .......... .......... .......... .......... .......... 95% 1.99M 6s
145450K .......... .......... .......... .......... .......... 95% 1.82M 6s
145500K .......... .......... .......... .......... .......... 95% 1.38M 6s
145550K .......... .......... .......... .......... .......... 95% 4.75M 6s
145600K .......... .......... .......... .......... .......... 95% 1.13M 6s
145650K .......... .......... .......... .......... .......... 95% 2.07M 6s
145700K .......... .......... .......... .......... .......... 95% 1.18M 6s
145750K .......... .......... .......... .......... .......... 95% 2.74M 6s
145800K .......... .......... .......... .......... .......... 96% 1.46M 6s
145850K .......... .......... .......... .......... .......... 96% 1.53M 6s
145900K .......... .......... .......... .......... .......... 96% 2.46M 6s
145950K .......... .......... .......... .......... .......... 96% 2.89M 6s
146000K .......... .......... .......... .......... .......... 96% 1.42M 6s
146050K .......... .......... .......... .......... .......... 96%  654K 6s
146100K .......... .......... .......... .......... .......... 96%  530K 6s
146150K .......... .......... .......... .......... .......... 96% 1.45M 6s
146200K .......... .......... .......... .......... .......... 96%  884K 6s
146250K .......... .......... .......... .......... .......... 96%  379K 6s
146300K .......... .......... .......... .......... .......... 96%  430K 6s
146350K .......... .......... .......... .......... .......... 96%  257K 5s
146400K .......... .......... .......... .......... .......... 96% 2.47M 5s
146450K .......... .......... .......... .......... .......... 96% 3.67M 5s
146500K .......... .......... .......... .......... .......... 96%  749K 5s
146550K .......... .......... .......... .......... .......... 96%  931K 5s
146600K .......... .......... .......... .......... .......... 96%  952K 5s
146650K .......... .......... .......... .......... .......... 96%  884K 5s
146700K .......... .......... .......... .......... .......... 96% 1.92M 5s
146750K .......... .......... .......... .......... .......... 96%  999K 5s
146800K .......... .......... .......... .......... .......... 96%  575K 5s
146850K .......... .......... .......... .......... .......... 96% 3.07M 5s
146900K .......... .......... .......... .......... .......... 96%  756K 5s
146950K .......... .......... .......... .......... .......... 96%  662K 5s
147000K .......... .......... .......... .......... .......... 96% 2.81M 5s
147050K .......... .......... .......... .......... .......... 96% 1.17M 5s
147100K .......... .......... .......... .......... .......... 96%  542K 5s
147150K .......... .......... .......... .......... .......... 96%  895K 5s
147200K .......... .......... .......... .......... .......... 96% 1.04M 5s
147250K .......... .......... .......... .......... .......... 96% 1.17M 5s
147300K .......... .......... .......... .......... .......... 97%  657K 5s
147350K .......... .......... .......... .......... .......... 97%  860K 4s
147400K .......... .......... .......... .......... .......... 97% 1.42M 4s
147450K .......... .......... .......... .......... .......... 97% 1.01M 4s
147500K .......... .......... .......... .......... .......... 97% 1.13M 4s
147550K .......... .......... .......... .......... .......... 97% 1.29M 4s
147600K .......... .......... .......... .......... .......... 97% 2.06M 4s
147650K .......... .......... .......... .......... .......... 97%  626K 4s
147700K .......... .......... .......... .......... .......... 97%  998K 4s
147750K .......... .......... .......... .......... .......... 97% 1.39M 4s
147800K .......... .......... .......... .......... .......... 97%  901K 4s
147850K .......... .......... .......... .......... .......... 97%  961K 4s
147900K .......... .......... .......... .......... .......... 97% 1.03M 4s
147950K .......... .......... .......... .......... .......... 97%  992K 4s
148000K .......... .......... .......... .......... .......... 97% 1.27M 4s
148050K .......... .......... .......... .......... .......... 97% 1.07M 4s
148100K .......... .......... .......... .......... .......... 97% 6.58M 4s
148150K .......... .......... .......... .......... .......... 97%  774K 4s
148200K .......... .......... .......... .......... .......... 97% 1.96M 4s
148250K .......... .......... .......... .......... .......... 97% 1.47M 4s
148300K .......... .......... .......... .......... .......... 97% 2.57M 4s
148350K .......... .......... .......... .......... .......... 97%  626K 3s
148400K .......... .......... .......... .......... .......... 97% 1.20M 3s
148450K .......... .......... .......... .......... .......... 97% 1.02M 3s
148500K .......... .......... .......... .......... .......... 97% 1.47M 3s
148550K .......... .......... .......... .......... .......... 97% 1.43M 3s
148600K .......... .......... .......... .......... .......... 97% 3.03M 3s
148650K .......... .......... .......... .......... .......... 97% 1.07M 3s
148700K .......... .......... .......... .......... .......... 97% 1.17M 3s
148750K .......... .......... .......... .......... .......... 97% 1.40M 3s
148800K .......... .......... .......... .......... .......... 98%  774K 3s
148850K .......... .......... .......... .......... .......... 98% 3.14M 3s
148900K .......... .......... .......... .......... .......... 98% 1.78M 3s
148950K .......... .......... .......... .......... .......... 98%  901K 3s
149000K .......... .......... .......... .......... .......... 98% 1.02M 3s
149050K .......... .......... .......... .......... .......... 98% 1.32M 3s
149100K .......... .......... .......... .......... .......... 98% 1.82M 3s
149150K .......... .......... .......... .......... .......... 98%  535K 3s
149200K .......... .......... .......... .......... .......... 98% 1.73M 3s
149250K .......... .......... .......... .......... .......... 98% 1.44M 3s
149300K .......... .......... .......... .......... .......... 98% 1.45M 3s
149350K .......... .......... .......... .......... .......... 98% 1.57M 2s
149400K .......... .......... .......... .......... .......... 98% 4.23M 2s
149450K .......... .......... .......... .......... .......... 98%  985K 2s
149500K .......... .......... .......... .......... .......... 98% 1.14M 2s
149550K .......... .......... .......... .......... .......... 98%  415K 2s
149600K .......... .......... .......... .......... .......... 98% 1.09M 2s
149650K .......... .......... .......... .......... .......... 98% 2.76M 2s
149700K .......... .......... .......... .......... .......... 98%  924K 2s
149750K .......... .......... .......... .......... .......... 98% 2.05M 2s
149800K .......... .......... .......... .......... .......... 98% 1.35M 2s
149850K .......... .......... .......... .......... .......... 98% 1.25M 2s
149900K .......... .......... .......... .......... .......... 98% 1.89M 2s
149950K .......... .......... .......... .......... .......... 98% 1006K 2s
150000K .......... .......... .......... .......... .......... 98% 1.45M 2s
150050K .......... .......... .......... .......... .......... 98%  895K 2s
150100K .......... .......... .......... .......... .......... 98% 1.03M 2s
150150K .......... .......... .......... .......... .......... 98% 1.28M 2s
150200K .......... .......... .......... .......... .......... 98% 1.55M 2s
150250K .......... .......... .......... .......... .......... 98% 2.17M 2s
150300K .......... .......... .......... .......... .......... 98% 1.80M 2s
150350K .......... .......... .......... .......... .......... 99% 1.61M 1s
150400K .......... .......... .......... .......... .......... 99% 1.49M 1s
150450K .......... .......... .......... .......... .......... 99% 1.34M 1s
150500K .......... .......... .......... .......... .......... 99% 2.27M 1s
150550K .......... .......... .......... .......... .......... 99% 2.97M 1s
150600K .......... .......... .......... .......... .......... 99% 1010K 1s
150650K .......... .......... .......... .......... .......... 99%  714K 1s
150700K .......... .......... .......... .......... .......... 99% 2.76M 1s
150750K .......... .......... .......... .......... .......... 99% 1.27M 1s
150800K .......... .......... .......... .......... .......... 99% 1.38M 1s
150850K .......... .......... .......... .......... .......... 99% 1.81M 1s
150900K .......... .......... .......... .......... .......... 99% 1.19M 1s
150950K .......... .......... .......... .......... .......... 99% 2.09M 1s
151000K .......... .......... .......... .......... .......... 99%  818K 1s
151050K .......... .......... .......... .......... .......... 99% 1.11M 1s
151100K .......... .......... .......... .......... .......... 99% 1.42M 1s
151150K .......... .......... .......... .......... .......... 99% 1.52M 1s
151200K .......... .......... .......... .......... .......... 99% 2.09M 1s
151250K .......... .......... .......... .......... .......... 99% 2.27M 1s
151300K .......... .......... .......... .......... .......... 99%  760K 1s
151350K .......... .......... .......... .......... .......... 99%  511K 0s
151400K .......... .......... .......... .......... .......... 99% 1.76M 0s
151450K .......... .......... .......... .......... .......... 99% 1006K 0s
151500K .......... .......... .......... .......... .......... 99%  795K 0s
151550K .......... .......... .......... .......... .......... 99%  979K 0s
151600K .......... .......... .......... .......... .......... 99%  610K 0s
151650K .......... .......... .......... .......... .......... 99% 2.00M 0s
151700K .......... .......... .......... .......... .......... 99% 1.27M 0s
151750K .......... .......... .......... .......... .......... 99% 2.40M 0s
151800K .......... .......... .......... .......... .......... 99%  833K 0s
151850K .......... .......... .......... ..                   100% 1.07M=2m31s

2026-05-28 15:33:36 (1005 KB/s) - ‘mirror/web.engr.oregonstate.edu/~mjb/whirlwind/FluidSimulation.avi’ saved [155527244/155527244]

--2026-05-28 15:33:36--  https://web.engr.oregonstate.edu/~mjb/whirlwind/MandelZoom.mp4
Reusing existing connection to web.engr.oregonstate.edu:443.
HTTP request sent, awaiting response... 200 OK
Length: 8842376 (8.4M) [video/mp4]
Saving to: ‘mirror/web.engr.oregonstate.edu/~mjb/whirlwind/MandelZoom.mp4’

     0K .......... .......... .......... .......... ..........  0%  776K 11s
    50K .......... .......... .......... .......... ..........  1% 2.16M 7s
   100K .......... .......... .......... .......... ..........  1% 2.47M 6s
   150K .......... .......... .......... .......... ..........  2% 2.18M 5s
   200K .......... .......... .......... .......... ..........  2% 5.36M 5s
   250K .......... .......... .......... .......... ..........  3% 1.24M 5s
   300K .......... .......... .......... .......... ..........  4%  270K 9s
   350K .......... .......... .......... .......... ..........  4%  259M 7s
   400K .......... .......... .......... .......... ..........  5% 3.78M 7s
   450K .......... .......... .......... .......... ..........  5% 2.54M 6s
   500K .......... .......... .......... .......... ..........  6% 4.80M 6s
   550K .......... .......... .......... .......... ..........  6%  887K 6s
   600K .......... .......... .......... .......... ..........  7% 1.87M 6s
   650K .......... .......... .......... .......... ..........  8% 1.48M 6s
   700K .......... .......... .......... .......... ..........  8% 1.48M 6s
   750K .......... .......... .......... .......... ..........  9% 1.41M 6s
   800K .......... .......... .......... .......... ..........  9%  823K 6s
   850K .......... .......... .......... .......... .......... 10% 1.26M 6s
   900K .......... .......... .......... .......... .......... 11% 1.21M 6s
   950K .......... .......... .......... .......... .......... 11% 2.04M 6s
  1000K .......... .......... .......... .......... .......... 12%  974K 6s
  1050K .......... .......... .......... .......... .......... 12% 1.43M 6s
  1100K .......... .......... .......... .......... .......... 13%  618K 6s
  1150K .......... .......... .......... .......... .......... 13% 1024K 6s
  1200K .......... .......... .......... .......... .......... 14%  697K 6s
  1250K .......... .......... .......... .......... .......... 15% 1.03M 6s
  1300K .......... .......... .......... .......... .......... 15% 4.57M 6s
  1350K .......... .......... .......... .......... .......... 16%  785K 6s
  1400K .......... .......... .......... .......... .......... 16% 1.28M 6s
  1450K .......... .......... .......... .......... .......... 17% 1.45M 6s
  1500K .......... .......... .......... .......... .......... 17% 1.31M 6s
  1550K .......... .......... .......... .......... .......... 18% 1.80M 6s
  1600K .......... .......... .......... .......... .......... 19%  884K 6s
  1650K .......... .......... .......... .......... .......... 19%  896K 6s
  1700K .......... .......... .......... .......... .......... 20%  927K 6s
  1750K .......... .......... .......... .......... .......... 20% 1.41M 6s
  1800K .......... .......... .......... .......... .......... 21% 1.57M 6s
  1850K .......... .......... .......... .......... .......... 22%  845K 6s
  1900K .......... .......... .......... .......... .......... 22%  860K 6s
  1950K .......... .......... .......... .......... .......... 23%  887K 6s
  2000K .......... .......... .......... .......... .......... 23% 2.54M 6s
  2050K .......... .......... .......... .......... .......... 24% 1.09M 5s
  2100K .......... .......... .......... .......... .......... 24% 2.87M 5s
  2150K .......... .......... .......... .......... .......... 25%  877K 5s
  2200K .......... .......... .......... .......... .......... 26% 1.96M 5s
  2250K .......... .......... .......... .......... .......... 26%  703K 5s
  2300K .......... .......... .......... .......... .......... 27% 1.21M 5s
  2350K .......... .......... .......... .......... .......... 27%  427K 5s
  2400K .......... .......... .......... .......... .......... 28%  553K 6s
  2450K .......... .......... .......... .......... .......... 28% 2.43M 5s
  2500K .......... .......... .......... .......... .......... 29% 3.93M 5s
  2550K .......... .......... .......... .......... .......... 30%  999K 5s
  2600K .......... .......... .......... .......... .......... 30% 2.71M 5s
  2650K .......... .......... .......... .......... .......... 31%  690K 5s
  2700K .......... .......... .......... .......... .......... 31% 1.26M 5s
  2750K .......... .......... .......... .......... .......... 32% 2.51M 5s
  2800K .......... .......... .......... .......... .......... 33% 1.26M 5s
  2850K .......... .......... .......... .......... .......... 33% 1.96M 5s
  2900K .......... .......... .......... .......... .......... 34% 3.82M 5s
  2950K .......... .......... .......... .......... .......... 34% 1.81M 5s
  3000K .......... .......... .......... .......... .......... 35% 1.45M 5s
  3050K .......... .......... .......... .......... .......... 35%  838K 5s
  3100K .......... .......... .......... .......... .......... 36% 1.51M 5s
  3150K .......... .......... .......... .......... .......... 37% 2.29M 5s
  3200K .......... .......... .......... .......... .......... 37% 1.62M 4s
  3250K .......... .......... .......... .......... .......... 38% 2.31M 4s
  3300K .......... .......... .......... .......... .......... 38% 1.12M 4s
  3350K .......... .......... .......... .......... .......... 39% 1.07M 4s
  3400K .......... .......... .......... .......... .......... 39% 2.27M 4s
  3450K .......... .......... .......... .......... .......... 40% 1.89M 4s
  3500K .......... .......... .......... .......... .......... 41%  684K 4s
  3550K .......... .......... .......... .......... .......... 41% 7.33M 4s
  3600K .......... .......... .......... .......... .......... 42% 1.13M 4s
  3650K .......... .......... .......... .......... .......... 42% 1.19M 4s
  3700K .......... .......... .......... .......... .......... 43%  545K 4s
  3750K .......... .......... .......... .......... .......... 44% 1.08M 4s
  3800K .......... .......... .......... .......... .......... 44% 1.20M 4s
  3850K .......... .......... .......... .......... .......... 45%  940K 4s
  3900K .......... .......... .......... .......... .......... 45% 2.76M 4s
  3950K .......... .......... .......... .......... .......... 46% 1.08M 4s
  4000K .......... .......... .......... .......... .......... 46% 2.32M 4s
  4050K .......... .......... .......... .......... .......... 47%  972K 4s
  4100K .......... .......... .......... .......... .......... 48% 2.02M 4s
  4150K .......... .......... .......... .......... .......... 48% 1.11M 4s
  4200K .......... .......... .......... .......... .......... 49% 1004K 4s
  4250K .......... .......... .......... .......... .......... 49%  926K 4s
  4300K .......... .......... .......... .......... .......... 50%  701K 4s
  4350K .......... .......... .......... .......... .......... 50%  892K 4s
  4400K .......... .......... .......... .......... .......... 51%  915K 4s
  4450K .......... .......... .......... .......... .......... 52% 1.62M 3s
  4500K .......... .......... .......... .......... .......... 52% 5.25M 3s
  4550K .......... .......... .......... .......... .......... 53% 1.32M 3s
  4600K .......... .......... .......... .......... .......... 53% 1.22M 3s
  4650K .......... .......... .......... .......... .......... 54% 1.44M 3s
  4700K .......... .......... .......... .......... .......... 55% 1.38M 3s
  4750K .......... .......... .......... .......... .......... 55% 1.72M 3s
  4800K .......... .......... .......... .......... .......... 56% 2.10M 3s
  4850K .......... .......... .......... .......... .......... 56%  871K 3s
  4900K .......... .......... .......... .......... .......... 57% 1.99M 3s
  4950K .......... .......... .......... .......... .......... 57%  671K 3s
  5000K .......... .......... .......... .......... .......... 58% 1.20M 3s
  5050K .......... .......... .......... .......... .......... 59%  506K 3s
  5100K .......... .......... .......... .......... .......... 59%  845K 3s
  5150K .......... .......... .......... .......... .......... 60% 1.95M 3s
  5200K .......... .......... .......... .......... .......... 60% 2.02M 3s
  5250K .......... .......... .......... .......... .......... 61%  719K 3s
  5300K .......... .......... .......... .......... .......... 61%  887K 3s
  5350K .......... .......... .......... .......... .......... 62% 1.92M 3s
  5400K .......... .......... .......... .......... .......... 63% 1.20M 3s
  5450K .......... .......... .......... .......... .......... 63%  569K 3s
  5500K .......... .......... .......... .......... .......... 64% 1.11M 3s
  5550K .......... .......... .......... .......... .......... 64% 3.08M 3s
  5600K .......... .......... .......... .......... .......... 65% 1.38M 3s
  5650K .......... .......... .......... .......... .......... 66% 1.75M 2s
  5700K .......... .......... .......... .......... .......... 66% 1.39M 2s
  5750K .......... .......... .......... .......... .......... 67% 1.72M 2s
  5800K .......... .......... .......... .......... .......... 67% 1.19M 2s
  5850K .......... .......... .......... .......... .......... 68% 1.36M 2s
  5900K .......... .......... .......... .......... .......... 68% 2.04M 2s
  5950K .......... .......... .......... .......... .......... 69%  740K 2s
  6000K .......... .......... .......... .......... .......... 70% 1.15M 2s
  6050K .......... .......... .......... .......... .......... 70% 1.70M 2s
  6100K .......... .......... .......... .......... .......... 71% 3.21M 2s
  6150K .......... .......... .......... .......... .......... 71% 1.83M 2s
  6200K .......... .......... .......... .......... .......... 72% 1.52M 2s
  6250K .......... .......... .......... .......... .......... 72%  760K 2s
  6300K .......... .......... .......... .......... .......... 73%  748K 2s
  6350K .......... .......... .......... .......... .......... 74% 2.02M 2s
  6400K .......... .......... .......... .......... .......... 74% 1.71M 2s
  6450K .......... .......... .......... .......... .......... 75% 3.21M 2s
  6500K .......... .......... .......... .......... .......... 75%  734K 2s
  6550K .......... .......... .......... .......... .......... 76% 2.90M 2s
  6600K .......... .......... .......... .......... .......... 77%  596K 2s
  6650K .......... .......... .......... .......... .......... 77% 1.92M 2s
  6700K .......... .......... .......... .......... .......... 78% 2.15M 2s
  6750K .......... .......... .......... .......... .......... 78%  592K 2s
  6800K .......... .......... .......... .......... .......... 79% 1.40M 1s
  6850K .......... .......... .......... .......... .......... 79% 1.40M 1s
  6900K .......... .......... .......... .......... .......... 80%  807K 1s
  6950K .......... .......... .......... .......... .......... 81% 2.91M 1s
  7000K .......... .......... .......... .......... .......... 81% 1.80M 1s
  7050K .......... .......... .......... .......... .......... 82%  761K 1s
  7100K .......... .......... .......... .......... .......... 82% 1.17M 1s
  7150K .......... .......... .......... .......... .......... 83% 2.34M 1s
  7200K .......... .......... .......... .......... .......... 83% 1.17M 1s
  7250K .......... .......... .......... .......... .......... 84% 1.72M 1s
  7300K .......... .......... .......... .......... .......... 85%  790K 1s
  7350K .......... .......... .......... .......... .......... 85%  562K 1s
  7400K .......... .......... .......... .......... .......... 86% 1.09M 1s
  7450K .......... .......... .......... .......... .......... 86% 3.62M 1s
  7500K .......... .......... .......... .......... .......... 87%  998K 1s
  7550K .......... .......... .......... .......... .......... 88% 1.81M 1s
  7600K .......... .......... .......... .......... .......... 88% 1.03M 1s
  7650K .......... .......... .......... .......... .......... 89% 1.27M 1s
  7700K .......... .......... .......... .......... .......... 89% 2.10M 1s
  7750K .......... .......... .......... .......... .......... 90%  749K 1s
  7800K .......... .......... .......... .......... .......... 90% 2.19M 1s
  7850K .......... .......... .......... .......... .......... 91% 1.08M 1s
  7900K .......... .......... .......... .......... .......... 92% 3.63M 1s
  7950K .......... .......... .......... .......... .......... 92% 1.45M 1s
  8000K .......... .......... .......... .......... .......... 93%  924K 0s
  8050K .......... .......... .......... .......... .......... 93% 2.85M 0s
  8100K .......... .......... .......... .......... .......... 94% 1.07M 0s
  8150K .......... .......... .......... .......... .......... 94%  228K 0s
  8200K .......... .......... .......... .......... .......... 95% 11.4M 0s
  8250K .......... .......... .......... .......... .......... 96% 7.09M 0s
  8300K .......... .......... .......... .......... .......... 96% 1.12M 0s
  8350K .......... .......... .......... .......... .......... 97%  785K 0s
  8400K .......... .......... .......... .......... .......... 97% 1.31M 0s
  8450K .......... .......... .......... .......... .......... 98%  686K 0s
  8500K .......... .......... .......... .......... .......... 99% 1.04M 0s
  8550K .......... .......... .......... .......... .......... 99%  468K 0s
  8600K .......... .......... .......... .....                100%  982K=7.4s

2026-05-28 15:33:43 (1.14 MB/s) - ‘mirror/web.engr.oregonstate.edu/~mjb/whirlwind/MandelZoom.mp4’ saved [8842376/8842376]

--2026-05-28 15:33:43--  https://web.engr.oregonstate.edu/~mjb/whirlwind/SixSpheres.mp4
Reusing existing connection to web.engr.oregonstate.edu:443.
HTTP request sent, awaiting response... 200 OK
Length: 1207875 (1.2M) [video/mp4]
Saving to: ‘mirror/web.engr.oregonstate.edu/~mjb/whirlwind/SixSpheres.mp4’

     0K .......... .......... .......... .......... ..........  4% 3.76M 0s
    50K .......... .......... .......... .......... ..........  8% 1.10M 1s
   100K .......... .......... .......... .......... .......... 12%  452K 1s
   150K .......... .......... .......... .......... .......... 16% 2.03M 1s
   200K .......... .......... .......... .......... .......... 21%  873K 1s
   250K .......... .......... .......... .......... .......... 25% 1.19M 1s
   300K .......... .......... .......... .......... .......... 29% 1.03M 1s
   350K .......... .......... .......... .......... .......... 33% 1.63M 1s
   400K .......... .......... .......... .......... .......... 38% 1.08M 1s
   450K .......... .......... .......... .......... .......... 42% 1.00M 1s
   500K .......... .......... .......... .......... .......... 46% 1.13M 1s
   550K .......... .......... .......... .......... .......... 50% 1.62M 1s
   600K .......... .......... .......... .......... .......... 55% 1.27M 0s
   650K .......... .......... .......... .......... .......... 59% 1.30M 0s
   700K .......... .......... .......... .......... .......... 63%  683K 0s
   750K .......... .......... .......... .......... .......... 67%  851K 0s
   800K .......... .......... .......... .......... .......... 72%  505K 0s
   850K .......... .......... .......... .......... .......... 76% 1.28M 0s
   900K .......... .......... .......... .......... .......... 80% 1.22M 0s
   950K .......... .......... .......... .......... .......... 84% 1.99M 0s
  1000K .......... .......... .......... .......... .......... 89% 3.93M 0s
  1050K .......... .......... .......... .......... .......... 93% 2.51M 0s
  1100K .......... .......... .......... .......... .......... 97%  955K 0s
  1150K .......... .......... .........                       100% 3.58M=1.0s

2026-05-28 15:33:44 (1.11 MB/s) - ‘mirror/web.engr.oregonstate.edu/~mjb/whirlwind/SixSpheres.mp4’ saved [1207875/1207875]

--2026-05-28 15:33:44--  https://web.engr.oregonstate.edu/~mjb/whirlwind/Whirlwind.1pp.pdf
Reusing existing connection to web.engr.oregonstate.edu:443.
HTTP request sent, awaiting response... 200 OK
Length: 18194330 (17M) [application/pdf]
Saving to: ‘mirror/web.engr.oregonstate.edu/~mjb/whirlwind/Whirlwind.1pp.pdf’

     0K .......... .......... .......... .......... ..........  0% 1.39M 12s
    50K .......... .......... .......... .......... ..........  0% 1.71M 11s
   100K .......... .......... .......... .......... ..........  0% 2.91M 9s
   150K .......... .......... .......... .......... ..........  1% 1016K 11s
   200K .......... .......... .......... .......... ..........  1%  893K 13s
   250K .......... .......... .......... .......... ..........  1%  814K 14s
   300K .......... .......... .......... .......... ..........  1% 2.76M 13s
   350K .......... .......... .......... .......... ..........  2% 1.59M 13s
   400K .......... .......... .......... .......... ..........  2% 1.29M 13s
   450K .......... .......... .......... .......... ..........  2% 2.43M 12s
   500K .......... .......... .......... .......... ..........  3%  525K 14s
   550K .......... .......... .......... .......... ..........  3% 1.24M 14s
   600K .......... .......... .......... .......... ..........  3% 1.78M 14s
   650K .......... .......... .......... .......... ..........  3%  792K 14s
   700K .......... .......... .......... .......... ..........  4% 1.20M 14s
   750K .......... .......... .......... .......... ..........  4%  901K 14s
   800K .......... .......... .......... .......... ..........  4% 1.57M 14s
   850K .......... .......... .......... .......... ..........  5% 1.44M 14s
   900K .......... .......... .......... .......... ..........  5% 2.18M 13s
   950K .......... .......... .......... .......... ..........  5% 1.95M 13s
  1000K .......... .......... .......... .......... ..........  5% 2.21M 13s
  1050K .......... .......... .......... .......... ..........  6%  671K 13s
  1100K .......... .......... .......... .......... ..........  6% 1.99M 13s
  1150K .......... .......... .......... .......... ..........  6%  610K 14s
  1200K .......... .......... .......... .......... ..........  7% 70.3M 13s
  1250K .......... .......... .......... .......... ..........  7% 1.03M 13s
  1300K .......... .......... .......... .......... ..........  7% 79.3M 13s
  1350K .......... .......... .......... .......... ..........  7%  768K 13s
  1400K .......... .......... .......... .......... ..........  8% 1.44M 13s
  1450K .......... .......... .......... .......... ..........  8% 2.86M 13s
  1500K .......... .......... .......... .......... ..........  8% 1.41M 12s
  1550K .......... .......... .......... .......... ..........  9%  625K 13s
  1600K .......... .......... .......... .......... ..........  9%  155M 12s
  1650K .......... .......... .......... .......... ..........  9% 2.05M 12s
  1700K .......... .......... .......... .......... ..........  9% 3.92M 12s
  1750K .......... .......... .......... .......... .......... 10% 4.45M 12s
  1800K .......... .......... .......... .......... .......... 10% 10.9M 11s
  1850K .......... .......... .......... .......... .......... 10%  708K 12s
  1900K .......... .......... .......... .......... .......... 10% 3.88M 11s
  1950K .......... .......... .......... .......... .......... 11%  478K 12s
  2000K .......... .......... .......... .......... .......... 11% 5.58M 12s
  2050K .......... .......... .......... .......... .......... 11%  130M 11s
  2100K .......... .......... .......... .......... .......... 12%  685K 12s
  2150K .......... .......... .......... .......... .......... 12% 1.15M 12s
  2200K .......... .......... .......... .......... .......... 12% 1.31M 12s
  2250K .......... .......... .......... .......... .......... 12%  213K 13s
  2300K .......... .......... .......... .......... .......... 13% 34.9M 13s
  2350K .......... .......... .......... .......... .......... 13% 2.28M 12s
  2400K .......... .......... .......... .......... .......... 13%  853K 12s
  2450K .......... .......... .......... .......... .......... 14% 1.05M 12s
  2500K .......... .......... .......... .......... .......... 14% 2.11M 12s
  2550K .......... .......... .......... .......... .......... 14% 2.08M 12s
  2600K .......... .......... .......... .......... .......... 14% 1.42M 12s
  2650K .......... .......... .......... .......... .......... 15% 1.49M 12s
  2700K .......... .......... .......... .......... .......... 15% 1.91M 12s
  2750K .......... .......... .......... .......... .......... 15%  971K 12s
  2800K .......... .......... .......... .......... .......... 16% 2.66M 12s
  2850K .......... .......... .......... .......... .......... 16% 1.38M 12s
  2900K .......... .......... .......... .......... .......... 16% 1.33M 12s
  2950K .......... .......... .......... .......... .......... 16%  755K 12s
  3000K .......... .......... .......... .......... .......... 17% 4.44M 12s
  3050K .......... .......... .......... .......... .......... 17%  824K 12s
  3100K .......... .......... .......... .......... .......... 17% 1.28M 12s
  3150K .......... .......... .......... .......... .......... 18% 1.07M 12s
  3200K .......... .......... .......... .......... .......... 18%  700K 12s
  3250K .......... .......... .......... .......... .......... 18% 1.23M 12s
  3300K .......... .......... .......... .......... .......... 18% 3.43M 11s
  3350K .......... .......... .......... .......... .......... 19% 1.14M 11s
  3400K .......... .......... .......... .......... .......... 19% 1.36M 11s
  3450K .......... .......... .......... .......... .......... 19% 1.05M 11s
  3500K .......... .......... .......... .......... .......... 19%  713K 11s
  3550K .......... .......... .......... .......... .......... 20%  631K 12s
  3600K .......... .......... .......... .......... .......... 20% 2.83M 11s
  3650K .......... .......... .......... .......... .......... 20%  857K 11s
  3700K .......... .......... .......... .......... .......... 21% 2.66M 11s
  3750K .......... .......... .......... .......... .......... 21% 1.72M 11s
  3800K .......... .......... .......... .......... .......... 21% 1.15M 11s
  3850K .......... .......... .......... .......... .......... 21% 3.17M 11s
  3900K .......... .......... .......... .......... .......... 22%  736K 11s
  3950K .......... .......... .......... .......... .......... 22% 1.83M 11s
  4000K .......... .......... .......... .......... .......... 22%  204K 12s
  4050K .......... .......... .......... .......... .......... 23% 1.98M 12s
  4100K .......... .......... .......... .......... .......... 23%  763K 12s
  4150K .......... .......... .......... .......... .......... 23% 1.46M 12s
  4200K .......... .......... .......... .......... .......... 23% 1.05M 12s
  4250K .......... .......... .......... .......... .......... 24% 1.08M 12s
  4300K .......... .......... .......... .......... .......... 24%  326K 12s
  4350K .......... .......... .......... .......... .......... 24%  138M 12s
  4400K .......... .......... .......... .......... .......... 25% 2.42M 12s
  4450K .......... .......... .......... .......... .......... 25% 1.76M 11s
  4500K .......... .......... .......... .......... .......... 25% 2.85M 11s
  4550K .......... .......... .......... .......... .......... 25% 1.68M 11s
  4600K .......... .......... .......... .......... .......... 26% 3.07M 11s
  4650K .......... .......... .......... .......... .......... 26% 1013K 11s
  4700K .......... .......... .......... .......... .......... 26% 2.56M 11s
  4750K .......... .......... .......... .......... .......... 27% 1.45M 11s
  4800K .......... .......... .......... .......... .......... 27% 1.67M 11s
  4850K .......... .......... .......... .......... .......... 27% 2.15M 11s
  4900K .......... .......... .......... .......... .......... 27% 1.31M 11s
  4950K .......... .......... .......... .......... .......... 28% 2.05M 11s
  5000K .......... .......... .......... .......... .......... 28% 1.30M 11s
  5050K .......... .......... .......... .......... .......... 28% 1.64M 10s
  5100K .......... .......... .......... .......... .......... 28% 2.22M 10s
  5150K .......... .......... .......... .......... .......... 29% 1.45M 10s
  5200K .......... .......... .......... .......... .......... 29% 1.16M 10s
  5250K .......... .......... .......... .......... .......... 29% 3.55M 10s
  5300K .......... .......... .......... .......... .......... 30% 1.20M 10s
  5350K .......... .......... .......... .......... .......... 30% 2.47M 10s
  5400K .......... .......... .......... .......... .......... 30% 46.6K 12s
  5450K .......... .......... .......... .......... .......... 30% 3.37M 12s
  5500K .......... .......... .......... .......... .......... 31% 1.47M 12s
  5550K .......... .......... .......... .......... .......... 31% 3.32M 12s
  5600K .......... .......... .......... .......... .......... 31% 1.83M 12s
  5650K .......... .......... .......... .......... .......... 32% 2.23M 12s
  5700K .......... .......... .......... .......... .......... 32% 2.33M 12s
  5750K .......... .......... .......... .......... .......... 32%  883K 12s
  5800K .......... .......... .......... .......... .......... 32%  784K 12s
  5850K .......... .......... .......... .......... .......... 33% 1.03M 12s
  5900K .......... .......... .......... .......... .......... 33%  960K 12s
  5950K .......... .......... .......... .......... .......... 33%  479K 12s
  6000K .......... .......... .......... .......... .......... 34% 1.99M 12s
  6050K .......... .......... .......... .......... .......... 34% 1.21M 11s
  6100K .......... .......... .......... .......... .......... 34% 1.03M 11s
  6150K .......... .......... .......... .......... .......... 34% 1.79M 11s
  6200K .......... .......... .......... .......... .......... 35%  869K 11s
  6250K .......... .......... .......... .......... .......... 35% 1.29M 11s
  6300K .......... .......... .......... .......... .......... 35% 1.90M 11s
  6350K .......... .......... .......... .......... .......... 36%  756K 11s
  6400K .......... .......... .......... .......... .......... 36% 3.18M 11s
  6450K .......... .......... .......... .......... .......... 36% 1.27M 11s
  6500K .......... .......... .......... .......... .......... 36% 1.08M 11s
  6550K .......... .......... .......... .......... .......... 37% 1.49M 11s
  6600K .......... .......... .......... .......... .......... 37% 7.43M 11s
  6650K .......... .......... .......... .......... .......... 37% 1016K 11s
  6700K .......... .......... .......... .......... .......... 37% 1.55M 11s
  6750K .......... .......... .......... .......... .......... 38% 1.80M 10s
  6800K .......... .......... .......... .......... .......... 38%  695K 10s
  6850K .......... .......... .......... .......... .......... 38% 6.21M 10s
  6900K .......... .......... .......... .......... .......... 39% 1.45M 10s
  6950K .......... .......... .......... .......... .......... 39%  446K 10s
  7000K .......... .......... .......... .......... .......... 39% 2.10M 10s
  7050K .......... .......... .......... .......... .......... 39% 1.05M 10s
  7100K .......... .......... .......... .......... .......... 40% 1.49M 10s
  7150K .......... .......... .......... .......... .......... 40%  892K 10s
  7200K .......... .......... .......... .......... .......... 40% 1.65M 10s
  7250K .......... .......... .......... .......... .......... 41% 2.04M 10s
  7300K .......... .......... .......... .......... .......... 41% 1.79M 10s
  7350K .......... .......... .......... .......... .......... 41%  931K 10s
  7400K .......... .......... .......... .......... .......... 41% 1.21M 10s
  7450K .......... .......... .......... .......... .......... 42%  168K 10s
  7500K .......... .......... .......... .......... .......... 42%  141M 10s
  7550K .......... .......... .......... .......... .......... 42% 1.50M 10s
  7600K .......... .......... .......... .......... .......... 43% 2.23M 10s
  7650K .......... .......... .......... .......... .......... 43%  671K 10s
  7700K .......... .......... .......... .......... .......... 43% 3.06M 10s
  7750K .......... .......... .......... .......... .......... 43% 3.58M 10s
  7800K .......... .......... .......... .......... .......... 44% 1.35M 10s
  7850K .......... .......... .......... .......... .......... 44% 1.00M 9s
  7900K .......... .......... .......... .......... .......... 44% 1.34M 9s
  7950K .......... .......... .......... .......... .......... 45%  795K 9s
  8000K .......... .......... .......... .......... .......... 45% 2.15M 9s
  8050K .......... .......... .......... .......... .......... 45% 1.56M 9s
  8100K .......... .......... .......... .......... .......... 45% 2.15M 9s
  8150K .......... .......... .......... .......... .......... 46% 1.21M 9s
  8200K .......... .......... .......... .......... .......... 46% 1.24M 9s
  8250K .......... .......... .......... .......... .......... 46%  664K 9s
  8300K .......... .......... .......... .......... .......... 46% 2.41M 9s
  8350K .......... .......... .......... .......... .......... 47% 1.03M 9s
  8400K .......... .......... .......... .......... .......... 47% 1024K 9s
  8450K .......... .......... .......... .......... .......... 47% 1.63M 9s
  8500K .......... .......... .......... .......... .......... 48% 1.65M 9s
  8550K .......... .......... .......... .......... .......... 48% 1.03M 9s
  8600K .......... .......... .......... .......... .......... 48% 1.48M 9s
  8650K .......... .......... .......... .......... .......... 48%  845K 9s
  8700K .......... .......... .......... .......... .......... 49% 1.80M 9s
  8750K .......... .......... .......... .......... .......... 49%  859K 8s
  8800K .......... .......... .......... .......... .......... 49% 1.21M 8s
  8850K .......... .......... .......... .......... .......... 50%  440K 8s
  8900K .......... .......... .......... .......... .......... 50%  148M 8s
  8950K .......... .......... .......... .......... .......... 50%  155M 8s
  9000K .......... .......... .......... .......... .......... 50% 2.22M 8s
  9050K .......... .......... .......... .......... .......... 51% 2.90M 8s
  9100K .......... .......... .......... .......... .......... 51% 1.54M 8s
  9150K .......... .......... .......... .......... .......... 51% 2.82M 8s
  9200K .......... .......... .......... .......... .......... 52%  853K 8s
  9250K .......... .......... .......... .......... .......... 52% 1.26M 8s
  9300K .......... .......... .......... .......... .......... 52% 1.88M 8s
  9350K .......... .......... .......... .......... .......... 52% 1.98M 8s
  9400K .......... .......... .......... .......... .......... 53% 1.99M 8s
  9450K .......... .......... .......... .......... .......... 53%  616K 8s
  9500K .......... .......... .......... .......... .......... 53% 2.59M 8s
  9550K .......... .......... .......... .......... .......... 54% 5.08M 8s
  9600K .......... .......... .......... .......... .......... 54%  626K 8s
  9650K .......... .......... .......... .......... .......... 54%  987K 7s
  9700K .......... .......... .......... .......... .......... 54% 1.08M 7s
  9750K .......... .......... .......... .......... .......... 55% 1.62M 7s
  9800K .......... .......... .......... .......... .......... 55% 2.71M 7s
  9850K .......... .......... .......... .......... .......... 55%  236K 7s
  9900K .......... .......... .......... .......... .......... 55%  155M 7s
  9950K .......... .......... .......... .......... .......... 56% 1.38M 7s
 10000K .......... .......... .......... .......... .......... 56% 1.55M 7s
 10050K .......... .......... .......... .......... .......... 56%  978K 7s
 10100K .......... .......... .......... .......... .......... 57% 1.46M 7s
 10150K .......... .......... .......... .......... .......... 57% 1.13M 7s
 10200K .......... .......... .......... .......... .......... 57% 1.77M 7s
 10250K .......... .......... .......... .......... .......... 57% 1.79M 7s
 10300K .......... .......... .......... .......... .......... 58% 1.22M 7s
 10350K .......... .......... .......... .......... .......... 58% 2.96M 7s
 10400K .......... .......... .......... .......... .......... 58%  879K 7s
 10450K .......... .......... .......... .......... .......... 59% 1.29M 7s
 10500K .......... .......... .......... .......... .......... 59% 2.43M 7s
 10550K .......... .......... .......... .......... .......... 59% 1.46M 7s
 10600K .......... .......... .......... .......... .......... 59%  611K 7s
 10650K .......... .......... .......... .......... .......... 60% 2.88M 6s
 10700K .......... .......... .......... .......... .......... 60% 2.49M 6s
 10750K .......... .......... .......... .......... .......... 60%  770K 6s
 10800K .......... .......... .......... .......... .......... 61%  571K 6s
 10850K .......... .......... .......... .......... .......... 61%  755K 6s
 10900K .......... .......... .......... .......... .......... 61%  980K 6s
 10950K .......... .......... .......... .......... .......... 61% 1.45M 6s
 11000K .......... .......... .......... .......... .......... 62%  599K 6s
 11050K .......... .......... .......... .......... .......... 62% 1.08M 6s
 11100K .......... .......... .......... .......... .......... 62% 1.24M 6s
 11150K .......... .......... .......... .......... .......... 63%  855K 6s
 11200K .......... .......... .......... .......... .......... 63% 1.90M 6s
 11250K .......... .......... .......... .......... .......... 63%  427K 6s
 11300K .......... .......... .......... .......... .......... 63%  172M 6s
 11350K .......... .......... .......... .......... .......... 64% 1.58M 6s
 11400K .......... .......... .......... .......... .......... 64% 1.62M 6s
 11450K .......... .......... .......... .......... .......... 64% 1.26M 6s
 11500K .......... .......... .......... .......... .......... 65% 2.45M 6s
 11550K .......... .......... .......... .......... .......... 65% 1.70M 6s
 11600K .......... .......... .......... .......... .......... 65% 1.58M 6s
 11650K .......... .......... .......... .......... .......... 65% 1.73M 6s
 11700K .......... .......... .......... .......... .......... 66% 1.51M 6s
 11750K .......... .......... .......... .......... .......... 66% 1.95M 5s
 11800K .......... .......... .......... .......... .......... 66% 1.83M 5s
 11850K .......... .......... .......... .......... .......... 66% 1.83M 5s
 11900K .......... .......... .......... .......... .......... 67% 3.37M 5s
 11950K .......... .......... .......... .......... .......... 67%  971K 5s
 12000K .......... .......... .......... .......... .......... 67%  985K 5s
 12050K .......... .......... .......... .......... .......... 68% 1.92M 5s
 12100K .......... .......... .......... .......... .......... 68% 2.36M 5s
 12150K .......... .......... .......... .......... .......... 68% 2.62M 5s
 12200K .......... .......... .......... .......... .......... 68%  700K 5s
 12250K .......... .......... .......... .......... .......... 69% 2.04M 5s
 12300K .......... .......... .......... .......... .......... 69%  905K 5s
 12350K .......... .......... .......... .......... .......... 69% 1.02M 5s
 12400K .......... .......... .......... .......... .......... 70%  615K 5s
 12450K .......... .......... .......... .......... .......... 70% 1.59M 5s
 12500K .......... .......... .......... .......... .......... 70% 1.52M 5s
 12550K .......... .......... .......... .......... .......... 70% 1.20M 5s
 12600K .......... .......... .......... .......... .......... 71% 1.34M 5s
 12650K .......... .......... .......... .......... .......... 71% 1.26M 5s
 12700K .......... .......... .......... .......... .......... 71%  933K 5s
 12750K .......... .......... .......... .......... .......... 72% 1.07M 4s
 12800K .......... .......... .......... .......... .......... 72% 1.59M 4s
 12850K .......... .......... .......... .......... .......... 72% 1.05M 4s
 12900K .......... .......... .......... .......... .......... 72% 1.57M 4s
 12950K .......... .......... .......... .......... .......... 73% 1.72M 4s
 13000K .......... .......... .......... .......... .......... 73% 1.86M 4s
 13050K .......... .......... .......... .......... .......... 73% 2.71M 4s
 13100K .......... .......... .......... .......... .......... 74% 2.03M 4s
 13150K .......... .......... .......... .......... .......... 74% 1.10M 4s
 13200K .......... .......... .......... .......... .......... 74% 2.15M 4s
 13250K .......... .......... .......... .......... .......... 74% 2.32M 4s
 13300K .......... .......... .......... .......... .......... 75%  821K 4s
 13350K .......... .......... .......... .......... .......... 75%  919K 4s
 13400K .......... .......... .......... .......... .......... 75% 2.02M 4s
 13450K .......... .......... .......... .......... .......... 75% 1.04M 4s
 13500K .......... .......... .......... .......... .......... 76% 1.82M 4s
 13550K .......... .......... .......... .......... .......... 76%  828K 4s
 13600K .......... .......... .......... .......... .......... 76% 1.69M 4s
 13650K .......... .......... .......... .......... .......... 77% 1.28M 4s
 13700K .......... .......... .......... .......... .......... 77% 2.11M 4s
 13750K .......... .......... .......... .......... .......... 77% 2.45M 4s
 13800K .......... .......... .......... .......... .......... 77%  279K 4s
 13850K .......... .......... .......... .......... .......... 78%  198M 3s
 13900K .......... .......... .......... .......... .......... 78%  277M 3s
 13950K .......... .......... .......... .......... .......... 78% 2.07M 3s
 14000K .......... .......... .......... .......... .......... 79% 1005K 3s
 14050K .......... .......... .......... .......... .......... 79% 2.59M 3s
 14100K .......... .......... .......... .......... .......... 79%  772K 3s
 14150K .......... .......... .......... .......... .......... 79% 1.51M 3s
 14200K .......... .......... .......... .......... .......... 80% 1.07M 3s
 14250K .......... .......... .......... .......... .......... 80%  850K 3s
 14300K .......... .......... .......... .......... .......... 80% 2.05M 3s
 14350K .......... .......... .......... .......... .......... 81% 1.14M 3s
 14400K .......... .......... .......... .......... .......... 81% 2.45M 3s
 14450K .......... .......... .......... .......... .......... 81%  913K 3s
 14500K .......... .......... .......... .......... .......... 81% 2.58M 3s
 14550K .......... .......... .......... .......... .......... 82%  480K 3s
 14600K .......... .......... .......... .......... .......... 82%  217M 3s
 14650K .......... .......... .......... .......... .......... 82% 5.81M 3s
 14700K .......... .......... .......... .......... .......... 83% 4.76M 3s
 14750K .......... .......... .......... .......... .......... 83%  836K 3s
 14800K .......... .......... .......... .......... .......... 83% 1.29M 3s
 14850K .......... .......... .......... .......... .......... 83% 1.79M 3s
 14900K .......... .......... .......... .......... .......... 84%  727K 2s
 14950K .......... .......... .......... .......... .......... 84% 1.08M 2s
 15000K .......... .......... .......... .......... .......... 84%  805K 2s
 15050K .......... .......... .......... .......... .......... 84% 1.96M 2s
 15100K .......... .......... .......... .......... .......... 85% 1.29M 2s
 15150K .......... .......... .......... .......... .......... 85% 4.21M 2s
 15200K .......... .......... .......... .......... .......... 85%  869K 2s
 15250K .......... .......... .......... .......... .......... 86% 2.45M 2s
 15300K .......... .......... .......... .......... .......... 86% 1.30M 2s
 15350K .......... .......... .......... .......... .......... 86%  790K 2s
 15400K .......... .......... .......... .......... .......... 86% 1.94M 2s
 15450K .......... .......... .......... .......... .......... 87%  975K 2s
 15500K .......... .......... .......... .......... .......... 87% 3.13M 2s
 15550K .......... .......... .......... .......... .......... 87% 2.18M 2s
 15600K .......... .......... .......... .......... .......... 88% 2.63M 2s
 15650K .......... .......... .......... .......... .......... 88% 1.92M 2s
 15700K .......... .......... .......... .......... .......... 88%  736K 2s
 15750K .......... .......... .......... .......... .......... 88% 2.91M 2s
 15800K .......... .......... .......... .......... .......... 89% 3.17M 2s
 15850K .......... .......... .......... .......... .......... 89%  320K 2s
 15900K .......... .......... .......... .......... .......... 89% 32.9M 2s
 15950K .......... .......... .......... .......... .......... 90% 6.84M 2s
 16000K .......... .......... .......... .......... .......... 90% 1.22M 2s
 16050K .......... .......... .......... .......... .......... 90% 1.42M 1s
 16100K .......... .......... .......... .......... .......... 90% 1013K 1s
 16150K .......... .......... .......... .......... .......... 91% 1.07M 1s
 16200K .......... .......... .......... .......... .......... 91% 1.12M 1s
 16250K .......... .......... .......... .......... .......... 91%  198K 1s
 16300K .......... .......... .......... .......... .......... 92%  223M 1s
 16350K .......... .......... .......... .......... .......... 92% 1.16M 1s
 16400K .......... .......... .......... .......... .......... 92% 2.98M 1s
 16450K .......... .......... .......... .......... .......... 92%  945K 1s
 16500K .......... .......... .......... .......... .......... 93% 2.07M 1s
 16550K .......... .......... .......... .......... .......... 93%  973K 1s
 16600K .......... .......... .......... .......... .......... 93% 1.37M 1s
 16650K .......... .......... .......... .......... .......... 93% 1.88M 1s
 16700K .......... .......... .......... .......... .......... 94% 1.01M 1s
 16750K .......... .......... .......... .......... .......... 94% 1.13M 1s
 16800K .......... .......... .......... .......... .......... 94% 1.21M 1s
 16850K .......... .......... .......... .......... .......... 95% 1.47M 1s
 16900K .......... .......... .......... .......... .......... 95% 1013K 1s
 16950K .......... .......... .......... .......... .......... 95% 2.56M 1s
 17000K .......... .......... .......... .......... .......... 95%  499K 1s
 17050K .......... .......... .......... .......... .......... 96%  895K 1s
 17100K .......... .......... .......... .......... .......... 96% 1.65M 1s
 17150K .......... .......... .......... .......... .......... 96% 1.02M 1s
 17200K .......... .......... .......... .......... .......... 97%  375K 0s
 17250K .......... .......... .......... .......... .......... 97%  709K 0s
 17300K .......... .......... .......... .......... .......... 97% 46.2K 0s
 17350K .......... .......... .......... .......... .......... 97% 1.26M 0s
 17400K .......... .......... .......... .......... .......... 98% 1.58M 0s
 17450K .......... .......... .......... .......... .......... 98% 4.44M 0s
 17500K .......... .......... .......... .......... .......... 98% 2.42M 0s
 17550K .......... .......... .......... .......... .......... 99% 2.15M 0s
 17600K .......... .......... .......... .......... .......... 99% 44.8K 0s
 17650K .......... .......... .......... .......... .......... 99% 1.06M 0s
 17700K .......... .......... .......... .......... .......... 99%  918K 0s
 17750K .......... .......                                    100%  875K=18s

2026-05-28 15:34:02 (997 KB/s) - ‘mirror/web.engr.oregonstate.edu/~mjb/whirlwind/Whirlwind.1pp.pdf’ saved [18194330/18194330]

--2026-05-28 15:34:02--  https://web.engr.oregonstate.edu/~mjb/whirlwind/Whirlwind.2pp.pdf
Reusing existing connection to web.engr.oregonstate.edu:443.
HTTP request sent, awaiting response... 200 OK
Length: 11886198 (11M) [application/pdf]
Saving to: ‘mirror/web.engr.oregonstate.edu/~mjb/whirlwind/Whirlwind.2pp.pdf’

     0K .......... .......... .......... .......... ..........  0% 1.49M 8s
    50K .......... .......... .......... .......... ..........  0%  969K 10s
   100K .......... .......... .......... .......... ..........  1%  288K 20s
   150K .......... .......... .......... .......... ..........  1%  834K 18s
   200K .......... .......... .......... .......... ..........  2%  900K 17s
   250K .......... .......... .......... .......... ..........  2%  242K 22s
   300K .......... .......... .......... .......... ..........  3%  152M 19s
   350K .......... .......... .......... .......... ..........  3% 3.03M 17s
   400K .......... .......... .......... .......... ..........  3%  620K 17s
   450K .......... .......... .......... .......... ..........  4%  705K 17s
   500K .......... .......... .......... .......... ..........  4%  946K 16s
   550K .......... .......... .......... .......... ..........  5%  833K 16s
   600K .......... .......... .......... .......... ..........  5%  805K 16s
   650K .......... .......... .......... .......... ..........  6%  908K 15s
   700K .......... .......... .......... .......... ..........  6%  613K 15s
   750K .......... .......... .......... .......... ..........  6%  745K 15s
   800K .......... .......... .......... .......... ..........  7%  517K 15s
   850K .......... .......... .......... .......... ..........  7%  854K 15s
   900K .......... .......... .......... .......... ..........  8%  753K 15s
   950K .......... .......... .......... .......... ..........  8% 1.58M 15s
  1000K .......... .......... .......... .......... ..........  9% 1.91M 14s
  1050K .......... .......... .......... .......... ..........  9% 2.25M 14s
  1100K .......... .......... .......... .......... ..........  9%  968K 13s
  1150K .......... .......... .......... .......... .......... 10%  150K 16s
  1200K .......... .......... .......... .......... .......... 10%  289K 16s
  1250K .......... .......... .......... .......... .......... 11%  179M 16s
  1300K .......... .......... .......... .......... .......... 11% 5.72M 15s
  1350K .......... .......... .......... .......... .......... 12% 1.57M 15s
  1400K .......... .......... .......... .......... .......... 12%  946K 15s
  1450K .......... .......... .......... .......... .......... 12%  753K 14s
  1500K .......... .......... .......... .......... .......... 13% 2.18M 14s
  1550K .......... .......... .......... .......... .......... 13% 1.21M 14s
  1600K .......... .......... .......... .......... .......... 14% 1.23M 14s
  1650K .......... .......... .......... .......... .......... 14% 1.14M 13s
  1700K .......... .......... .......... .......... .......... 15% 1.06M 13s
  1750K .......... .......... .......... .......... .......... 15%  635K 13s
  1800K .......... .......... .......... .......... .......... 15%  175K 14s
  1850K .......... .......... .......... .......... .......... 16%  115M 14s
  1900K .......... .......... .......... .......... .......... 16%  154M 13s
  1950K .......... .......... .......... .......... .......... 17%  370K 14s
  2000K .......... .......... .......... .......... .......... 17% 1.09M 13s
  2050K .......... .......... .......... .......... .......... 18% 1.22M 13s
  2100K .......... .......... .......... .......... .......... 18% 1.03M 13s
  2150K .......... .......... .......... .......... .......... 18%  445K 13s
  2200K .......... .......... .......... .......... .......... 19%  819K 13s
  2250K .......... .......... .......... .......... .......... 19% 1.11M 13s
  2300K .......... .......... .......... .......... .......... 20%  522K 13s
  2350K .......... .......... .......... .......... .......... 20%  552K 13s
  2400K .......... .......... .......... .......... .......... 21%  726K 13s
  2450K .......... .......... .......... .......... .......... 21%  616K 13s
  2500K .......... .......... .......... .......... .......... 21%  420K 13s
  2550K .......... .......... .......... .......... .......... 22%  594K 13s
  2600K .......... .......... .......... .......... .......... 22%  635K 13s
  2650K .......... .......... .......... .......... .......... 23%  670K 13s
  2700K .......... .......... .......... .......... .......... 23%  916K 13s
  2750K .......... .......... .......... .......... .......... 24% 1.67M 12s
  2800K .......... .......... .......... .......... .......... 24%  469K 12s
  2850K .......... .......... .......... .......... .......... 24%  585K 12s
  2900K .......... .......... .......... .......... .......... 25% 1010K 12s
  2950K .......... .......... .......... .......... .......... 25%  750K 12s
  3000K .......... .......... .......... .......... .......... 26%  809K 12s
  3050K .......... .......... .......... .......... .......... 26% 1.07M 12s
  3100K .......... .......... .......... .......... .......... 27%  253K 12s
  3150K .......... .......... .......... .......... .......... 27%  131M 12s
  3200K .......... .......... .......... .......... .......... 27% 2.74M 12s
  3250K .......... .......... .......... .......... .......... 28%  986K 12s
  3300K .......... .......... .......... .......... .......... 28%  902K 12s
  3350K .......... .......... .......... .......... .......... 29% 2.71M 11s
  3400K .......... .......... .......... .......... .......... 29% 1.59M 11s
  3450K .......... .......... .......... .......... .......... 30%  861K 11s
  3500K .......... .......... .......... .......... .......... 30% 1.49M 11s
  3550K .......... .......... .......... .......... .......... 31% 1.27M 11s
  3600K .......... .......... .......... .......... .......... 31% 1.84M 11s
  3650K .......... .......... .......... .......... .......... 31% 1.12M 11s
  3700K .......... .......... .......... .......... .......... 32% 1.68M 10s
  3750K .......... .......... .......... .......... .......... 32% 1002K 10s
  3800K .......... .......... .......... .......... .......... 33%  458K 10s
  3850K .......... .......... .......... .......... .......... 33%  165M 10s
  3900K .......... .......... .......... .......... .......... 34% 1.25M 10s
  3950K .......... .......... .......... .......... .......... 34% 1.72M 10s
  4000K .......... .......... .......... .......... .......... 34% 1.47M 10s
  4050K .......... .......... .......... .......... .......... 35% 1.26M 10s
  4100K .......... .......... .......... .......... .......... 35% 1.01M 10s
  4150K .......... .......... .......... .......... .......... 36%  774K 10s
  4200K .......... .......... .......... .......... .......... 36%  850K 9s
  4250K .......... .......... .......... .......... .......... 37% 2.45M 9s
  4300K .......... .......... .......... .......... .......... 37%  677K 9s
  4350K .......... .......... .......... .......... .......... 37% 1.97M 9s
  4400K .......... .......... .......... .......... .......... 38%  676K 9s
  4450K .......... .......... .......... .......... .......... 38%  509K 9s
  4500K .......... .......... .......... .......... .......... 39% 1.49M 9s
  4550K .......... .......... .......... .......... .......... 39%  817K 9s
  4600K .......... .......... .......... .......... .......... 40% 1.60M 9s
  4650K .......... .......... .......... .......... .......... 40% 1.17M 9s
  4700K .......... .......... .......... .......... .......... 40%  732K 9s
  4750K .......... .......... .......... .......... .......... 41% 1.43M 9s
  4800K .......... .......... .......... .......... .......... 41% 2.40M 8s
  4850K .......... .......... .......... .......... .......... 42%  830K 8s
  4900K .......... .......... .......... .......... .......... 42%  918K 8s
  4950K .......... .......... .......... .......... .......... 43% 1.16M 8s
  5000K .......... .......... .......... .......... .......... 43% 1.54M 8s
  5050K .......... .......... .......... .......... .......... 43% 1.64M 8s
  5100K .......... .......... .......... .......... .......... 44% 1.10M 8s
  5150K .......... .......... .......... .......... .......... 44%  500K 8s
  5200K .......... .......... .......... .......... .......... 45% 1.05M 8s
  5250K .......... .......... .......... .......... .......... 45% 1.11M 8s
  5300K .......... .......... .......... .......... .......... 46% 1.27M 8s
  5350K .......... .......... .......... .......... .......... 46% 1009K 8s
  5400K .......... .......... .......... .......... .......... 46% 1.69M 7s
  5450K .......... .......... .......... .......... .......... 47% 1.77M 7s
  5500K .......... .......... .......... .......... .......... 47% 1.43M 7s
  5550K .......... .......... .......... .......... .......... 48% 2.49M 7s
  5600K .......... .......... .......... .......... .......... 48%  989K 7s
  5650K .......... .......... .......... .......... .......... 49% 1.13M 7s
  5700K .......... .......... .......... .......... .......... 49% 1.68M 7s
  5750K .......... .......... .......... .......... .......... 49% 1.29M 7s
  5800K .......... .......... .......... .......... .......... 50% 1.35M 7s
  5850K .......... .......... .......... .......... .......... 50% 1.49M 7s
  5900K .......... .......... .......... .......... .......... 51% 1.46M 7s
  5950K .......... .......... .......... .......... .......... 51% 1.92M 7s
  6000K .......... .......... .......... .......... .......... 52%  907K 6s
  6050K .......... .......... .......... .......... .......... 52% 1.13M 6s
  6100K .......... .......... .......... .......... .......... 52%  975K 6s
  6150K .......... .......... .......... .......... .......... 53% 2.14M 6s
  6200K .......... .......... .......... .......... .......... 53%  945K 6s
  6250K .......... .......... .......... .......... .......... 54% 2.19M 6s
  6300K .......... .......... .......... .......... .......... 54%  790K 6s
  6350K .......... .......... .......... .......... .......... 55% 1.88M 6s
  6400K .......... .......... .......... .......... .......... 55% 1.88M 6s
  6450K .......... .......... .......... .......... .......... 55% 1.45M 6s
  6500K .......... .......... .......... .......... .......... 56%  974K 6s
  6550K .......... .......... .......... .......... .......... 56% 1.36M 6s
  6600K .......... .......... .......... .......... .......... 57% 1.51M 6s
  6650K .......... .......... .......... .......... .......... 57% 1.31M 6s
  6700K .......... .......... .......... .......... .......... 58% 5.01M 5s
  6750K .......... .......... .......... .......... .......... 58%  730K 5s
  6800K .......... .......... .......... .......... .......... 59%  492K 5s
  6850K .......... .......... .......... .......... .......... 59%  700K 5s
  6900K .......... .......... .......... .......... .......... 59%  821K 5s
  6950K .......... .......... .......... .......... .......... 60%  893K 5s
  7000K .......... .......... .......... .......... .......... 60% 1.23M 5s
  7050K .......... .......... .......... .......... .......... 61%  954K 5s
  7100K .......... .......... .......... .......... .......... 61% 3.34M 5s
  7150K .......... .......... .......... .......... .......... 62%  993K 5s
  7200K .......... .......... .......... .......... .......... 62% 3.56M 5s
  7250K .......... .......... .......... .......... .......... 62% 1.44M 5s
  7300K .......... .......... .......... .......... .......... 63% 2.22M 5s
  7350K .......... .......... .......... .......... .......... 63% 1.51M 5s
  7400K .......... .......... .......... .......... .......... 64%  871K 5s
  7450K .......... .......... .......... .......... .......... 64% 2.12M 5s
  7500K .......... .......... .......... .......... .......... 65% 1.66M 4s
  7550K .......... .......... .......... .......... .......... 65%  993K 4s
  7600K .......... .......... .......... .......... .......... 65%  706K 4s
  7650K .......... .......... .......... .......... .......... 66% 2.49M 4s
  7700K .......... .......... .......... .......... .......... 66% 1.26M 4s
  7750K .......... .......... .......... .......... .......... 67%  117K 4s
  7800K .......... .......... .......... .......... .......... 67%  113M 4s
  7850K .......... .......... .......... .......... .......... 68% 1.58M 4s
  7900K .......... .......... .......... .......... .......... 68%  708K 4s
  7950K .......... .......... .......... .......... .......... 68%  245K 4s
  8000K .......... .......... .......... .......... .......... 69% 1.04M 4s
  8050K .......... .......... .......... .......... .......... 69% 2.39M 4s
  8100K .......... .......... .......... .......... .......... 70% 1.69M 4s
  8150K .......... .......... .......... .......... .......... 70%  581K 4s
  8200K .......... .......... .......... .......... .......... 71%  472K 4s
  8250K .......... .......... .......... .......... .......... 71% 2.93M 4s
  8300K .......... .......... .......... .......... .......... 71% 1.60M 4s
  8350K .......... .......... .......... .......... .......... 72% 1.37M 4s
  8400K .......... .......... .......... .......... .......... 72% 1.26M 4s
  8450K .......... .......... .......... .......... .......... 73%  152K 4s
  8500K .......... .......... .......... .......... .......... 73% 1.25M 4s
  8550K .......... .......... .......... .......... .......... 74%  666K 4s
  8600K .......... .......... .......... .......... .......... 74% 1.14M 3s
  8650K .......... .......... .......... .......... .......... 74% 1.35M 3s
  8700K .......... .......... .......... .......... .......... 75% 3.41M 3s
  8750K .......... .......... .......... .......... .......... 75% 1.85M 3s
  8800K .......... .......... .......... .......... .......... 76% 2.20M 3s
  8850K .......... .......... .......... .......... .......... 76% 2.25M 3s
  8900K .......... .......... .......... .......... .......... 77% 2.10M 3s
  8950K .......... .......... .......... .......... .......... 77% 2.63M 3s
  9000K .......... .......... .......... .......... .......... 77%  893K 3s
  9050K .......... .......... .......... .......... .......... 78%  753K 3s
  9100K .......... .......... .......... .......... .......... 78% 1.81M 3s
  9150K .......... .......... .......... .......... .......... 79% 2.40M 3s
  9200K .......... .......... .......... .......... .......... 79% 1.07M 3s
  9250K .......... .......... .......... .......... .......... 80% 1.24M 3s
  9300K .......... .......... .......... .......... .......... 80% 2.30M 3s
  9350K .......... .......... .......... .......... .......... 80%  744K 2s
  9400K .......... .......... .......... .......... .......... 81% 1.48M 2s
  9450K .......... .......... .......... .......... .......... 81% 1.94M 2s
  9500K .......... .......... .......... .......... .......... 82% 1.02M 2s
  9550K .......... .......... .......... .......... .......... 82% 1.17M 2s
  9600K .......... .......... .......... .......... .......... 83% 3.71M 2s
  9650K .......... .......... .......... .......... .......... 83% 1.71M 2s
  9700K .......... .......... .......... .......... .......... 83% 1.09M 2s
  9750K .......... .......... .......... .......... .......... 84% 2.96M 2s
  9800K .......... .......... .......... .......... .......... 84%  693K 2s
  9850K .......... .......... .......... .......... .......... 85% 3.10M 2s
  9900K .......... .......... .......... .......... .......... 85%  882K 2s
  9950K .......... .......... .......... .......... .......... 86% 1.66M 2s
 10000K .......... .......... .......... .......... .......... 86%  678K 2s
 10050K .......... .......... .......... .......... .......... 87% 2.01M 2s
 10100K .......... .......... .......... .......... .......... 87% 1.73M 2s
 10150K .......... .......... .......... .......... .......... 87% 1.97M 2s
 10200K .......... .......... .......... .......... .......... 88% 1.17M 1s
 10250K .......... .......... .......... .......... .......... 88% 1.54M 1s
 10300K .......... .......... .......... .......... .......... 89% 1.26M 1s
 10350K .......... .......... .......... .......... .......... 89% 1.52M 1s
 10400K .......... .......... .......... .......... .......... 90% 1.64M 1s
 10450K .......... .......... .......... .......... .......... 90%  784K 1s
 10500K .......... .......... .......... .......... .......... 90% 1.66M 1s
 10550K .......... .......... .......... .......... .......... 91% 1.86M 1s
 10600K .......... .......... .......... .......... .......... 91% 1.78M 1s
 10650K .......... .......... .......... .......... .......... 92% 1.20M 1s
 10700K .......... .......... .......... .......... .......... 92%  385K 1s
 10750K .......... .......... .......... .......... .......... 93%  149M 1s
 10800K .......... .......... .......... .......... .......... 93% 2.17M 1s
 10850K .......... .......... .......... .......... .......... 93% 1.70M 1s
 10900K .......... .......... .......... .......... .......... 94%  750K 1s
 10950K .......... .......... .......... .......... .......... 94%  825K 1s
 11000K .......... .......... .......... .......... .......... 95%  913K 1s
 11050K .......... .......... .......... .......... .......... 95%  920K 1s
 11100K .......... .......... .......... .......... .......... 96% 1.11M 0s
 11150K .......... .......... .......... .......... .......... 96% 1.37M 0s
 11200K .......... .......... .......... .......... .......... 96% 1.19M 0s
 11250K .......... .......... .......... .......... .......... 97% 2.49M 0s
 11300K .......... .......... .......... .......... .......... 97%  958K 0s
 11350K .......... .......... .......... .......... .......... 98%  626K 0s
 11400K .......... .......... .......... .......... .......... 98% 1.00M 0s
 11450K .......... .......... .......... .......... .......... 99% 1.01M 0s
 11500K .......... .......... .......... .......... .......... 99% 1.74M 0s
 11550K .......... .......... .......... .......... .......... 99% 1.62M 0s
 11600K .......                                               100% 14.3M=12s

2026-05-28 15:34:15 (940 KB/s) - ‘mirror/web.engr.oregonstate.edu/~mjb/whirlwind/Whirlwind.2pp.pdf’ saved [11886198/11886198]

--2026-05-28 15:34:15--  https://web.engr.oregonstate.edu/~mjb/whirlwind/Whirlwind.4pp.pdf
Reusing existing connection to web.engr.oregonstate.edu:443.
HTTP request sent, awaiting response... 200 OK
Length: 8660750 (8.3M) [application/pdf]
Saving to: ‘mirror/web.engr.oregonstate.edu/~mjb/whirlwind/Whirlwind.4pp.pdf’

     0K .......... .......... .......... .......... ..........  0% 3.16M 3s
    50K .......... .......... .......... .......... ..........  1% 1.29M 4s
   100K .......... .......... .......... .......... ..........  1% 1.27M 5s
   150K .......... .......... .......... .......... ..........  2% 1.63M 5s
   200K .......... .......... .......... .......... ..........  2%  809K 6s
   250K .......... .......... .......... .......... ..........  3%  800K 7s
   300K .......... .......... .......... .......... ..........  4% 1020K 7s
   350K .......... .......... .......... .......... ..........  4% 2.56M 6s
   400K .......... .......... .......... .......... ..........  5% 1.75M 6s
   450K .......... .......... .......... .......... ..........  5% 1.02M 6s
   500K .......... .......... .......... .......... ..........  6% 1.33M 6s
   550K .......... .......... .......... .......... ..........  7% 1.22M 6s
   600K .......... .......... .......... .......... ..........  7% 3.97M 6s
   650K .......... .......... .......... .......... ..........  8% 3.32M 5s
   700K .......... .......... .......... .......... ..........  8% 1.09M 6s
   750K .......... .......... .......... .......... ..........  9% 1.81M 5s
   800K .......... .......... .......... .......... .......... 10% 1.60M 5s
   850K .......... .......... .......... .......... .......... 10% 2.05M 5s
   900K .......... .......... .......... .......... .......... 11% 1.24M 5s
   950K .......... .......... .......... .......... .......... 11% 1.57M 5s
  1000K .......... .......... .......... .......... .......... 12% 3.41M 5s
  1050K .......... .......... .......... .......... .......... 13% 4.72M 5s
  1100K .......... .......... .......... .......... .......... 13%  572K 5s
  1150K .......... .......... .......... .......... .......... 14%  822K 5s
  1200K .......... .......... .......... .......... .......... 14% 1.57M 5s
  1250K .......... .......... .......... .......... .......... 15% 1.45M 5s
  1300K .......... .......... .......... .......... .......... 15% 1.28M 5s
  1350K .......... .......... .......... .......... .......... 16% 1.78M 5s
  1400K .......... .......... .......... .......... .......... 17% 4.50M 5s
  1450K .......... .......... .......... .......... .......... 17% 2.63M 5s
  1500K .......... .......... .......... .......... .......... 18%  939K 5s
  1550K .......... .......... .......... .......... .......... 18% 1003K 5s
  1600K .......... .......... .......... .......... .......... 19% 2.08M 5s
  1650K .......... .......... .......... .......... .......... 20% 1.79M 5s
  1700K .......... .......... .......... .......... .......... 20% 2.43M 5s
  1750K .......... .......... .......... .......... .......... 21%  842K 5s
  1800K .......... .......... .......... .......... .......... 21% 1.17M 5s
  1850K .......... .......... .......... .......... .......... 22%  225K 5s
  1900K .......... .......... .......... .......... .......... 23%  141M 5s
  1950K .......... .......... .......... .......... .......... 23%  138M 5s
  2000K .......... .......... .......... .......... .......... 24% 1.28M 5s
  2050K .......... .......... .......... .......... .......... 24% 2.42M 5s
  2100K .......... .......... .......... .......... .......... 25%  879K 5s
  2150K .......... .......... .......... .......... .......... 26% 2.54M 5s
  2200K .......... .......... .......... .......... .......... 26%  986K 5s
  2250K .......... .......... .......... .......... .......... 27% 3.92M 5s
  2300K .......... .......... .......... .......... .......... 27% 1017K 5s
  2350K .......... .......... .......... .......... .......... 28%  554K 5s
  2400K .......... .......... .......... .......... .......... 28% 2.54M 5s
  2450K .......... .......... .......... .......... .......... 29% 2.54M 5s
  2500K .......... .......... .......... .......... .......... 30% 1.95M 4s
  2550K .......... .......... .......... .......... .......... 30%  835K 4s
  2600K .......... .......... .......... .......... .......... 31% 1.15M 4s
  2650K .......... .......... .......... .......... .......... 31% 1.33M 4s
  2700K .......... .......... .......... .......... .......... 32%  683K 4s
  2750K .......... .......... .......... .......... .......... 33% 1.15M 4s
  2800K .......... .......... .......... .......... .......... 33%  678K 4s
  2850K .......... .......... .......... .......... .......... 34%  549K 4s
  2900K .......... .......... .......... .......... .......... 34%  372K 5s
  2950K .......... .......... .......... .......... .......... 35%  242M 5s
  3000K .......... .......... .......... .......... .......... 36% 1008K 4s
  3050K .......... .......... .......... .......... .......... 36% 3.11M 4s
  3100K .......... .......... .......... .......... .......... 37%  689K 4s
  3150K .......... .......... .......... .......... .......... 37%  938K 4s
  3200K .......... .......... .......... .......... .......... 38% 1.07M 4s
  3250K .......... .......... .......... .......... .......... 39% 1021K 4s
  3300K .......... .......... .......... .......... .......... 39% 2.05M 4s
  3350K .......... .......... .......... .......... .......... 40% 1.28M 4s
  3400K .......... .......... .......... .......... .......... 40% 1.07M 4s
  3450K .......... .......... .......... .......... .......... 41%  501K 4s
  3500K .......... .......... .......... .......... .......... 41% 1.25M 4s
  3550K .......... .......... .......... .......... .......... 42% 1.26M 4s
  3600K .......... .......... .......... .......... .......... 43% 1.30M 4s
  3650K .......... .......... .......... .......... .......... 43% 1.44M 4s
  3700K .......... .......... .......... .......... .......... 44%  959K 4s
  3750K .......... .......... .......... .......... .......... 44%  671K 4s
  3800K .......... .......... .......... .......... .......... 45%  814K 4s
  3850K .......... .......... .......... .......... .......... 46%  663K 4s
  3900K .......... .......... .......... .......... .......... 46%  727K 4s
  3950K .......... .......... .......... .......... .......... 47%  736K 4s
  4000K .......... .......... .......... .......... .......... 47%  765K 4s
  4050K .......... .......... .......... .......... .......... 48% 1.20M 4s
  4100K .......... .......... .......... .......... .......... 49% 1.75M 4s
  4150K .......... .......... .......... .......... .......... 49% 1.43M 4s
  4200K .......... .......... .......... .......... .......... 50% 1.18M 4s
  4250K .......... .......... .......... .......... .......... 50% 1.25M 4s
  4300K .......... .......... .......... .......... .......... 51%  309K 4s
  4350K .......... .......... .......... .......... .......... 52%  255M 4s
  4400K .......... .......... .......... .......... .......... 52% 1.08M 4s
  4450K .......... .......... .......... .......... .......... 53% 1.47M 4s
  4500K .......... .......... .......... .......... .......... 53%  911K 3s
  4550K .......... .......... .......... .......... .......... 54% 1.95M 3s
  4600K .......... .......... .......... .......... .......... 54%  756K 3s
  4650K .......... .......... .......... .......... .......... 55% 1.88M 3s
  4700K .......... .......... .......... .......... .......... 56% 1.16M 3s
  4750K .......... .......... .......... .......... .......... 56%  584K 3s
  4800K .......... .......... .......... .......... .......... 57%  522K 3s
  4850K .......... .......... .......... .......... .......... 57% 57.2M 3s
  4900K .......... .......... .......... .......... .......... 58% 2.95M 3s
  4950K .......... .......... .......... .......... .......... 59% 3.19M 3s
  5000K .......... .......... .......... .......... .......... 59% 2.19M 3s
  5050K .......... .......... .......... .......... .......... 60% 2.48M 3s
  5100K .......... .......... .......... .......... .......... 60% 2.65M 3s
  5150K .......... .......... .......... .......... .......... 61% 1.53M 3s
  5200K .......... .......... .......... .......... .......... 62% 1.42M 3s
  5250K .......... .......... .......... .......... .......... 62% 1.85M 3s
  5300K .......... .......... .......... .......... .......... 63% 1.15M 3s
  5350K .......... .......... .......... .......... .......... 63% 1.89M 3s
  5400K .......... .......... .......... .......... .......... 64% 1.65M 3s
  5450K .......... .......... .......... .......... .......... 65% 1.38M 3s
  5500K .......... .......... .......... .......... .......... 65%  819K 3s
  5550K .......... .......... .......... .......... .......... 66% 3.47M 2s
  5600K .......... .......... .......... .......... .......... 66%  965K 2s
  5650K .......... .......... .......... .......... .......... 67% 1.70M 2s
  5700K .......... .......... .......... .......... .......... 67% 1007K 2s
  5750K .......... .......... .......... .......... .......... 68% 1.81M 2s
  5800K .......... .......... .......... .......... .......... 69% 1.48M 2s
  5850K .......... .......... .......... .......... .......... 69% 2.45M 2s
  5900K .......... .......... .......... .......... .......... 70% 3.42M 2s
  5950K .......... .......... .......... .......... .......... 70% 1.89M 2s
  6000K .......... .......... .......... .......... .......... 71% 2.25M 2s
  6050K .......... .......... .......... .......... .......... 72% 1.46M 2s
  6100K .......... .......... .......... .......... .......... 72%  736K 2s
  6150K .......... .......... .......... .......... .......... 73% 1.47M 2s
  6200K .......... .......... .......... .......... .......... 73% 1.08M 2s
  6250K .......... .......... .......... .......... .......... 74% 1.59M 2s
  6300K .......... .......... .......... .......... .......... 75% 1.05M 2s
  6350K .......... .......... .......... .......... .......... 75% 1.29M 2s
  6400K .......... .......... .......... .......... .......... 76%  907K 2s
  6450K .......... .......... .......... .......... .......... 76%  624K 2s
  6500K .......... .......... .......... .......... .......... 77%  409K 2s
  6550K .......... .......... .......... .......... .......... 78% 2.74M 2s
  6600K .......... .......... .......... .......... .......... 78% 2.43M 2s
  6650K .......... .......... .......... .......... .......... 79% 1.44M 1s
  6700K .......... .......... .......... .......... .......... 79% 1.63M 1s
  6750K .......... .......... .......... .......... .......... 80% 2.44M 1s
  6800K .......... .......... .......... .......... .......... 80% 1.18M 1s
  6850K .......... .......... .......... .......... .......... 81% 1.56M 1s
  6900K .......... .......... .......... .......... .......... 82%  364K 1s
  6950K .......... .......... .......... .......... .......... 82% 31.5M 1s
  7000K .......... .......... .......... .......... .......... 83%  411K 1s
  7050K .......... .......... .......... .......... .......... 83% 7.11M 1s
  7100K .......... .......... .......... .......... .......... 84% 1.18M 1s
  7150K .......... .......... .......... .......... .......... 85% 1.60M 1s
  7200K .......... .......... .......... .......... .......... 85% 1009K 1s
  7250K .......... .......... .......... .......... .......... 86%  800K 1s
  7300K .......... .......... .......... .......... .......... 86% 1.39M 1s
  7350K .......... .......... .......... .......... .......... 87%  476K 1s
  7400K .......... .......... .......... .......... .......... 88%  808K 1s
  7450K .......... .......... .......... .......... .......... 88% 1.05M 1s
  7500K .......... .......... .......... .......... .......... 89% 1.30M 1s
  7550K .......... .......... .......... .......... .......... 89% 1.56M 1s
  7600K .......... .......... .......... .......... .......... 90% 2.07M 1s
  7650K .......... .......... .......... .......... .......... 91% 1.60M 1s
  7700K .......... .......... .......... .......... .......... 91% 1.20M 1s
  7750K .......... .......... .......... .......... .......... 92% 2.07M 1s
  7800K .......... .......... .......... .......... .......... 92% 1.61M 1s
  7850K .......... .......... .......... .......... .......... 93% 1.29M 0s
  7900K .......... .......... .......... .......... .......... 93% 1.28M 0s
  7950K .......... .......... .......... .......... .......... 94% 2.40M 0s
  8000K .......... .......... .......... .......... .......... 95% 1.21M 0s
  8050K .......... .......... .......... .......... .......... 95% 2.25M 0s
  8100K .......... .......... .......... .......... .......... 96% 1.57M 0s
  8150K .......... .......... .......... .......... .......... 96% 1.79M 0s
  8200K .......... .......... .......... .......... .......... 97% 1.14M 0s
  8250K .......... .......... .......... .......... .......... 98% 1.84M 0s
  8300K .......... .......... .......... .......... .......... 98% 1.08M 0s
  8350K .......... .......... .......... .......... .......... 99% 2.33M 0s
  8400K .......... .......... .......... .......... .......... 99% 1.31M 0s
  8450K .......                                               100%  148M=7.1s

2026-05-28 15:34:22 (1.16 MB/s) - ‘mirror/web.engr.oregonstate.edu/~mjb/whirlwind/Whirlwind.4pp.pdf’ saved [8660750/8660750]

--2026-05-28 15:34:22--  https://web.engr.oregonstate.edu/~mjb/whirlwind/Whirlwind.6pp.pdf
Reusing existing connection to web.engr.oregonstate.edu:443.
HTTP request sent, awaiting response... 200 OK
Length: 6686948 (6.4M) [application/pdf]
Saving to: ‘mirror/web.engr.oregonstate.edu/~mjb/whirlwind/Whirlwind.6pp.pdf’

     0K .......... .......... .......... .......... ..........  0% 1.81M 3s
    50K .......... .......... .......... .......... ..........  1%  922K 5s
   100K .......... .......... .......... .......... ..........  2%  740K 6s
   150K .......... .......... .......... .......... ..........  3%  534K 8s
   200K .......... .......... .......... .......... ..........  3% 4.08M 6s
   250K .......... .......... .......... .......... ..........  4%  673K 7s
   300K .......... .......... .......... .......... ..........  5% 2.31M 6s
   350K .......... .......... .......... .......... ..........  6%  606K 7s
   400K .......... .......... .......... .......... ..........  6% 1.20M 6s
   450K .......... .......... .......... .......... ..........  7% 1.57M 6s
   500K .......... .......... .......... .......... ..........  8% 1.79M 6s
   550K .......... .......... .......... .......... ..........  9% 1.04M 6s
   600K .......... .......... .......... .......... ..........  9% 3.96M 5s
   650K .......... .......... .......... .......... .......... 10% 1.46M 5s
   700K .......... .......... .......... .......... .......... 11% 2.19M 5s
   750K .......... .......... .......... .......... .......... 12% 1.24M 5s
   800K .......... .......... .......... .......... .......... 13% 2.85M 5s
   850K .......... .......... .......... .......... .......... 13% 1.64M 5s
   900K .......... .......... .......... .......... .......... 14% 1.75M 4s
   950K .......... .......... .......... .......... .......... 15% 1.61M 4s
  1000K .......... .......... .......... .......... .......... 16% 2.46M 4s
  1050K .......... .......... .......... .......... .......... 16% 1.38M 4s
  1100K .......... .......... .......... .......... .......... 17% 2.97M 4s
  1150K .......... .......... .......... .......... .......... 18%  626K 4s
  1200K .......... .......... .......... .......... .......... 19% 1.02M 4s
  1250K .......... .......... .......... .......... .......... 19% 1.69M 4s
  1300K .......... .......... .......... .......... .......... 20%  736K 4s
  1350K .......... .......... .......... .......... .......... 21% 2.04M 4s
  1400K .......... .......... .......... .......... .......... 22% 1.37M 4s
  1450K .......... .......... .......... .......... .......... 22%  645K 4s
  1500K .......... .......... .......... .......... .......... 23%  933K 4s
  1550K .......... .......... .......... .......... .......... 24% 1.94M 4s
  1600K .......... .......... .......... .......... .......... 25% 2.07M 4s
  1650K .......... .......... .......... .......... .......... 26% 1.16M 4s
  1700K .......... .......... .......... .......... .......... 26% 1.85M 4s
  1750K .......... .......... .......... .......... .......... 27% 1.60M 4s
  1800K .......... .......... .......... .......... .......... 28% 1.56M 4s
  1850K .......... .......... .......... .......... .......... 29% 1.70M 4s
  1900K .......... .......... .......... .......... .......... 29% 1.47M 4s
  1950K .......... .......... .......... .......... .......... 30% 1.24M 4s
  2000K .......... .......... .......... .......... .......... 31% 2.26M 3s
  2050K .......... .......... .......... .......... .......... 32% 2.27M 3s
  2100K .......... .......... .......... .......... .......... 32%  975K 3s
  2150K .......... .......... .......... .......... .......... 33% 1.25M 3s
  2200K .......... .......... .......... .......... .......... 34%  853K 3s
  2250K .......... .......... .......... .......... .......... 35% 1.51M 3s
  2300K .......... .......... .......... .......... .......... 35% 1.60M 3s
  2350K .......... .......... .......... .......... .......... 36% 2.32M 3s
  2400K .......... .......... .......... .......... .......... 37% 1.36M 3s
  2450K .......... .......... .......... .......... .......... 38% 1.25M 3s
  2500K .......... .......... .......... .......... .......... 39%  785K 3s
  2550K .......... .......... .......... .......... .......... 39% 1.35M 3s
  2600K .......... .......... .......... .......... .......... 40% 2.84M 3s
  2650K .......... .......... .......... .......... .......... 41%  944K 3s
  2700K .......... .......... .......... .......... .......... 42%  593K 3s
  2750K .......... .......... .......... .......... .......... 42% 2.63M 3s
  2800K .......... .......... .......... .......... .......... 43%  701K 3s
  2850K .......... .......... .......... .......... .......... 44%  329K 3s
  2900K .......... .......... .......... .......... .......... 45% 4.72M 3s
  2950K .......... .......... .......... .......... .......... 45% 1.06M 3s
  3000K .......... .......... .......... .......... .......... 46% 2.30M 3s
  3050K .......... .......... .......... .......... .......... 47% 1.20M 3s
  3100K .......... .......... .......... .......... .......... 48% 1.34M 3s
  3150K .......... .......... .......... .......... .......... 49%  992K 3s
  3200K .......... .......... .......... .......... .......... 49% 1.08M 3s
  3250K .......... .......... .......... .......... .......... 50%  777K 3s
  3300K .......... .......... .......... .......... .......... 51% 3.04M 3s
  3350K .......... .......... .......... .......... .......... 52% 2.91M 3s
  3400K .......... .......... .......... .......... .......... 52% 1.52M 2s
  3450K .......... .......... .......... .......... .......... 53% 1.12M 2s
  3500K .......... .......... .......... .......... .......... 54% 3.28M 2s
  3550K .......... .......... .......... .......... .......... 55% 1.24M 2s
  3600K .......... .......... .......... .......... .......... 55% 1.37M 2s
  3650K .......... .......... .......... .......... .......... 56%  736K 2s
  3700K .......... .......... .......... .......... .......... 57%  320K 2s
  3750K .......... .......... .......... .......... .......... 58%  126M 2s
  3800K .......... .......... .......... .......... .......... 58%  145M 2s
  3850K .......... .......... .......... .......... .......... 59% 1.26M 2s
  3900K .......... .......... .......... .......... .......... 60% 3.49M 2s
  3950K .......... .......... .......... .......... .......... 61% 1.36M 2s
  4000K .......... .......... .......... .......... .......... 62%  511K 2s
  4050K .......... .......... .......... .......... .......... 62% 1.18M 2s
  4100K .......... .......... .......... .......... .......... 63% 1.42M 2s
  4150K .......... .......... .......... .......... .......... 64% 1.71M 2s
  4200K .......... .......... .......... .......... .......... 65% 2.97M 2s
  4250K .......... .......... .......... .......... .......... 65%  887K 2s
  4300K .......... .......... .......... .......... .......... 66% 3.77M 2s
  4350K .......... .......... .......... .......... .......... 67%  924K 2s
  4400K .......... .......... .......... .......... .......... 68% 1.29M 2s
  4450K .......... .......... .......... .......... .......... 68% 1.45M 2s
  4500K .......... .......... .......... .......... .......... 69% 1.29M 2s
  4550K .......... .......... .......... .......... .......... 70% 3.89M 2s
  4600K .......... .......... .......... .......... .......... 71% 1.50M 2s
  4650K .......... .......... .......... .......... .......... 71% 2.11M 1s
  4700K .......... .......... .......... .......... .......... 72% 1.35M 1s
  4750K .......... .......... .......... .......... .......... 73% 1.33M 1s
  4800K .......... .......... .......... .......... .......... 74% 2.06M 1s
  4850K .......... .......... .......... .......... .......... 75% 2.90M 1s
  4900K .......... .......... .......... .......... .......... 75% 2.15M 1s
  4950K .......... .......... .......... .......... .......... 76% 1.03M 1s
  5000K .......... .......... .......... .......... .......... 77% 3.17M 1s
  5050K .......... .......... .......... .......... .......... 78% 1.29M 1s
  5100K .......... .......... .......... .......... .......... 78% 1.28M 1s
  5150K .......... .......... .......... .......... .......... 79% 1.17M 1s
  5200K .......... .......... .......... .......... .......... 80% 3.20M 1s
  5250K .......... .......... .......... .......... .......... 81%  889K 1s
  5300K .......... .......... .......... .......... .......... 81% 1.00M 1s
  5350K .......... .......... .......... .......... .......... 82% 1.04M 1s
  5400K .......... .......... .......... .......... .......... 83% 1.59M 1s
  5450K .......... .......... .......... .......... .......... 84%  347K 1s
  5500K .......... .......... .......... .......... .......... 84%  110M 1s
  5550K .......... .......... .......... .......... .......... 85%  142M 1s
  5600K .......... .......... .......... .......... .......... 86% 1.16M 1s
  5650K .......... .......... .......... .......... .......... 87%  787K 1s
  5700K .......... .......... .......... .......... .......... 88% 1.69M 1s
  5750K .......... .......... .......... .......... .......... 88%  783K 1s
  5800K .......... .......... .......... .......... .......... 89% 1.38M 1s
  5850K .......... .......... .......... .......... .......... 90% 2.30M 0s
  5900K .......... .......... .......... .......... .......... 91% 2.05M 0s
  5950K .......... .......... .......... .......... .......... 91% 1.35M 0s
  6000K .......... .......... .......... .......... .......... 92% 1.95M 0s
  6050K .......... .......... .......... .......... .......... 93% 1.20M 0s
  6100K .......... .......... .......... .......... .......... 94% 3.01M 0s
  6150K .......... .......... .......... .......... .......... 94% 1.18M 0s
  6200K .......... .......... .......... .......... .......... 95% 7.25M 0s
  6250K .......... .......... .......... .......... .......... 96% 1.69M 0s
  6300K .......... .......... .......... .......... .......... 97% 2.14M 0s
  6350K .......... .......... .......... .......... .......... 98% 1.02M 0s
  6400K .......... .......... .......... .......... .......... 98% 1.05M 0s
  6450K .......... .......... .......... .......... .......... 99%  927K 0s
  6500K .......... .......... ..........                      100% 22.9M=5.1s

2026-05-28 15:34:27 (1.26 MB/s) - ‘mirror/web.engr.oregonstate.edu/~mjb/whirlwind/Whirlwind.6pp.pdf’ saved [6686948/6686948]

--2026-05-28 15:34:27--  https://web.engr.oregonstate.edu/~mjb/whirlwind/anim2.blend
Reusing existing connection to web.engr.oregonstate.edu:443.
HTTP request sent, awaiting response... 200 OK
Length: 517856 (506K)
Saving to: ‘mirror/web.engr.oregonstate.edu/~mjb/whirlwind/anim2.blend’

     0K .......... .......... .......... .......... ..........  9%  450K 1s
    50K .......... .......... .......... .......... .......... 19% 1.16M 1s
   100K .......... .......... .......... .......... .......... 29%  762K 1s
   150K .......... .......... .......... .......... .......... 39%  174M 0s
   200K .......... .......... .......... .......... .......... 49% 3.76M 0s
   250K .......... .......... .......... .......... .......... 59%  752K 0s
   300K .......... .......... .......... .......... .......... 69% 1.91M 0s
   350K .......... .......... .......... .......... .......... 79% 1.31M 0s
   400K .......... .......... .......... .......... .......... 88% 1.29M 0s
   450K .......... .......... .......... .......... .......... 98% 3.03M 0s
   500K .....                                                 100% 7.80M=0.4s

2026-05-28 15:34:27 (1.19 MB/s) - ‘mirror/web.engr.oregonstate.edu/~mjb/whirlwind/anim2.blend’ saved [517856/517856]

--2026-05-28 15:34:28--  https://web.engr.oregonstate.edu/~mjb/whirlwind/cloth.blend
Reusing existing connection to web.engr.oregonstate.edu:443.
HTTP request sent, awaiting response... 200 OK
Length: 48536008 (46M)
Saving to: ‘mirror/web.engr.oregonstate.edu/~mjb/whirlwind/cloth.blend’

     0K .......... .......... .......... .......... ..........  0% 1.00M 46s
    50K .......... .......... .......... .......... ..........  0% 1.45M 39s
   100K .......... .......... .......... .......... ..........  0% 1.73M 35s
   150K .......... .......... .......... .......... ..........  0% 1.13M 36s
   200K .......... .......... .......... .......... ..........  0% 1.24M 36s
   250K .......... .......... .......... .......... ..........  0%  718K 41s
   300K .......... .......... .......... .......... ..........  0% 1.09M 41s
   350K .......... .......... .......... .......... ..........  0% 1.10M 41s
   400K .......... .......... .......... .......... ..........  0% 2.13M 39s
   450K .......... .......... .......... .......... ..........  1% 1.06M 39s
   500K .......... .......... .......... .......... ..........  1%  882K 41s
   550K .......... .......... .......... .......... ..........  1% 1.66M 40s
   600K .......... .......... .......... .......... ..........  1% 2.03M 38s
   650K .......... .......... .......... .......... ..........  1% 1022K 39s
   700K .......... .......... .......... .......... ..........  1% 1.09M 39s
   750K .......... .......... .......... .......... ..........  1% 1.52M 38s
   800K .......... .......... .......... .......... ..........  1%  899K 39s
   850K .......... .......... .......... .......... ..........  1%  359K 44s
   900K .......... .......... .......... .......... ..........  2% 1.57M 43s
   950K .......... .......... .......... .......... ..........  2% 3.73M 42s
  1000K .......... .......... .......... .......... ..........  2% 2.13M 41s
  1050K .......... .......... .......... .......... ..........  2% 3.49M 39s
  1100K .......... .......... .......... .......... ..........  2% 1.29M 39s
  1150K .......... .......... .......... .......... ..........  2% 1.34M 39s
  1200K .......... .......... .......... .......... ..........  2% 2.02M 38s
  1250K .......... .......... .......... .......... ..........  2% 1.53M 38s
  1300K .......... .......... .......... .......... ..........  2% 1.27M 38s
  1350K .......... .......... .......... .......... ..........  2% 1.63M 37s
  1400K .......... .......... .......... .......... ..........  3%  680K 38s
  1450K .......... .......... .......... .......... ..........  3% 2.18M 38s
  1500K .......... .......... .......... .......... ..........  3% 1.22M 37s
  1550K .......... .......... .......... .......... ..........  3% 1.81M 37s
  1600K .......... .......... .......... .......... ..........  3%  970K 37s
  1650K .......... .......... .......... .......... ..........  3% 4.05M 37s
  1700K .......... .......... .......... .......... ..........  3% 1.65M 36s
  1750K .......... .......... .......... .......... ..........  3% 1.57M 36s
  1800K .......... .......... .......... .......... ..........  3% 6.40M 35s
  1850K .......... .......... .......... .......... ..........  4% 1.27M 35s
  1900K .......... .......... .......... .......... ..........  4% 6.42M 34s
  1950K .......... .......... .......... .......... ..........  4% 1.00M 35s
  2000K .......... .......... .......... .......... ..........  4%  948K 35s
  2050K .......... .......... .......... .......... ..........  4% 1.18M 35s
  2100K .......... .......... .......... .......... ..........  4% 2.90M 34s
  2150K .......... .......... .......... .......... ..........  4%  700K 35s
  2200K .......... .......... .......... .......... ..........  4%  835K 35s
  2250K .......... .......... .......... .......... ..........  4% 1.42M 35s
  2300K .......... .......... .......... .......... ..........  4% 1.90M 35s
  2350K .......... .......... .......... .......... ..........  5% 2.13M 35s
  2400K .......... .......... .......... .......... ..........  5% 1.62M 34s
  2450K .......... .......... .......... .......... ..........  5% 1.67M 34s
  2500K .......... .......... .......... .......... ..........  5% 2.14M 34s
  2550K .......... .......... .......... .......... ..........  5% 1008K 34s
  2600K .......... .......... .......... .......... ..........  5%  993K 34s
  2650K .......... .......... .......... .......... ..........  5% 3.73M 34s
  2700K .......... .......... .......... .......... ..........  5% 1.11M 34s
  2750K .......... .......... .......... .......... ..........  5% 1.31M 34s
  2800K .......... .......... .......... .......... ..........  6% 1.83M 34s
  2850K .......... .......... .......... .......... ..........  6%  856K 34s
  2900K .......... .......... .......... .......... ..........  6% 1.99M 34s
  2950K .......... .......... .......... .......... ..........  6% 1.24M 34s
  3000K .......... .......... .......... .......... ..........  6% 2.90M 33s
  3050K .......... .......... .......... .......... ..........  6% 1.39M 33s
  3100K .......... .......... .......... .......... ..........  6%  989K 33s
  3150K .......... .......... .......... .......... ..........  6% 1.21M 33s
  3200K .......... .......... .......... .......... ..........  6% 1.47M 33s
  3250K .......... .......... .......... .......... ..........  6% 1.44M 33s
  3300K .......... .......... .......... .......... ..........  7%  778K 33s
  3350K .......... .......... .......... .......... ..........  7% 1.05M 34s
  3400K .......... .......... .......... .......... ..........  7% 1.07M 34s
  3450K .......... .......... .......... .......... ..........  7%  695K 34s
  3500K .......... .......... .......... .......... ..........  7% 2.41M 34s
  3550K .......... .......... .......... .......... ..........  7% 1.59M 34s
  3600K .......... .......... .......... .......... ..........  7% 1.06M 34s
  3650K .......... .......... .......... .......... ..........  7%  673K 34s
  3700K .......... .......... .......... .......... ..........  7% 4.12M 34s
  3750K .......... .......... .......... .......... ..........  8% 2.47M 33s
  3800K .......... .......... .......... .......... ..........  8%  884K 34s
  3850K .......... .......... .......... .......... ..........  8% 2.08M 33s
  3900K .......... .......... .......... .......... ..........  8% 1.93M 33s
  3950K .......... .......... .......... .......... ..........  8%  764K 33s
  4000K .......... .......... .......... .......... ..........  8%  704K 34s
  4050K .......... .......... .......... .......... ..........  8%  721K 34s
  4100K .......... .......... .......... .......... ..........  8% 3.18M 34s
  4150K .......... .......... .......... .......... ..........  8%  954K 34s
  4200K .......... .......... .......... .......... ..........  8% 1.14M 34s
  4250K .......... .......... .......... .......... ..........  9% 1.34M 34s
  4300K .......... .......... .......... .......... ..........  9% 1.25M 34s
  4350K .......... .......... .......... .......... ..........  9%  811K 34s
  4400K .......... .......... .......... .......... ..........  9%  955K 34s
  4450K .......... .......... .......... .......... ..........  9% 9.19M 34s
  4500K .......... .......... .......... .......... ..........  9%  662K 34s
  4550K .......... .......... .......... .......... ..........  9% 1.28M 34s
  4600K .......... .......... .......... .......... ..........  9% 1.59M 34s
  4650K .......... .......... .......... .......... ..........  9%  430K 34s
  4700K .......... .......... .......... .......... .......... 10% 1.84M 34s
  4750K .......... .......... .......... .......... .......... 10%  809K 34s
  4800K .......... .......... .......... .......... .......... 10%  984K 34s
  4850K .......... .......... .......... .......... .......... 10% 1.07M 34s
  4900K .......... .......... .......... .......... .......... 10%  922K 35s
  4950K .......... .......... .......... .......... .......... 10% 1.52M 34s
  5000K .......... .......... .......... .......... .......... 10%  911K 35s
  5050K .......... .......... .......... .......... .......... 10%  741K 35s
  5100K .......... .......... .......... .......... .......... 10% 2.14M 35s
  5150K .......... .......... .......... .......... .......... 10% 1.91M 34s
  5200K .......... .......... .......... .......... .......... 11% 1.49M 34s
  5250K .......... .......... .......... .......... .......... 11%  506K 35s
  5300K .......... .......... .......... .......... .......... 11%  802K 35s
  5350K .......... .......... .......... .......... .......... 11% 4.44M 35s
  5400K .......... .......... .......... .......... .......... 11% 1.76M 34s
  5450K .......... .......... .......... .......... .......... 11% 1.48M 34s
  5500K .......... .......... .......... .......... .......... 11% 1.06M 34s
  5550K .......... .......... .......... .......... .......... 11% 1.09M 34s
  5600K .......... .......... .......... .......... .......... 11%  325K 35s
  5650K .......... .......... .......... .......... .......... 12% 17.4M 35s
  5700K .......... .......... .......... .......... .......... 12% 10.3M 34s
  5750K .......... .......... .......... .......... .......... 12% 1.24M 34s
  5800K .......... .......... .......... .......... .......... 12%  695K 35s
  5850K .......... .......... .......... .......... .......... 12% 1.55M 34s
  5900K .......... .......... .......... .......... .......... 12% 1.08M 34s
  5950K .......... .......... .......... .......... .......... 12%  734K 35s
  6000K .......... .......... .......... .......... .......... 12% 1.23M 34s
  6050K .......... .......... .......... .......... .......... 12% 1.47M 34s
  6100K .......... .......... .......... .......... .......... 12% 1.18M 34s
  6150K .......... .......... .......... .......... .......... 13%  699K 35s
  6200K .......... .......... .......... .......... .......... 13% 2.96M 34s
  6250K .......... .......... .......... .......... .......... 13% 1.01M 34s
  6300K .......... .......... .......... .......... .......... 13% 4.90M 34s
  6350K .......... .......... .......... .......... .......... 13% 2.05M 34s
  6400K .......... .......... .......... .......... .......... 13% 1.34M 34s
  6450K .......... .......... .......... .......... .......... 13% 1.21M 34s
  6500K .......... .......... .......... .......... .......... 13% 2.37M 34s
  6550K .......... .......... .......... .......... .......... 13% 1.13M 34s
  6600K .......... .......... .......... .......... .......... 14% 3.63M 33s
  6650K .......... .......... .......... .......... .......... 14% 1.07M 33s
  6700K .......... .......... .......... .......... .......... 14% 1.19M 33s
  6750K .......... .......... .......... .......... .......... 14%  701K 33s
  6800K .......... .......... .......... .......... .......... 14%  594K 34s
  6850K .......... .......... .......... .......... .......... 14% 1.64M 34s
  6900K .......... .......... .......... .......... .......... 14%  286K 34s
  6950K .......... .......... .......... .......... .......... 14%  156M 34s
  7000K .......... .......... .......... .......... .......... 14%  156M 34s
  7050K .......... .......... .......... .......... .......... 14%  836K 34s
  7100K .......... .......... .......... .......... .......... 15% 1.15M 34s
  7150K .......... .......... .......... .......... .......... 15%  488K 34s
  7200K .......... .......... .......... .......... .......... 15%  126M 34s
  7250K .......... .......... .......... .......... .......... 15% 1.14M 34s
  7300K .......... .......... .......... .......... .......... 15% 2.00M 34s
  7350K .......... .......... .......... .......... .......... 15% 1.26M 34s
  7400K .......... .......... .......... .......... .......... 15%  903K 34s
  7450K .......... .......... .......... .......... .......... 15% 1.41M 33s
  7500K .......... .......... .......... .......... .......... 15% 1.20M 33s
  7550K .......... .......... .......... .......... .......... 16%  673K 34s
  7600K .......... .......... .......... .......... .......... 16% 1.48M 33s
  7650K .......... .......... .......... .......... .......... 16% 1.18M 33s
  7700K .......... .......... .......... .......... .......... 16% 1.16M 33s
  7750K .......... .......... .......... .......... .......... 16%  836K 33s
  7800K .......... .......... .......... .......... .......... 16% 2.35M 33s
  7850K .......... .......... .......... .......... .......... 16% 1.36M 33s
  7900K .......... .......... .......... .......... .......... 16% 1.02M 33s
  7950K .......... .......... .......... .......... .......... 16% 1.22M 33s
  8000K .......... .......... .......... .......... .......... 16%  958K 33s
  8050K .......... .......... .......... .......... .......... 17% 1.18M 33s
  8100K .......... .......... .......... .......... .......... 17%  976K 33s
  8150K .......... .......... .......... .......... .......... 17% 1.23M 33s
  8200K .......... .......... .......... .......... .......... 17%  999K 33s
  8250K .......... .......... .......... .......... .......... 17%  238K 34s
  8300K .......... .......... .......... .......... .......... 17%  150M 34s
  8350K .......... .......... .......... .......... .......... 17% 2.11M 33s
  8400K .......... .......... .......... .......... .......... 17% 2.51M 33s
  8450K .......... .......... .......... .......... .......... 17% 1.43M 33s
  8500K .......... .......... .......... .......... .......... 18% 1.30M 33s
  8550K .......... .......... .......... .......... .......... 18% 2.49M 33s
  8600K .......... .......... .......... .......... .......... 18% 1.44M 33s
  8650K .......... .......... .......... .......... .......... 18% 1.14M 33s
  8700K .......... .......... .......... .......... .......... 18% 1.64M 33s
  8750K .......... .......... .......... .......... .......... 18% 1.25M 33s
  8800K .......... .......... .......... .......... .......... 18% 1.54M 33s
  8850K .......... .......... .......... .......... .......... 18%  341K 33s
  8900K .......... .......... .......... .......... .......... 18% 2.02M 33s
  8950K .......... .......... .......... .......... .......... 18% 1.94M 33s
  9000K .......... .......... .......... .......... .......... 19% 1.65M 33s
  9050K .......... .......... .......... .......... .......... 19% 1.03M 33s
  9100K .......... .......... .......... .......... .......... 19%  575K 33s
  9150K .......... .......... .......... .......... .......... 19% 1.66M 33s
  9200K .......... .......... .......... .......... .......... 19%  679K 33s
  9250K .......... .......... .......... .......... .......... 19% 1.38M 33s
  9300K .......... .......... .......... .......... .......... 19% 1.73M 33s
  9350K .......... .......... .......... .......... .......... 19%  873K 33s
  9400K .......... .......... .......... .......... .......... 19% 1002K 33s
  9450K .......... .......... .......... .......... .......... 20% 1.72M 33s
  9500K .......... .......... .......... .......... .......... 20% 1.21M 32s
  9550K .......... .......... .......... .......... .......... 20% 1.46M 32s
  9600K .......... .......... .......... .......... .......... 20% 1.01M 32s
  9650K .......... .......... .......... .......... .......... 20% 1.14M 32s
  9700K .......... .......... .......... .......... .......... 20% 1.92M 32s
  9750K .......... .......... .......... .......... .......... 20% 1.10M 32s
  9800K .......... .......... .......... .......... .......... 20% 2.57M 32s
  9850K .......... .......... .......... .......... .......... 20% 1.64M 32s
  9900K .......... .......... .......... .......... .......... 20% 1.49M 32s
  9950K .......... .......... .......... .......... .......... 21% 5.53M 32s
 10000K .......... .......... .......... .......... .......... 21%  751K 32s
 10050K .......... .......... .......... .......... .......... 21% 1.86M 32s
 10100K .......... .......... .......... .......... .......... 21% 1.81M 32s
 10150K .......... .......... .......... .......... .......... 21% 1009K 32s
 10200K .......... .......... .......... .......... .......... 21% 2.52M 31s
 10250K .......... .......... .......... .......... .......... 21% 2.85M 31s
 10300K .......... .......... .......... .......... .......... 21% 2.36M 31s
 10350K .......... .......... .......... .......... .......... 21% 1.31M 31s
 10400K .......... .......... .......... .......... .......... 22% 1023K 31s
 10450K .......... .......... .......... .......... .......... 22% 1.03M 31s
 10500K .......... .......... .......... .......... .......... 22% 1.44M 31s
 10550K .......... .......... .......... .......... .......... 22% 1.09M 31s
 10600K .......... .......... .......... .......... .......... 22%  664K 31s
 10650K .......... .......... .......... .......... .......... 22%  807K 31s
 10700K .......... .......... .......... .......... .......... 22%  617K 31s
 10750K .......... .......... .......... .......... .......... 22% 2.31M 31s
 10800K .......... .......... .......... .......... .......... 22% 1.54M 31s
 10850K .......... .......... .......... .......... .......... 22%  819K 31s
 10900K .......... .......... .......... .......... .......... 23% 34.3M 31s
 10950K .......... .......... .......... .......... .......... 23% 1.08M 31s
 11000K .......... .......... .......... .......... .......... 23% 2.58M 31s
 11050K .......... .......... .......... .......... .......... 23%  802K 31s
 11100K .......... .......... .......... .......... .......... 23% 1.72M 31s
 11150K .......... .......... .......... .......... .......... 23% 1.01M 31s
 11200K .......... .......... .......... .......... .......... 23% 2.78M 30s
 11250K .......... .......... .......... .......... .......... 23% 3.73M 30s
 11300K .......... .......... .......... .......... .......... 23%  781K 30s
 11350K .......... .......... .......... .......... .......... 24% 2.54M 30s
 11400K .......... .......... .......... .......... .......... 24% 1.61M 30s
 11450K .......... .......... .......... .......... .......... 24% 2.20M 30s
 11500K .......... .......... .......... .......... .......... 24% 1.03M 30s
 11550K .......... .......... .......... .......... .......... 24% 1.63M 30s
 11600K .......... .......... .......... .......... .......... 24% 1.17M 30s
 11650K .......... .......... .......... .......... .......... 24% 1.28M 30s
 11700K .......... .......... .......... .......... .......... 24% 1.48M 30s
 11750K .......... .......... .......... .......... .......... 24%  898K 30s
 11800K .......... .......... .......... .......... .......... 25%  599K 30s
 11850K .......... .......... .......... .......... .......... 25% 1.56M 30s
 11900K .......... .......... .......... .......... .......... 25% 1.04M 30s
 11950K .......... .......... .......... .......... .......... 25% 1020K 30s
 12000K .......... .......... .......... .......... .......... 25% 1.12M 30s
 12050K .......... .......... .......... .......... .......... 25% 1.26M 30s
 12100K .......... .......... .......... .......... .......... 25% 1.19M 30s
 12150K .......... .......... .......... .......... .......... 25% 1.22M 30s
 12200K .......... .......... .......... .......... .......... 25% 1.73M 29s
 12250K .......... .......... .......... .......... .......... 25% 2.53M 29s
 12300K .......... .......... .......... .......... .......... 26% 1.36M 29s
 12350K .......... .......... .......... .......... .......... 26% 3.04M 29s
 12400K .......... .......... .......... .......... .......... 26%  962K 29s
 12450K .......... .......... .......... .......... .......... 26% 1.84M 29s
 12500K .......... .......... .......... .......... .......... 26%  823K 29s
 12550K .......... .......... .......... .......... .......... 26% 2.66M 29s
 12600K .......... .......... .......... .......... .......... 26% 1.25M 29s
 12650K .......... .......... .......... .......... .......... 26% 1.27M 29s
 12700K .......... .......... .......... .......... .......... 26% 1.32M 29s
 12750K .......... .......... .......... .......... .......... 27% 1.55M 29s
 12800K .......... .......... .......... .......... .......... 27% 3.98M 29s
 12850K .......... .......... .......... .......... .......... 27% 1.37M 29s
 12900K .......... .......... .......... .......... .......... 27% 5.27M 28s
 12950K .......... .......... .......... .......... .......... 27% 1.38M 28s
 13000K .......... .......... .......... .......... .......... 27% 1.47M 28s
 13050K .......... .......... .......... .......... .......... 27% 2.38M 28s
 13100K .......... .......... .......... .......... .......... 27% 1003K 28s
 13150K .......... .......... .......... .......... .......... 27%  967K 28s
 13200K .......... .......... .......... .......... .......... 27%  419K 28s
 13250K .......... .......... .......... .......... .......... 28%  808K 28s
 13300K .......... .......... .......... .......... .......... 28% 3.07M 28s
 13350K .......... .......... .......... .......... .......... 28%  688K 28s
 13400K .......... .......... .......... .......... .......... 28% 2.05M 28s
 13450K .......... .......... .......... .......... .......... 28%  793K 28s
 13500K .......... .......... .......... .......... .......... 28%  770K 28s
 13550K .......... .......... .......... .......... .......... 28%  544K 28s
 13600K .......... .......... .......... .......... .......... 28% 2.06M 28s
 13650K .......... .......... .......... .......... .......... 28%  774K 28s
 13700K .......... .......... .......... .......... .......... 29% 1.26M 28s
 13750K .......... .......... .......... .......... .......... 29% 1.31M 28s
 13800K .......... .......... .......... .......... .......... 29%  697K 28s
 13850K .......... .......... .......... .......... .......... 29% 1.84M 28s
 13900K .......... .......... .......... .......... .......... 29% 1.11M 28s
 13950K .......... .......... .......... .......... .......... 29% 1.21M 28s
 14000K .......... .......... .......... .......... .......... 29% 2.02M 28s
 14050K .......... .......... .......... .......... .......... 29%  700K 28s
 14100K .......... .......... .......... .......... .......... 29%  688K 28s
 14150K .......... .......... .......... .......... .......... 29% 3.08M 28s
 14200K .......... .......... .......... .......... .......... 30% 3.28M 28s
 14250K .......... .......... .......... .......... .......... 30% 1.10M 28s
 14300K .......... .......... .......... .......... .......... 30% 1.16M 28s
 14350K .......... .......... .......... .......... .......... 30% 1.95M 28s
 14400K .......... .......... .......... .......... .......... 30% 1.12M 28s
 14450K .......... .......... .......... .......... .......... 30% 1.64M 28s
 14500K .......... .......... .......... .......... .......... 30% 3.58M 27s
 14550K .......... .......... .......... .......... .......... 30% 2.13M 27s
 14600K .......... .......... .......... .......... .......... 30% 1.13M 27s
 14650K .......... .......... .......... .......... .......... 31% 1.60M 27s
 14700K .......... .......... .......... .......... .......... 31% 1.33M 27s
 14750K .......... .......... .......... .......... .......... 31% 2.11M 27s
 14800K .......... .......... .......... .......... .......... 31% 2.28M 27s
 14850K .......... .......... .......... .......... .......... 31% 2.31M 27s
 14900K .......... .......... .......... .......... .......... 31% 1.02M 27s
 14950K .......... .......... .......... .......... .......... 31% 3.28M 27s
 15000K .......... .......... .......... .......... .......... 31% 1.88M 27s
 15050K .......... .......... .......... .......... .......... 31% 2.01M 27s
 15100K .......... .......... .......... .......... .......... 31%  927K 27s
 15150K .......... .......... .......... .......... .......... 32%  972K 27s
 15200K .......... .......... .......... .......... .......... 32% 1.41M 27s
 15250K .......... .......... .......... .......... .......... 32% 1.48M 26s
 15300K .......... .......... .......... .......... .......... 32%  791K 26s
 15350K .......... .......... .......... .......... .......... 32%  322K 27s
 15400K .......... .......... .......... .......... .......... 32% 8.38M 27s
 15450K .......... .......... .......... .......... .......... 32%  265M 26s
 15500K .......... .......... .......... .......... .......... 32%  988K 26s
 15550K .......... .......... .......... .......... .......... 32%  859K 26s
 15600K .......... .......... .......... .......... .......... 33%  537K 26s
 15650K .......... .......... .......... .......... .......... 33%  461K 27s
 15700K .......... .......... .......... .......... .......... 33% 1.18M 27s
 15750K .......... .......... .......... .......... .......... 33%  576K 27s
 15800K .......... .......... .......... .......... .......... 33% 1.67M 27s
 15850K .......... .......... .......... .......... .......... 33%  971K 26s
 15900K .......... .......... .......... .......... .......... 33% 1.15M 26s
 15950K .......... .......... .......... .......... .......... 33% 2.35M 26s
 16000K .......... .......... .......... .......... .......... 33%  981K 26s
 16050K .......... .......... .......... .......... .......... 33%  628K 26s
 16100K .......... .......... .......... .......... .......... 34% 1.90M 26s
 16150K .......... .......... .......... .......... .......... 34% 1.32M 26s
 16200K .......... .......... .......... .......... .......... 34% 1.09M 26s
 16250K .......... .......... .......... .......... .......... 34% 1.29M 26s
 16300K .......... .......... .......... .......... .......... 34% 1.22M 26s
 16350K .......... .......... .......... .......... .......... 34% 1.87M 26s
 16400K .......... .......... .......... .......... .......... 34% 2.05M 26s
 16450K .......... .......... .......... .......... .......... 34% 1.18M 26s
 16500K .......... .......... .......... .......... .......... 34% 1.42M 26s
 16550K .......... .......... .......... .......... .......... 35% 1.78M 26s
 16600K .......... .......... .......... .......... .......... 35%  776K 26s
 16650K .......... .......... .......... .......... .......... 35% 1.06M 26s
 16700K .......... .......... .......... .......... .......... 35% 1.37M 26s
 16750K .......... .......... .......... .......... .......... 35% 1.39M 26s
 16800K .......... .......... .......... .......... .......... 35% 1.05M 26s
 16850K .......... .......... .......... .......... .......... 35% 1.84M 26s
 16900K .......... .......... .......... .......... .......... 35%  994K 26s
 16950K .......... .......... .......... .......... .......... 35% 2.17M 25s
 17000K .......... .......... .......... .......... .......... 35% 1.27M 25s
 17050K .......... .......... .......... .......... .......... 36% 1.25M 25s
 17100K .......... .......... .......... .......... .......... 36% 1.33M 25s
 17150K .......... .......... .......... .......... .......... 36% 8.80M 25s
 17200K .......... .......... .......... .......... .......... 36% 1.29M 25s
 17250K .......... .......... .......... .......... .......... 36%  800K 25s
 17300K .......... .......... .......... .......... .......... 36% 1.10M 25s
 17350K .......... .......... .......... .......... .......... 36%  323K 25s
 17400K .......... .......... .......... .......... .......... 36%  131M 25s
 17450K .......... .......... .......... .......... .......... 36% 2.11M 25s
 17500K .......... .......... .......... .......... .......... 37% 1.45M 25s
 17550K .......... .......... .......... .......... .......... 37%  753K 25s
 17600K .......... .......... .......... .......... .......... 37%  686K 25s
 17650K .......... .......... .......... .......... .......... 37% 2.23M 25s
 17700K .......... .......... .......... .......... .......... 37%  527K 25s
 17750K .......... .......... .......... .......... .......... 37%  606K 25s
 17800K .......... .......... .......... .......... .......... 37%  782K 25s
 17850K .......... .......... .......... .......... .......... 37%  901K 25s
 17900K .......... .......... .......... .......... .......... 37% 1.35M 25s
 17950K .......... .......... .......... .......... .......... 37%  561K 25s
 18000K .......... .......... .......... .......... .......... 38% 1.36M 25s
 18050K .......... .......... .......... .......... .......... 38% 1.28M 25s
 18100K .......... .......... .......... .......... .......... 38% 1.24M 25s
 18150K .......... .......... .......... .......... .......... 38%  752K 25s
 18200K .......... .......... .......... .......... .......... 38% 1.08M 25s
 18250K .......... .......... .......... .......... .......... 38%  620K 25s
 18300K .......... .......... .......... .......... .......... 38% 1.41M 25s
 18350K .......... .......... .......... .......... .......... 38% 1.37M 25s
 18400K .......... .......... .......... .......... .......... 38% 1.30M 25s
 18450K .......... .......... .......... .......... .......... 39% 1.06M 25s
 18500K .......... .......... .......... .......... .......... 39% 1.17M 25s
 18550K .......... .......... .......... .......... .......... 39% 1.23M 25s
 18600K .......... .......... .......... .......... .......... 39%  861K 24s
 18650K .......... .......... .......... .......... .......... 39% 1.43M 24s
 18700K .......... .......... .......... .......... .......... 39% 1.34M 24s
 18750K .......... .......... .......... .......... .......... 39%  599K 24s
 18800K .......... .......... .......... .......... .......... 39% 1.66M 24s
 18850K .......... .......... .......... .......... .......... 39%  554K 24s
 18900K .......... .......... .......... .......... .......... 39%  690K 24s
 18950K .......... .......... .......... .......... .......... 40%  768K 24s
 19000K .......... .......... .......... .......... .......... 40% 1.45M 24s
 19050K .......... .......... .......... .......... .......... 40%  962K 24s
 19100K .......... .......... .......... .......... .......... 40% 1.99M 24s
 19150K .......... .......... .......... .......... .......... 40%  975K 24s
 19200K .......... .......... .......... .......... .......... 40% 2.27M 24s
 19250K .......... .......... .......... .......... .......... 40%  917K 24s
 19300K .......... .......... .......... .......... .......... 40% 1.44M 24s
 19350K .......... .......... .......... .......... .......... 40% 1.16M 24s
 19400K .......... .......... .......... .......... .......... 41% 1.35M 24s
 19450K .......... .......... .......... .......... .......... 41%  768K 24s
 19500K .......... .......... .......... .......... .......... 41%  700K 24s
 19550K .......... .......... .......... .......... .......... 41% 2.31M 24s
 19600K .......... .......... .......... .......... .......... 41%  709K 24s
 19650K .......... .......... .......... .......... .......... 41% 1003K 24s
 19700K .......... .......... .......... .......... .......... 41%  716K 24s
 19750K .......... .......... .......... .......... .......... 41% 1.07M 24s
 19800K .......... .......... .......... .......... .......... 41%  521K 24s
 19850K .......... .......... .......... .......... .......... 41% 1.80M 24s
 19900K .......... .......... .......... .......... .......... 42%  758K 24s
 19950K .......... .......... .......... .......... .......... 42%  212K 24s
 20000K .......... .......... .......... .......... .......... 42%  130M 24s
 20050K .......... .......... .......... .......... .......... 42%  134M 24s
 20100K .......... .......... .......... .......... .......... 42% 2.11M 24s
 20150K .......... .......... .......... .......... .......... 42% 1.22M 24s
 20200K .......... .......... .......... .......... .......... 42%  391K 24s
 20250K .......... .......... .......... .......... .......... 42% 1.29M 24s
 20300K .......... .......... .......... .......... .......... 42% 1.37M 24s
 20350K .......... .......... .......... .......... .......... 43%  666K 24s
 20400K .......... .......... .......... .......... .......... 43%  949K 24s
 20450K .......... .......... .......... .......... .......... 43% 2.10M 23s
 20500K .......... .......... .......... .......... .......... 43% 2.64M 23s
 20550K .......... .......... .......... .......... .......... 43%  765K 23s
 20600K .......... .......... .......... .......... .......... 43%  411K 23s
 20650K .......... .......... .......... .......... .......... 43% 2.25M 23s
 20700K .......... .......... .......... .......... .......... 43% 2.78M 23s
 20750K .......... .......... .......... .......... .......... 43% 1017K 23s
 20800K .......... .......... .......... .......... .......... 43% 1.59M 23s
 20850K .......... .......... .......... .......... .......... 44% 1.04M 23s
 20900K .......... .......... .......... .......... .......... 44%  629K 23s
 20950K .......... .......... .......... .......... .......... 44% 1.43M 23s
 21000K .......... .......... .......... .......... .......... 44%  958K 23s
 21050K .......... .......... .......... .......... .......... 44% 1.94M 23s
 21100K .......... .......... .......... .......... .......... 44%  821K 23s
 21150K .......... .......... .......... .......... .......... 44% 2.47M 23s
 21200K .......... .......... .......... .......... .......... 44% 1.09M 23s
 21250K .......... .......... .......... .......... .......... 44%  621K 23s
 21300K .......... .......... .......... .......... .......... 45% 1.76M 23s
 21350K .......... .......... .......... .......... .......... 45% 2.49M 23s
 21400K .......... .......... .......... .......... .......... 45% 2.73M 23s
 21450K .......... .......... .......... .......... .......... 45% 1.14M 23s
 21500K .......... .......... .......... .......... .......... 45% 1.14M 23s
 21550K .......... .......... .......... .......... .......... 45% 1.54M 22s
 21600K .......... .......... .......... .......... .......... 45% 1.17M 22s
 21650K .......... .......... .......... .......... .......... 45% 1.12M 22s
 21700K .......... .......... .......... .......... .......... 45% 2.20M 22s
 21750K .......... .......... .......... .......... .......... 45% 1.47M 22s
 21800K .......... .......... .......... .......... .......... 46% 1.81M 22s
 21850K .......... .......... .......... .......... .......... 46% 1.08M 22s
 21900K .......... .......... .......... .......... .......... 46%  537K 22s
 21950K .......... .......... .......... .......... .......... 46% 1.34M 22s
 22000K .......... .......... .......... .......... .......... 46% 2.40M 22s
 22050K .......... .......... .......... .......... .......... 46% 3.83M 22s
 22100K .......... .......... .......... .......... .......... 46% 1.86M 22s
 22150K .......... .......... .......... .......... .......... 46% 1.14M 22s
 22200K .......... .......... .......... .......... .......... 46% 1.08M 22s
 22250K .......... .......... .......... .......... .......... 47% 1.94M 22s
 22300K .......... .......... .......... .......... .......... 47% 3.49M 22s
 22350K .......... .......... .......... .......... .......... 47% 1.20M 22s
 22400K .......... .......... .......... .......... .......... 47% 2.22M 22s
 22450K .......... .......... .......... .......... .......... 47% 1.37M 22s
 22500K .......... .......... .......... .......... .......... 47% 2.17M 21s
 22550K .......... .......... .......... .......... .......... 47% 1.61M 21s
 22600K .......... .......... .......... .......... .......... 47% 3.67M 21s
 22650K .......... .......... .......... .......... .......... 47% 1.09M 21s
 22700K .......... .......... .......... .......... .......... 47% 1.91M 21s
 22750K .......... .......... .......... .......... .......... 48% 1.23M 21s
 22800K .......... .......... .......... .......... .......... 48% 2.30M 21s
 22850K .......... .......... .......... .......... .......... 48%  751K 21s
 22900K .......... .......... .......... .......... .......... 48% 1.16M 21s
 22950K .......... .......... .......... .......... .......... 48%  557K 21s
 23000K .......... .......... .......... .......... .......... 48% 3.35M 21s
 23050K .......... .......... .......... .......... .......... 48% 5.82M 21s
 23100K .......... .......... .......... .......... .......... 48% 1.63M 21s
 23150K .......... .......... .......... .......... .......... 48%  502K 21s
 23200K .......... .......... .......... .......... .......... 49%  875K 21s
 23250K .......... .......... .......... .......... .......... 49% 1.95M 21s
 23300K .......... .......... .......... .......... .......... 49%  664K 21s
 23350K .......... .......... .......... .......... .......... 49% 1.69M 21s
 23400K .......... .......... .......... .......... .......... 49% 1002K 21s
 23450K .......... .......... .......... .......... .......... 49% 1.34M 21s
 23500K .......... .......... .......... .......... .......... 49% 1.05M 21s
 23550K .......... .......... .......... .......... .......... 49%  932K 21s
 23600K .......... .......... .......... .......... .......... 49% 1.34M 21s
 23650K .......... .......... .......... .......... .......... 50% 2.58M 20s
 23700K .......... .......... .......... .......... .......... 50%  989K 20s
 23750K .......... .......... .......... .......... .......... 50% 1.13M 20s
 23800K .......... .......... .......... .......... .......... 50%  600K 20s
 23850K .......... .......... .......... .......... .......... 50% 1.10M 20s
 23900K .......... .......... .......... .......... .......... 50%  617K 20s
 23950K .......... .......... .......... .......... .......... 50%  700K 20s
 24000K .......... .......... .......... .......... .......... 50%  916K 20s
 24050K .......... .......... .......... .......... .......... 50% 1.76M 20s
 24100K .......... .......... .......... .......... .......... 50% 1.10M 20s
 24150K .......... .......... .......... .......... .......... 51% 2.66M 20s
 24200K .......... .......... .......... .......... .......... 51% 1.53M 20s
 24250K .......... .......... .......... .......... .......... 51% 2.03M 20s
 24300K .......... .......... .......... .......... .......... 51%  785K 20s
 24350K .......... .......... .......... .......... .......... 51%  752K 20s
 24400K .......... .......... .......... .......... .......... 51% 1.09M 20s
 24450K .......... .......... .......... .......... .......... 51% 1.11M 20s
 24500K .......... .......... .......... .......... .......... 51%  713K 20s
 24550K .......... .......... .......... .......... .......... 51% 2.86M 20s
 24600K .......... .......... .......... .......... .......... 52% 2.02M 20s
 24650K .......... .......... .......... .......... .......... 52% 1.04M 20s
 24700K .......... .......... .......... .......... .......... 52%  975K 20s
 24750K .......... .......... .......... .......... .......... 52%  869K 20s
 24800K .......... .......... .......... .......... .......... 52% 1.47M 20s
 24850K .......... .......... .......... .......... .......... 52% 1.70M 19s
 24900K .......... .......... .......... .......... .......... 52%  737K 19s
 24950K .......... .......... .......... .......... .......... 52% 5.83M 19s
 25000K .......... .......... .......... .......... .......... 52% 1.54M 19s
 25050K .......... .......... .......... .......... .......... 52% 1.23M 19s
 25100K .......... .......... .......... .......... .......... 53% 1.43M 19s
 25150K .......... .......... .......... .......... .......... 53% 1.05M 19s
 25200K .......... .......... .......... .......... .......... 53% 1.33M 19s
 25250K .......... .......... .......... .......... .......... 53% 1.35M 19s
 25300K .......... .......... .......... .......... .......... 53% 1.13M 19s
 25350K .......... .......... .......... .......... .......... 53% 2.04M 19s
 25400K .......... .......... .......... .......... .......... 53% 1.23M 19s
 25450K .......... .......... .......... .......... .......... 53%  922K 19s
 25500K .......... .......... .......... .......... .......... 53% 1.20M 19s
 25550K .......... .......... .......... .......... .......... 54% 1.73M 19s
 25600K .......... .......... .......... .......... .......... 54% 1.23M 19s
 25650K .......... .......... .......... .......... .......... 54%  385K 19s
 25700K .......... .......... .......... .......... .......... 54% 1.62M 19s
 25750K .......... .......... .......... .......... .......... 54% 1009K 19s
 25800K .......... .......... .......... .......... .......... 54%  570K 19s
 25850K .......... .......... .......... .......... .......... 54% 1.35M 19s
 25900K .......... .......... .......... .......... .......... 54% 1.01M 19s
 25950K .......... .......... .......... .......... .......... 54% 2.23M 19s
 26000K .......... .......... .......... .......... .......... 54% 1.00M 19s
 26050K .......... .......... .......... .......... .......... 55%  663K 18s
 26100K .......... .......... .......... .......... .......... 55% 1013K 18s
 26150K .......... .......... .......... .......... .......... 55%  881K 18s
 26200K .......... .......... .......... .......... .......... 55%  860K 18s
 26250K .......... .......... .......... .......... .......... 55% 1.07M 18s
 26300K .......... .......... .......... .......... .......... 55% 1.86M 18s
 26350K .......... .......... .......... .......... .......... 55% 1.47M 18s
 26400K .......... .......... .......... .......... .......... 55% 3.72M 18s
 26450K .......... .......... .......... .......... .......... 55%  604K 18s
 26500K .......... .......... .......... .......... .......... 56%  260K 18s
 26550K .......... .......... .......... .......... .......... 56%  248M 18s
 26600K .......... .......... .......... .......... .......... 56% 1.45M 18s
 26650K .......... .......... .......... .......... .......... 56%  475K 18s
 26700K .......... .......... .......... .......... .......... 56%  619K 18s
 26750K .......... .......... .......... .......... .......... 56%  873K 18s
 26800K .......... .......... .......... .......... .......... 56% 1.50M 18s
 26850K .......... .......... .......... .......... .......... 56%  482K 18s
 26900K .......... .......... .......... .......... .......... 56%  888K 18s
 26950K .......... .......... .......... .......... .......... 56%  649K 18s
 27000K .......... .......... .......... .......... .......... 57%  632K 18s
 27050K .......... .......... .......... .......... .......... 57% 1.29M 18s
 27100K .......... .......... .......... .......... .......... 57% 1.10M 18s
 27150K .......... .......... .......... .......... .......... 57% 1.12M 18s
 27200K .......... .......... .......... .......... .......... 57% 2.04M 18s
 27250K .......... .......... .......... .......... .......... 57%  579K 18s
 27300K .......... .......... .......... .......... .......... 57% 1.02M 18s
 27350K .......... .......... .......... .......... .......... 57% 1.60M 18s
 27400K .......... .......... .......... .......... .......... 57% 1.68M 18s
 27450K .......... .......... .......... .......... .......... 58%  590K 18s
 27500K .......... .......... .......... .......... .......... 58% 1.30M 18s
 27550K .......... .......... .......... .......... .......... 58% 1002K 17s
 27600K .......... .......... .......... .......... .......... 58% 1.09M 17s
 27650K .......... .......... .......... .......... .......... 58% 1.07M 17s
 27700K .......... .......... .......... .......... .......... 58%  952K 17s
 27750K .......... .......... .......... .......... .......... 58% 1.66M 17s
 27800K .......... .......... .......... .......... .......... 58% 3.03M 17s
 27850K .......... .......... .......... .......... .......... 58%  830K 17s
 27900K .......... .......... .......... .......... .......... 58% 1.41M 17s
 27950K .......... .......... .......... .......... .......... 59% 1.27M 17s
 28000K .......... .......... .......... .......... .......... 59% 1.73M 17s
 28050K .......... .......... .......... .......... .......... 59%  618K 17s
 28100K .......... .......... .......... .......... .......... 59%  714K 17s
 28150K .......... .......... .......... .......... .......... 59% 1.13M 17s
 28200K .......... .......... .......... .......... .......... 59% 1.39M 17s
 28250K .......... .......... .......... .......... .......... 59% 1.68M 17s
 28300K .......... .......... .......... .......... .......... 59% 2.97M 17s
 28350K .......... .......... .......... .......... .......... 59% 2.08M 17s
 28400K .......... .......... .......... .......... .......... 60%  959K 17s
 28450K .......... .......... .......... .......... .......... 60% 1.13M 17s
 28500K .......... .......... .......... .......... .......... 60% 1.39M 17s
 28550K .......... .......... .......... .......... .......... 60% 1.35M 17s
 28600K .......... .......... .......... .......... .......... 60%  986K 17s
 28650K .......... .......... .......... .......... .......... 60% 1.68M 16s
 28700K .......... .......... .......... .......... .......... 60%  821K 16s
 28750K .......... .......... .......... .......... .......... 60% 1.32M 16s
 28800K .......... .......... .......... .......... .......... 60% 1.19M 16s
 28850K .......... .......... .......... .......... .......... 60% 1.72M 16s
 28900K .......... .......... .......... .......... .......... 61% 1.19M 16s
 28950K .......... .......... .......... .......... .......... 61%  762K 16s
 29000K .......... .......... .......... .......... .......... 61%  264K 16s
 29050K .......... .......... .......... .......... .......... 61% 3.91M 16s
 29100K .......... .......... .......... .......... .......... 61% 26.6M 16s
 29150K .......... .......... .......... .......... .......... 61%  273K 16s
 29200K .......... .......... .......... .......... .......... 61%  153M 16s
 29250K .......... .......... .......... .......... .......... 61% 1.67M 16s
 29300K .......... .......... .......... .......... .......... 61% 1.96M 16s
 29350K .......... .......... .......... .......... .......... 62% 1.47M 16s
 29400K .......... .......... .......... .......... .......... 62%  413K 16s
 29450K .......... .......... .......... .......... .......... 62%  424K 16s
 29500K .......... .......... .......... .......... .......... 62%  514K 16s
 29550K .......... .......... .......... .......... .......... 62%  565K 16s
 29600K .......... .......... .......... .......... .......... 62%  899K 16s
 29650K .......... .......... .......... .......... .......... 62%  943K 16s
 29700K .......... .......... .......... .......... .......... 62% 1.42M 16s
 29750K .......... .......... .......... .......... .......... 62%  860K 16s
 29800K .......... .......... .......... .......... .......... 62% 1.08M 16s
 29850K .......... .......... .......... .......... .......... 63% 1006K 16s
 29900K .......... .......... .......... .......... .......... 63% 1.40M 16s
 29950K .......... .......... .......... .......... .......... 63% 1.14M 16s
 30000K .......... .......... .......... .......... .......... 63% 1.89M 15s
 30050K .......... .......... .......... .......... .......... 63%  978K 15s
 30100K .......... .......... .......... .......... .......... 63% 3.38M 15s
 30150K .......... .......... .......... .......... .......... 63% 1.15M 15s
 30200K .......... .......... .......... .......... .......... 63% 2.00M 15s
 30250K .......... .......... .......... .......... .......... 63% 1.25M 15s
 30300K .......... .......... .......... .......... .......... 64%  709K 15s
 30350K .......... .......... .......... .......... .......... 64% 2.30M 15s
 30400K .......... .......... .......... .......... .......... 64% 1.28M 15s
 30450K .......... .......... .......... .......... .......... 64% 1.11M 15s
 30500K .......... .......... .......... .......... .......... 64% 1.77M 15s
 30550K .......... .......... .......... .......... .......... 64% 3.95M 15s
 30600K .......... .......... .......... .......... .......... 64%  655K 15s
 30650K .......... .......... .......... .......... .......... 64% 1.33M 15s
 30700K .......... .......... .......... .......... .......... 64% 1.36M 15s
 30750K .......... .......... .......... .......... .......... 64% 1.63M 15s
 30800K .......... .......... .......... .......... .......... 65%  898K 15s
 30850K .......... .......... .......... .......... .......... 65% 2.74M 15s
 30900K .......... .......... .......... .......... .......... 65% 2.47M 15s
 30950K .......... .......... .......... .......... .......... 65%  994K 15s
 31000K .......... .......... .......... .......... .......... 65%  848K 15s
 31050K .......... .......... .......... .......... .......... 65% 3.71M 14s
 31100K .......... .......... .......... .......... .......... 65% 1.19M 14s
 31150K .......... .......... .......... .......... .......... 65% 2.45M 14s
 31200K .......... .......... .......... .......... .......... 65% 1.26M 14s
 31250K .......... .......... .......... .......... .......... 66% 3.53M 14s
 31300K .......... .......... .......... .......... .......... 66%  989K 14s
 31350K .......... .......... .......... .......... .......... 66%  685K 14s
 31400K .......... .......... .......... .......... .......... 66% 1.72M 14s
 31450K .......... .......... .......... .......... .......... 66%  948K 14s
 31500K .......... .......... .......... .......... .......... 66% 1.18M 14s
 31550K .......... .......... .......... .......... .......... 66% 1.17M 14s
 31600K .......... .......... .......... .......... .......... 66% 1.86M 14s
 31650K .......... .......... .......... .......... .......... 66% 1.10M 14s
 31700K .......... .......... .......... .......... .......... 66%  616K 14s
 31750K .......... .......... .......... .......... .......... 67% 1.25M 14s
 31800K .......... .......... .......... .......... .......... 67% 1.02M 14s
 31850K .......... .......... .......... .......... .......... 67% 1.86M 14s
 31900K .......... .......... .......... .......... .......... 67% 2.01M 14s
 31950K .......... .......... .......... .......... .......... 67%  768K 14s
 32000K .......... .......... .......... .......... .......... 67% 1.79M 14s
 32050K .......... .......... .......... .......... .......... 67% 1.29M 14s
 32100K .......... .......... .......... .......... .......... 67% 1.80M 13s
 32150K .......... .......... .......... .......... .......... 67%  978K 13s
 32200K .......... .......... .......... .......... .......... 68% 2.11M 13s
 32250K .......... .......... .......... .......... .......... 68% 1.51M 13s
 32300K .......... .......... .......... .......... .......... 68% 1.00M 13s
 32350K .......... .......... .......... .......... .......... 68% 2.70M 13s
 32400K .......... .......... .......... .......... .......... 68% 1.70M 13s
 32450K .......... .......... .......... .......... .......... 68% 1.03M 13s
 32500K .......... .......... .......... .......... .......... 68% 1.43M 13s
 32550K .......... .......... .......... .......... .......... 68% 2.06M 13s
 32600K .......... .......... .......... .......... .......... 68% 3.21M 13s
 32650K .......... .......... .......... .......... .......... 68% 1.26M 13s
 32700K .......... .......... .......... .......... .......... 69% 2.21M 13s
 32750K .......... .......... .......... .......... .......... 69% 1.12M 13s
 32800K .......... .......... .......... .......... .......... 69% 2.13M 13s
 32850K .......... .......... .......... .......... .......... 69%  676K 13s
 32900K .......... .......... .......... .......... .......... 69% 1.29M 13s
 32950K .......... .......... .......... .......... .......... 69% 1.62M 13s
 33000K .......... .......... .......... .......... .......... 69%  816K 13s
 33050K .......... .......... .......... .......... .......... 69% 1.66M 13s
 33100K .......... .......... .......... .......... .......... 69%  616K 13s
 33150K .......... .......... .......... .......... .......... 70%  850K 13s
 33200K .......... .......... .......... .......... .......... 70% 1.67M 12s
 33250K .......... .......... .......... .......... .......... 70%  835K 12s
 33300K .......... .......... .......... .......... .......... 70% 1.51M 12s
 33350K .......... .......... .......... .......... .......... 70% 1.49M 12s
 33400K .......... .......... .......... .......... .......... 70%  934K 12s
 33450K .......... .......... .......... .......... .......... 70% 1.05M 12s
 33500K .......... .......... .......... .......... .......... 70% 2.29M 12s
 33550K .......... .......... .......... .......... .......... 70% 3.28M 12s
 33600K .......... .......... .......... .......... .......... 70%  596K 12s
 33650K .......... .......... .......... .......... .......... 71%  957K 12s
 33700K .......... .......... .......... .......... .......... 71%  274K 12s
 33750K .......... .......... .......... .......... .......... 71%  156M 12s
 33800K .......... .......... .......... .......... .......... 71%  197M 12s
 33850K .......... .......... .......... .......... .......... 71%  834K 12s
 33900K .......... .......... .......... .......... .......... 71% 2.70M 12s
 33950K .......... .......... .......... .......... .......... 71% 3.14M 12s
 34000K .......... .......... .......... .......... .......... 71%  213K 12s
 34050K .......... .......... .......... .......... .......... 71%  246M 12s
 34100K .......... .......... .......... .......... .......... 72% 2.96M 12s
 34150K .......... .......... .......... .......... .......... 72%  866K 12s
 34200K .......... .......... .......... .......... .......... 72% 2.55M 12s
 34250K .......... .......... .......... .......... .......... 72% 1.14M 12s
 34300K .......... .......... .......... .......... .......... 72%  154K 12s
 34350K .......... .......... .......... .......... .......... 72% 1.89M 12s
 34400K .......... .......... .......... .......... .......... 72% 1.20M 12s
 34450K .......... .......... .......... .......... .......... 72% 1001K 12s
 34500K .......... .......... .......... .......... .......... 72% 1.18M 11s
 34550K .......... .......... .......... .......... .......... 72%  955K 11s
 34600K .......... .......... .......... .......... .......... 73% 1.24M 11s
 34650K .......... .......... .......... .......... .......... 73%  453K 11s
 34700K .......... .......... .......... .......... .......... 73%  722K 11s
 34750K .......... .......... .......... .......... .......... 73% 1.33M 11s
 34800K .......... .......... .......... .......... .......... 73%  797K 11s
 34850K .......... .......... .......... .......... .......... 73%  704K 11s
 34900K .......... .......... .......... .......... .......... 73%  804K 11s
 34950K .......... .......... .......... .......... .......... 73% 1.16M 11s
 35000K .......... .......... .......... .......... .......... 73%  374K 11s
 35050K .......... .......... .......... .......... .......... 74%  701K 11s
 35100K .......... .......... .......... .......... .......... 74%  674K 11s
 35150K .......... .......... .......... .......... .......... 74% 1.68M 11s
 35200K .......... .......... .......... .......... .......... 74% 1.35M 11s
 35250K .......... .......... .......... .......... .......... 74% 1.16M 11s
 35300K .......... .......... .......... .......... .......... 74% 1.16M 11s
 35350K .......... .......... .......... .......... .......... 74% 1.90M 11s
 35400K .......... .......... .......... .......... .......... 74%  720K 11s
 35450K .......... .......... .......... .......... .......... 74% 1.26M 11s
 35500K .......... .......... .......... .......... .......... 75% 1.74M 11s
 35550K .......... .......... .......... .......... .......... 75% 1.21M 11s
 35600K .......... .......... .......... .......... .......... 75% 1.59M 11s
 35650K .......... .......... .......... .......... .......... 75%  649K 11s
 35700K .......... .......... .......... .......... .......... 75% 1.74M 10s
 35750K .......... .......... .......... .......... .......... 75% 1.42M 10s
 35800K .......... .......... .......... .......... .......... 75%  500K 10s
 35850K .......... .......... .......... .......... .......... 75% 1.10M 10s
 35900K .......... .......... .......... .......... .......... 75% 3.41M 10s
 35950K .......... .......... .......... .......... .......... 75% 1.18M 10s
 36000K .......... .......... .......... .......... .......... 76% 2.10M 10s
 36050K .......... .......... .......... .......... .......... 76%  754K 10s
 36100K .......... .......... .......... .......... .......... 76% 1.25M 10s
 36150K .......... .......... .......... .......... .......... 76% 1.59M 10s
 36200K .......... .......... .......... .......... .......... 76% 1.06M 10s
 36250K .......... .......... .......... .......... .......... 76% 1.39M 10s
 36300K .......... .......... .......... .......... .......... 76% 2.35M 10s
 36350K .......... .......... .......... .......... .......... 76%  734K 10s
 36400K .......... .......... .......... .......... .......... 76%  999K 10s
 36450K .......... .......... .......... .......... .......... 77% 1.32M 10s
 36500K .......... .......... .......... .......... .......... 77% 2.91M 10s
 36550K .......... .......... .......... .......... .......... 77% 1.64M 10s
 36600K .......... .......... .......... .......... .......... 77% 1.55M 10s
 36650K .......... .......... .......... .......... .......... 77% 1.19M 10s
 36700K .......... .......... .......... .......... .......... 77% 1.48M 10s
 36750K .......... .......... .......... .......... .......... 77% 1.02M 10s
 36800K .......... .......... .......... .......... .......... 77% 1.76M 9s
 36850K .......... .......... .......... .......... .......... 77% 1.97M 9s
 36900K .......... .......... .......... .......... .......... 77% 1.73M 9s
 36950K .......... .......... .......... .......... .......... 78% 1.07M 9s
 37000K .......... .......... .......... .......... .......... 78% 1.98M 9s
 37050K .......... .......... .......... .......... .......... 78% 3.36M 9s
 37100K .......... .......... .......... .......... .......... 78% 1.70M 9s
 37150K .......... .......... .......... .......... .......... 78% 1.04M 9s
 37200K .......... .......... .......... .......... .......... 78%  308K 9s
 37250K .......... .......... .......... .......... .......... 78% 1.44M 9s
 37300K .......... .......... .......... .......... .......... 78% 4.86M 9s
 37350K .......... .......... .......... .......... .......... 78% 1.20M 9s
 37400K .......... .......... .......... .......... .......... 79% 1.37M 9s
 37450K .......... .......... .......... .......... .......... 79%  856K 9s
 37500K .......... .......... .......... .......... .......... 79% 2.16M 9s
 37550K .......... .......... .......... .......... .......... 79% 1.30M 9s
 37600K .......... .......... .......... .......... .......... 79% 2.26M 9s
 37650K .......... .......... .......... .......... .......... 79%  774K 9s
 37700K .......... .......... .......... .......... .......... 79%  911K 9s
 37750K .......... .......... .......... .......... .......... 79%  872K 9s
 37800K .......... .......... .......... .......... .......... 79% 1.05M 9s
 37850K .......... .......... .......... .......... .......... 79% 2.76M 8s
 37900K .......... .......... .......... .......... .......... 80% 1.47M 8s
 37950K .......... .......... .......... .......... .......... 80% 2.64M 8s
 38000K .......... .......... .......... .......... .......... 80% 2.05M 8s
 38050K .......... .......... .......... .......... .......... 80% 4.58M 8s
 38100K .......... .......... .......... .......... .......... 80% 1.38M 8s
 38150K .......... .......... .......... .......... .......... 80% 1.04M 8s
 38200K .......... .......... .......... .......... .......... 80% 1.52M 8s
 38250K .......... .......... .......... .......... .......... 80% 1.80M 8s
 38300K .......... .......... .......... .......... .......... 80%  916K 8s
 38350K .......... .......... .......... .......... .......... 81% 1.09M 8s
 38400K .......... .......... .......... .......... .......... 81% 3.00M 8s
 38450K .......... .......... .......... .......... .......... 81% 1.29M 8s
 38500K .......... .......... .......... .......... .......... 81% 1.78M 8s
 38550K .......... .......... .......... .......... .......... 81%  723K 8s
 38600K .......... .......... .......... .......... .......... 81% 1.08M 8s
 38650K .......... .......... .......... .......... .......... 81% 2.18M 8s
 38700K .......... .......... .......... .......... .......... 81%  427K 8s
 38750K .......... .......... .......... .......... .......... 81% 1.53M 8s
 38800K .......... .......... .......... .......... .......... 81% 2.16M 8s
 38850K .......... .......... .......... .......... .......... 82% 1.33M 8s
 38900K .......... .......... .......... .......... .......... 82% 1.80M 8s
 38950K .......... .......... .......... .......... .......... 82% 1.49M 7s
 39000K .......... .......... .......... .......... .......... 82% 2.36M 7s
 39050K .......... .......... .......... .......... .......... 82% 3.62M 7s
 39100K .......... .......... .......... .......... .......... 82% 1.34M 7s
 39150K .......... .......... .......... .......... .......... 82%  947K 7s
 39200K .......... .......... .......... .......... .......... 82% 1.23M 7s
 39250K .......... .......... .......... .......... .......... 82% 1.20M 7s
 39300K .......... .......... .......... .......... .......... 83% 1.37M 7s
 39350K .......... .......... .......... .......... .......... 83%  716K 7s
 39400K .......... .......... .......... .......... .......... 83%  968K 7s
 39450K .......... .......... .......... .......... .......... 83% 1.12M 7s
 39500K .......... .......... .......... .......... .......... 83% 1.21M 7s
 39550K .......... .......... .......... .......... .......... 83% 1.35M 7s
 39600K .......... .......... .......... .......... .......... 83% 1.18M 7s
 39650K .......... .......... .......... .......... .......... 83% 1.89M 7s
 39700K .......... .......... .......... .......... .......... 83% 2.34M 7s
 39750K .......... .......... .......... .......... .......... 83% 1009K 7s
 39800K .......... .......... .......... .......... .......... 84%  901K 7s
 39850K .......... .......... .......... .......... .......... 84% 1.04M 7s
 39900K .......... .......... .......... .......... .......... 84% 2.26M 7s
 39950K .......... .......... .......... .......... .......... 84% 1.31M 7s
 40000K .......... .......... .......... .......... .......... 84%  816K 7s
 40050K .......... .......... .......... .......... .......... 84%  973K 6s
 40100K .......... .......... .......... .......... .......... 84%  803K 6s
 40150K .......... .......... .......... .......... .......... 84% 1.04M 6s
 40200K .......... .......... .......... .......... .......... 84% 1012K 6s
 40250K .......... .......... .......... .......... .......... 85% 3.24M 6s
 40300K .......... .......... .......... .......... .......... 85% 1.78M 6s
 40350K .......... .......... .......... .......... .......... 85% 1.79M 6s
 40400K .......... .......... .......... .......... .......... 85% 1.00M 6s
 40450K .......... .......... .......... .......... .......... 85% 2.17M 6s
 40500K .......... .......... .......... .......... .......... 85% 3.11M 6s
 40550K .......... .......... .......... .......... .......... 85% 1008K 6s
 40600K .......... .......... .......... .......... .......... 85% 1.77M 6s
 40650K .......... .......... .......... .......... .......... 85% 1.03M 6s
 40700K .......... .......... .......... .......... .......... 85%  278K 6s
 40750K .......... .......... .......... .......... .......... 86% 41.2M 6s
 40800K .......... .......... .......... .......... .......... 86% 1.07M 6s
 40850K .......... .......... .......... .......... .......... 86% 1.71M 6s
 40900K .......... .......... .......... .......... .......... 86% 1.06M 6s
 40950K .......... .......... .......... .......... .......... 86% 1.13M 6s
 41000K .......... .......... .......... .......... .......... 86%  953K 6s
 41050K .......... .......... .......... .......... .......... 86%  265K 6s
 41100K .......... .......... .......... .......... .......... 86% 1.44M 6s
 41150K .......... .......... .......... .......... .......... 86% 1.26M 6s
 41200K .......... .......... .......... .......... .......... 87% 1.26M 5s
 41250K .......... .......... .......... .......... .......... 87%  881K 5s
 41300K .......... .......... .......... .......... .......... 87% 1.41M 5s
 41350K .......... .......... .......... .......... .......... 87% 1.59M 5s
 41400K .......... .......... .......... .......... .......... 87%  726K 5s
 41450K .......... .......... .......... .......... .......... 87%  928K 5s
 41500K .......... .......... .......... .......... .......... 87% 1.48M 5s
 41550K .......... .......... .......... .......... .......... 87%  603K 5s
 41600K .......... .......... .......... .......... .......... 87% 1.40M 5s
 41650K .......... .......... .......... .......... .......... 87% 1.07M 5s
 41700K .......... .......... .......... .......... .......... 88%  943K 5s
 41750K .......... .......... .......... .......... .......... 88% 1.48M 5s
 41800K .......... .......... .......... .......... .......... 88% 1.70M 5s
 41850K .......... .......... .......... .......... .......... 88% 1.09M 5s
 41900K .......... .......... .......... .......... .......... 88%  454K 5s
 41950K .......... .......... .......... .......... .......... 88% 1.48M 5s
 42000K .......... .......... .......... .......... .......... 88%  881K 5s
 42050K .......... .......... .......... .......... .......... 88%  904K 5s
 42100K .......... .......... .......... .......... .......... 88% 3.63M 5s
 42150K .......... .......... .......... .......... .......... 89% 1.64M 5s
 42200K .......... .......... .......... .......... .......... 89%  927K 5s
 42250K .......... .......... .......... .......... .......... 89% 3.07M 5s
 42300K .......... .......... .......... .......... .......... 89% 1.27M 5s
 42350K .......... .......... .......... .......... .......... 89%  822K 4s
 42400K .......... .......... .......... .......... .......... 89%  893K 4s
 42450K .......... .......... .......... .......... .......... 89% 3.05M 4s
 42500K .......... .......... .......... .......... .......... 89% 3.04M 4s
 42550K .......... .......... .......... .......... .......... 89% 1.95M 4s
 42600K .......... .......... .......... .......... .......... 89%  846K 4s
 42650K .......... .......... .......... .......... .......... 90% 1.71M 4s
 42700K .......... .......... .......... .......... .......... 90% 1.02M 4s
 42750K .......... .......... .......... .......... .......... 90%  365K 4s
 42800K .......... .......... .......... .......... .......... 90%  128M 4s
 42850K .......... .......... .......... .......... .......... 90% 7.98M 4s
 42900K .......... .......... .......... .......... .......... 90% 2.98M 4s
 42950K .......... .......... .......... .......... .......... 90%  611K 4s
 43000K .......... .......... .......... .......... .......... 90% 2.74M 4s
 43050K .......... .......... .......... .......... .......... 90% 2.45M 4s
 43100K .......... .......... .......... .......... .......... 91% 1.27M 4s
 43150K .......... .......... .......... .......... .......... 91%  625K 4s
 43200K .......... .......... .......... .......... .......... 91% 2.85M 4s
 43250K .......... .......... .......... .......... .......... 91% 1.04M 4s
 43300K .......... .......... .......... .......... .......... 91%  650K 4s
 43350K .......... .......... .......... .......... .......... 91%  680K 4s
 43400K .......... .......... .......... .......... .......... 91% 1.09M 4s
 43450K .......... .......... .......... .......... .......... 91% 1.15M 3s
 43500K .......... .......... .......... .......... .......... 91% 1.15M 3s
 43550K .......... .......... .......... .......... .......... 91% 48.4K 3s
 43600K .......... .......... .......... .......... .......... 92% 1.35M 3s
 43650K .......... .......... .......... .......... .......... 92%  396K 3s
 43700K .......... .......... .......... .......... .......... 92% 94.3M 3s
 43750K .......... .......... .......... .......... .......... 92% 1.14M 3s
 43800K .......... .......... .......... .......... .......... 92% 1.67M 3s
 43850K .......... .......... .......... .......... .......... 92% 1.21M 3s
 43900K .......... .......... .......... .......... .......... 92% 16.2K 3s
 43950K .......... .......... .......... .......... .......... 92% 61.4M 3s
 44000K .......... .......... .......... .......... .......... 92% 1.50M 3s
 44050K .......... .......... .......... .......... .......... 93%  208K 3s
 44100K .......... .......... .......... .......... .......... 93%  909K 3s
 44150K .......... .......... .......... .......... .......... 93%  759K 3s
 44200K .......... .......... .......... .......... .......... 93% 1.63M 3s
 44250K .......... .......... .......... .......... .......... 93%  910K 3s
 44300K .......... .......... .......... .......... .......... 93%  891K 3s
 44350K .......... .......... .......... .......... .......... 93%  686K 3s
 44400K .......... .......... .......... .......... .......... 93%  434K 3s
 44450K .......... .......... .......... .......... .......... 93%  395K 3s
 44500K .......... .......... .......... .......... .......... 93%  586K 3s
 44550K .......... .......... .......... .......... .......... 94% 1.27M 3s
 44600K .......... .......... .......... .......... .......... 94%  571K 3s
 44650K .......... .......... .......... .......... .......... 94% 1.02M 3s
 44700K .......... .......... .......... .......... .......... 94% 1.00M 3s
 44750K .......... .......... .......... .......... .......... 94%  816K 3s
 44800K .......... .......... .......... .......... .......... 94%  490K 3s
 44850K .......... .......... .......... .......... .......... 94%  779K 2s
 44900K .......... .......... .......... .......... .......... 94% 2.35M 2s
 44950K .......... .......... .......... .......... .......... 94% 1002K 2s
 45000K .......... .......... .......... .......... .......... 95%  794K 2s
 45050K .......... .......... .......... .......... .......... 95% 2.04M 2s
 45100K .......... .......... .......... .......... .......... 95% 1.79M 2s
 45150K .......... .......... .......... .......... .......... 95%  989K 2s
 45200K .......... .......... .......... .......... .......... 95%  387K 2s
 45250K .......... .......... .......... .......... .......... 95% 4.68M 2s
 45300K .......... .......... .......... .......... .......... 95%  835K 2s
 45350K .......... .......... .......... .......... .......... 95% 1.42M 2s
 45400K .......... .......... .......... .......... .......... 95% 2.68M 2s
 45450K .......... .......... .......... .......... .......... 95% 2.59M 2s
 45500K .......... .......... .......... .......... .......... 96% 2.51M 2s
 45550K .......... .......... .......... .......... .......... 96% 1.59M 2s
 45600K .......... .......... .......... .......... .......... 96% 1.39M 2s
 45650K .......... .......... .......... .......... .......... 96% 2.61M 2s
 45700K .......... .......... .......... .......... .......... 96% 1.51M 2s
 45750K .......... .......... .......... .......... .......... 96%  950K 2s
 45800K .......... .......... .......... .......... .......... 96% 2.14M 2s
 45850K .......... .......... .......... .......... .......... 96%  760K 1s
 45900K .......... .......... .......... .......... .......... 96% 1.55M 1s
 45950K .......... .......... .......... .......... .......... 97%  564K 1s
 46000K .......... .......... .......... .......... .......... 97%  645K 1s
 46050K .......... .......... .......... .......... .......... 97% 2.31M 1s
 46100K .......... .......... .......... .......... .......... 97% 1.22M 1s
 46150K .......... .......... .......... .......... .......... 97% 1.41M 1s
 46200K .......... .......... .......... .......... .......... 97%  628K 1s
 46250K .......... .......... .......... .......... .......... 97% 2.57M 1s
 46300K .......... .......... .......... .......... .......... 97% 1.81M 1s
 46350K .......... .......... .......... .......... .......... 97% 2.15M 1s
 46400K .......... .......... .......... .......... .......... 97% 2.66M 1s
 46450K .......... .......... .......... .......... .......... 98%  766K 1s
 46500K .......... .......... .......... .......... .......... 98% 2.41M 1s
 46550K .......... .......... .......... .......... .......... 98% 1.73M 1s
 46600K .......... .......... .......... .......... .......... 98% 1.24M 1s
 46650K .......... .......... .......... .......... .......... 98%  908K 1s
 46700K .......... .......... .......... .......... .......... 98% 2.04M 1s
 46750K .......... .......... .......... .......... .......... 98% 1.58M 1s
 46800K .......... .......... .......... .......... .......... 98% 1.23M 1s
 46850K .......... .......... .......... .......... .......... 98%  584K 0s
 46900K .......... .......... .......... .......... .......... 99% 2.17M 0s
 46950K .......... .......... .......... .......... .......... 99% 1.30M 0s
 47000K .......... .......... .......... .......... .......... 99%  951K 0s
 47050K .......... .......... .......... .......... .......... 99% 1.84M 0s
 47100K .......... .......... .......... .......... .......... 99% 3.85M 0s
 47150K .......... .......... .......... .......... .......... 99% 1.15M 0s
 47200K .......... .......... .......... .......... .......... 99% 2.20M 0s
 47250K .......... .......... .......... .......... .......... 99% 1017K 0s
 47300K .......... .......... .......... .......... .......... 99% 1.11M 0s
 47350K .......... .......... .......... .......... ........  100% 2.64M=47s

2026-05-28 15:35:14 (1018 KB/s) - ‘mirror/web.engr.oregonstate.edu/~mjb/whirlwind/cloth.blend’ saved [48536008/48536008]

--2026-05-28 15:35:14--  https://web.engr.oregonstate.edu/~mjb/whirlwind/dominos.blend
Reusing existing connection to web.engr.oregonstate.edu:443.
HTTP request sent, awaiting response... 200 OK
Length: 730660 (714K)
Saving to: ‘mirror/web.engr.oregonstate.edu/~mjb/whirlwind/dominos.blend’

     0K .......... .......... .......... .......... ..........  7% 1.37M 0s
    50K .......... .......... .......... .......... .......... 14%  870K 1s
   100K .......... .......... .......... .......... .......... 21% 1.98M 0s
   150K .......... .......... .......... .......... .......... 28%  443K 1s
   200K .......... .......... .......... .......... .......... 35% 1.66M 0s
   250K .......... .......... .......... .......... .......... 42% 1.37M 0s
   300K .......... .......... .......... .......... .......... 49% 2.01M 0s
   350K .......... .......... .......... .......... .......... 56% 1.26M 0s
   400K .......... .......... .......... .......... .......... 63%  845K 0s
   450K .......... .......... .......... .......... .......... 70% 1.87M 0s
   500K .......... .......... .......... .......... .......... 77% 1.72M 0s
   550K .......... .......... .......... .......... .......... 84% 2.38M 0s
   600K .......... .......... .......... .......... .......... 91% 1.10M 0s
   650K .......... .......... .......... .......... .......... 98%  547K 0s
   700K .......... ...                                        100% 10.5M=0.6s

2026-05-28 15:35:15 (1.11 MB/s) - ‘mirror/web.engr.oregonstate.edu/~mjb/whirlwind/dominos.blend’ saved [730660/730660]

--2026-05-28 15:35:15--  https://web.engr.oregonstate.edu/~mjb/whirlwind/gpu_particles.mp4
Reusing existing connection to web.engr.oregonstate.edu:443.
HTTP request sent, awaiting response... 200 OK
Length: 22927366 (22M) [video/mp4]
Saving to: ‘mirror/web.engr.oregonstate.edu/~mjb/whirlwind/gpu_particles.mp4’

     0K .......... .......... .......... .......... ..........  0% 1.38M 16s
    50K .......... .......... .......... .......... ..........  0% 4.13M 11s
   100K .......... .......... .......... .......... ..........  0%  640K 19s
   150K .......... .......... .......... .......... ..........  0% 1.01M 19s
   200K .......... .......... .......... .......... ..........  1% 1.05M 20s
   250K .......... .......... .......... .......... ..........  1% 1.23M 19s
   300K .......... .......... .......... .......... ..........  1% 1.68M 18s
   350K .......... .......... .......... .......... ..........  1% 2.10M 17s
   400K .......... .......... .......... .......... ..........  2% 1013K 18s
   450K .......... .......... .......... .......... ..........  2% 1.66M 17s
   500K .......... .......... .......... .......... ..........  2% 1.09M 17s
   550K .......... .......... .......... .......... ..........  2%  800K 18s
   600K .......... .......... .......... .......... ..........  2% 3.25M 17s
   650K .......... .......... .......... .......... ..........  3% 2.26M 17s
   700K .......... .......... .......... .......... ..........  3%  801K 17s
   750K .......... .......... .......... .......... ..........  3% 1.01M 17s
   800K .......... .......... .......... .......... ..........  3%  996K 18s
   850K .......... .......... .......... .......... ..........  4% 3.24M 17s
   900K .......... .......... .......... .......... ..........  4% 1.05M 17s
   950K .......... .......... .......... .......... ..........  4%  957K 17s
  1000K .......... .......... .......... .......... ..........  4%  933K 18s
  1050K .......... .......... .......... .......... ..........  4% 1.55M 17s
  1100K .......... .......... .......... .......... ..........  5% 1.53M 17s
  1150K .......... .......... .......... .......... ..........  5% 1.38M 17s
  1200K .......... .......... .......... .......... ..........  5% 1.52M 17s
  1250K .......... .......... .......... .......... ..........  5% 1.40M 17s
  1300K .......... .......... .......... .......... ..........  6% 1.14M 17s
  1350K .......... .......... .......... .......... ..........  6% 3.49M 16s
  1400K .......... .......... .......... .......... ..........  6%  852K 17s
  1450K .......... .......... .......... .......... ..........  6% 4.60M 16s
  1500K .......... .......... .......... .......... ..........  6% 1.72M 16s
  1550K .......... .......... .......... .......... ..........  7% 2.63M 16s
  1600K .......... .......... .......... .......... ..........  7%  929K 16s
  1650K .......... .......... .......... .......... ..........  7% 1.21M 16s
  1700K .......... .......... .......... .......... ..........  7% 1.51M 16s
  1750K .......... .......... .......... .......... ..........  8% 1.43M 16s
  1800K .......... .......... .......... .......... ..........  8% 1.24M 16s
  1850K .......... .......... .......... .......... ..........  8% 1.21M 16s
  1900K .......... .......... .......... .......... ..........  8% 1.63M 15s
  1950K .......... .......... .......... .......... ..........  8%  432K 16s
  2000K .......... .......... .......... .......... ..........  9% 1.10M 16s
  2050K .......... .......... .......... .......... ..........  9% 1.47M 16s
  2100K .......... .......... .......... .......... ..........  9% 1.95M 16s
  2150K .......... .......... .......... .......... ..........  9% 1.27M 16s
  2200K .......... .......... .......... .......... .......... 10% 1.20M 16s
  2250K .......... .......... .......... .......... .......... 10% 2.13M 16s
  2300K .......... .......... .......... .......... .......... 10% 1.46M 16s
  2350K .......... .......... .......... .......... .......... 10% 1.50M 15s
  2400K .......... .......... .......... .......... .......... 10% 2.48M 15s
  2450K .......... .......... .......... .......... .......... 11%  799K 15s
  2500K .......... .......... .......... .......... .......... 11% 1.02M 15s
  2550K .......... .......... .......... .......... .......... 11% 3.16M 15s
  2600K .......... .......... .......... .......... .......... 11%  608K 16s
  2650K .......... .......... .......... .......... .......... 12%  656K 16s
  2700K .......... .......... .......... .......... .......... 12% 1.57M 16s
  2750K .......... .......... .......... .......... .......... 12% 1.64M 16s
  2800K .......... .......... .......... .......... .......... 12%  537K 16s
  2850K .......... .......... .......... .......... .......... 12% 1.93M 16s
  2900K .......... .......... .......... .......... .......... 13% 1.49M 16s
  2950K .......... .......... .......... .......... .......... 13%  862K 16s
  3000K .......... .......... .......... .......... .......... 13% 1.50M 16s
  3050K .......... .......... .......... .......... .......... 13% 2.53M 15s
  3100K .......... .......... .......... .......... .......... 14% 1.84M 15s
  3150K .......... .......... .......... .......... .......... 14% 1.17M 15s
  3200K .......... .......... .......... .......... .......... 14% 4.74M 15s
  3250K .......... .......... .......... .......... .......... 14%  907K 15s
  3300K .......... .......... .......... .......... .......... 14% 1.16M 15s
  3350K .......... .......... .......... .......... .......... 15% 4.14M 15s
  3400K .......... .......... .......... .......... .......... 15% 1.12M 15s
  3450K .......... .......... .......... .......... .......... 15% 1.42M 15s
  3500K .......... .......... .......... .......... .......... 15%  847K 15s
  3550K .......... .......... .......... .......... .......... 16%  790K 15s
  3600K .......... .......... .......... .......... .......... 16% 2.16M 15s
  3650K .......... .......... .......... .......... .......... 16% 1.07M 15s
  3700K .......... .......... .......... .......... .......... 16% 1.37M 15s
  3750K .......... .......... .......... .......... .......... 16% 2.06M 15s
  3800K .......... .......... .......... .......... .......... 17%  906K 15s
  3850K .......... .......... .......... .......... .......... 17%  435K 15s
  3900K .......... .......... .......... .......... .......... 17%  204M 15s
  3950K .......... .......... .......... .......... .......... 17% 1.14M 15s
  4000K .......... .......... .......... .......... .......... 18% 2.01M 15s
  4050K .......... .......... .......... .......... .......... 18% 1.30M 15s
  4100K .......... .......... .......... .......... .......... 18% 1.31M 15s
  4150K .......... .......... .......... .......... .......... 18%  986K 15s
  4200K .......... .......... .......... .......... .......... 18% 1.91M 14s
  4250K .......... .......... .......... .......... .......... 19% 1.08M 14s
  4300K .......... .......... .......... .......... .......... 19%  930K 14s
  4350K .......... .......... .......... .......... .......... 19% 4.53M 14s
  4400K .......... .......... .......... .......... .......... 19% 4.80M 14s
  4450K .......... .......... .......... .......... .......... 20% 1.35M 14s
  4500K .......... .......... .......... .......... .......... 20% 4.40M 14s
  4550K .......... .......... .......... .......... .......... 20%  248K 15s
  4600K .......... .......... .......... .......... .......... 20%  631K 15s
  4650K .......... .......... .......... .......... .......... 20% 2.50M 15s
  4700K .......... .......... .......... .......... .......... 21%  754K 15s
  4750K .......... .......... .......... .......... .......... 21% 2.86M 14s
  4800K .......... .......... .......... .......... .......... 21%  727K 14s
  4850K .......... .......... .......... .......... .......... 21% 1.51M 14s
  4900K .......... .......... .......... .......... .......... 22% 1.62M 14s
  4950K .......... .......... .......... .......... .......... 22% 1.85M 14s
  5000K .......... .......... .......... .......... .......... 22% 4.46M 14s
  5050K .......... .......... .......... .......... .......... 22% 1.87M 14s
  5100K .......... .......... .......... .......... .......... 23%  741K 14s
  5150K .......... .......... .......... .......... .......... 23%  755K 14s
  5200K .......... .......... .......... .......... .......... 23%  457K 14s
  5250K .......... .......... .......... .......... .......... 23% 3.55M 14s
  5300K .......... .......... .......... .......... .......... 23% 1.17M 14s
  5350K .......... .......... .......... .......... .......... 24%  910K 14s
  5400K .......... .......... .......... .......... .......... 24% 1.40M 14s
  5450K .......... .......... .......... .......... .......... 24% 2.09M 14s
  5500K .......... .......... .......... .......... .......... 24% 1.11M 14s
  5550K .......... .......... .......... .......... .......... 25%  776K 14s
  5600K .......... .......... .......... .......... .......... 25% 1.76M 14s
  5650K .......... .......... .......... .......... .......... 25% 2.33M 14s
  5700K .......... .......... .......... .......... .......... 25% 3.83M 14s
  5750K .......... .......... .......... .......... .......... 25%  989K 14s
  5800K .......... .......... .......... .......... .......... 26%  959K 14s
  5850K .......... .......... .......... .......... .......... 26% 1.62M 14s
  5900K .......... .......... .......... .......... .......... 26%  947K 14s
  5950K .......... .......... .......... .......... .......... 26% 1004K 14s
  6000K .......... .......... .......... .......... .......... 27% 1.38M 13s
  6050K .......... .......... .......... .......... .......... 27% 2.02M 13s
  6100K .......... .......... .......... .......... .......... 27%  790K 13s
  6150K .......... .......... .......... .......... .......... 27%  893K 13s
  6200K .......... .......... .......... .......... .......... 27% 1.75M 13s
  6250K .......... .......... .......... .......... .......... 28% 1.47M 13s
  6300K .......... .......... .......... .......... .......... 28%  960K 13s
  6350K .......... .......... .......... .......... .......... 28% 1.76M 13s
  6400K .......... .......... .......... .......... .......... 28%  911K 13s
  6450K .......... .......... .......... .......... .......... 29% 1005K 13s
  6500K .......... .......... .......... .......... .......... 29% 1.09M 13s
  6550K .......... .......... .......... .......... .......... 29% 2.99M 13s
  6600K .......... .......... .......... .......... .......... 29% 1.03M 13s
  6650K .......... .......... .......... .......... .......... 29%  698K 13s
  6700K .......... .......... .......... .......... .......... 30% 1.21M 13s
  6750K .......... .......... .......... .......... .......... 30%  577K 13s
  6800K .......... .......... .......... .......... .......... 30%  536K 13s
  6850K .......... .......... .......... .......... .......... 30% 1.10M 13s
  6900K .......... .......... .......... .......... .......... 31% 1.83M 13s
  6950K .......... .......... .......... .......... .......... 31%  660K 13s
  7000K .......... .......... .......... .......... .......... 31%  825K 13s
  7050K .......... .......... .......... .......... .......... 31% 1.48M 13s
  7100K .......... .......... .......... .......... .......... 31% 3.47M 13s
  7150K .......... .......... .......... .......... .......... 32% 1.19M 13s
  7200K .......... .......... .......... .......... .......... 32% 1.33M 13s
  7250K .......... .......... .......... .......... .......... 32% 2.32M 13s
  7300K .......... .......... .......... .......... .......... 32% 2.93M 13s
  7350K .......... .......... .......... .......... .......... 33% 1.03M 13s
  7400K .......... .......... .......... .......... .......... 33%  930K 13s
  7450K .......... .......... .......... .......... .......... 33% 2.22M 12s
  7500K .......... .......... .......... .......... .......... 33%  810K 12s
  7550K .......... .......... .......... .......... .......... 33%  243K 13s
  7600K .......... .......... .......... .......... .......... 34% 1.23M 13s
  7650K .......... .......... .......... .......... .......... 34%  250M 13s
  7700K .......... .......... .......... .......... .......... 34% 1.11M 13s
  7750K .......... .......... .......... .......... .......... 34% 2.92M 12s
  7800K .......... .......... .......... .......... .......... 35%  913K 12s
  7850K .......... .......... .......... .......... .......... 35% 1.92M 12s
  7900K .......... .......... .......... .......... .......... 35%  651K 12s
  7950K .......... .......... .......... .......... .......... 35% 1.48M 12s
  8000K .......... .......... .......... .......... .......... 35%  876K 12s
  8050K .......... .......... .......... .......... .......... 36%  512K 12s
  8100K .......... .......... .......... .......... .......... 36% 1.40M 12s
  8150K .......... .......... .......... .......... .......... 36% 1.07M 12s
  8200K .......... .......... .......... .......... .......... 36% 1.02M 12s
  8250K .......... .......... .......... .......... .......... 37% 1.12M 12s
  8300K .......... .......... .......... .......... .......... 37% 1.03M 12s
  8350K .......... .......... .......... .......... .......... 37% 1.24M 12s
  8400K .......... .......... .......... .......... .......... 37% 1.89M 12s
  8450K .......... .......... .......... .......... .......... 37%  855K 12s
  8500K .......... .......... .......... .......... .......... 38%  620K 12s
  8550K .......... .......... .......... .......... .......... 38% 1.20M 12s
  8600K .......... .......... .......... .......... .......... 38% 1.04M 12s
  8650K .......... .......... .......... .......... .......... 38% 1.12M 12s
  8700K .......... .......... .......... .......... .......... 39%  878K 12s
  8750K .......... .......... .......... .......... .......... 39%  505K 12s
  8800K .......... .......... .......... .......... .......... 39% 1.04M 12s
  8850K .......... .......... .......... .......... .......... 39%  883K 12s
  8900K .......... .......... .......... .......... .......... 39%  999K 12s
  8950K .......... .......... .......... .......... .......... 40% 1.10M 12s
  9000K .......... .......... .......... .......... .......... 40% 1.39M 12s
  9050K .......... .......... .......... .......... .......... 40% 1.10M 12s
  9100K .......... .......... .......... .......... .......... 40%  796K 12s
  9150K .......... .......... .......... .......... .......... 41%  978K 12s
  9200K .......... .......... .......... .......... .......... 41% 1.64M 12s
  9250K .......... .......... .......... .......... .......... 41% 1.12M 11s
  9300K .......... .......... .......... .......... .......... 41% 1.42M 11s
  9350K .......... .......... .......... .......... .......... 41% 1.10M 11s
  9400K .......... .......... .......... .......... .......... 42%  999K 11s
  9450K .......... .......... .......... .......... .......... 42% 1.67M 11s
  9500K .......... .......... .......... .......... .......... 42%  814K 11s
  9550K .......... .......... .......... .......... .......... 42%  955K 11s
  9600K .......... .......... .......... .......... .......... 43% 1.49M 11s
  9650K .......... .......... .......... .......... .......... 43% 1.92M 11s
  9700K .......... .......... .......... .......... .......... 43% 1.13M 11s
  9750K .......... .......... .......... .......... .......... 43% 1020K 11s
  9800K .......... .......... .......... .......... .......... 43% 3.33M 11s
  9850K .......... .......... .......... .......... .......... 44% 2.82M 11s
  9900K .......... .......... .......... .......... .......... 44% 2.01M 11s
  9950K .......... .......... .......... .......... .......... 44% 1.37M 11s
 10000K .......... .......... .......... .......... .......... 44% 2.82M 11s
 10050K .......... .......... .......... .......... .......... 45% 1.27M 11s
 10100K .......... .......... .......... .......... .......... 45% 2.28M 11s
 10150K .......... .......... .......... .......... .......... 45%  810K 11s
 10200K .......... .......... .......... .......... .......... 45% 2.71M 10s
 10250K .......... .......... .......... .......... .......... 46% 2.10M 10s
 10300K .......... .......... .......... .......... .......... 46%  767K 10s
 10350K .......... .......... .......... .......... .......... 46% 1.36M 10s
 10400K .......... .......... .......... .......... .......... 46%  419K 10s
 10450K .......... .......... .......... .......... .......... 46% 95.8M 10s
 10500K .......... .......... .......... .......... .......... 47% 2.73M 10s
 10550K .......... .......... .......... .......... .......... 47% 1.40M 10s
 10600K .......... .......... .......... .......... .......... 47% 4.63M 10s
 10650K .......... .......... .......... .......... .......... 47% 1.70M 10s
 10700K .......... .......... .......... .......... .......... 48% 1.70M 10s
 10750K .......... .......... .......... .......... .......... 48% 2.34M 10s
 10800K .......... .......... .......... .......... .......... 48% 2.92M 10s
 10850K .......... .......... .......... .......... .......... 48% 1.34M 10s
 10900K .......... .......... .......... .......... .......... 48% 1.10M 10s
 10950K .......... .......... .......... .......... .......... 49% 1.10M 10s
 11000K .......... .......... .......... .......... .......... 49% 2.22M 10s
 11050K .......... .......... .......... .......... .......... 49% 1.44M 10s
 11100K .......... .......... .......... .......... .......... 49% 1.70M 10s
 11150K .......... .......... .......... .......... .......... 50% 1.34M 9s
 11200K .......... .......... .......... .......... .......... 50% 1.15M 9s
 11250K .......... .......... .......... .......... .......... 50%  569K 9s
 11300K .......... .......... .......... .......... .......... 50% 3.24M 9s
 11350K .......... .......... .......... .......... .......... 50%  838K 9s
 11400K .......... .......... .......... .......... .......... 51%  442K 9s
 11450K .......... .......... .......... .......... .......... 51%  164M 9s
 11500K .......... .......... .......... .......... .......... 51%  443K 9s
 11550K .......... .......... .......... .......... .......... 51% 2.05M 9s
 11600K .......... .......... .......... .......... .......... 52% 1.25M 9s
 11650K .......... .......... .......... .......... .......... 52% 2.43M 9s
 11700K .......... .......... .......... .......... .......... 52% 1.69M 9s
 11750K .......... .......... .......... .......... .......... 52% 1.59M 9s
 11800K .......... .......... .......... .......... .......... 52% 2.46M 9s
 11850K .......... .......... .......... .......... .......... 53% 2.59M 9s
 11900K .......... .......... .......... .......... .......... 53% 2.31M 9s
 11950K .......... .......... .......... .......... .......... 53% 3.11M 9s
 12000K .......... .......... .......... .......... .......... 53% 1.89M 9s
 12050K .......... .......... .......... .......... .......... 54% 1.36M 9s
 12100K .......... .......... .......... .......... .......... 54% 1.89M 9s
 12150K .......... .......... .......... .......... .......... 54%  959K 9s
 12200K .......... .......... .......... .......... .......... 54% 1.07M 9s
 12250K .......... .......... .......... .......... .......... 54% 1.51M 8s
 12300K .......... .......... .......... .......... .......... 55% 1.45M 8s
 12350K .......... .......... .......... .......... .......... 55% 1.31M 8s
 12400K .......... .......... .......... .......... .......... 55% 2.86M 8s
 12450K .......... .......... .......... .......... .......... 55% 1.12M 8s
 12500K .......... .......... .......... .......... .......... 56% 2.15M 8s
 12550K .......... .......... .......... .......... .......... 56% 2.59M 8s
 12600K .......... .......... .......... .......... .......... 56%  667K 8s
 12650K .......... .......... .......... .......... .......... 56%  928K 8s
 12700K .......... .......... .......... .......... .......... 56% 1.36M 8s
 12750K .......... .......... .......... .......... .......... 57% 2.25M 8s
 12800K .......... .......... .......... .......... .......... 57% 1.12M 8s
 12850K .......... .......... .......... .......... .......... 57%  582K 8s
 12900K .......... .......... .......... .......... .......... 57%  914K 8s
 12950K .......... .......... .......... .......... .......... 58% 2.56M 8s
 13000K .......... .......... .......... .......... .......... 58% 1.32M 8s
 13050K .......... .......... .......... .......... .......... 58% 1.12M 8s
 13100K .......... .......... .......... .......... .......... 58% 16.6M 8s
 13150K .......... .......... .......... .......... .......... 58%  309K 8s
 13200K .......... .......... .......... .......... .......... 59% 22.2M 8s
 13250K .......... .......... .......... .......... .......... 59% 1023K 8s
 13300K .......... .......... .......... .......... .......... 59% 1.55M 8s
 13350K .......... .......... .......... .......... .......... 59% 1.33M 8s
 13400K .......... .......... .......... .......... .......... 60% 1.66M 8s
 13450K .......... .......... .......... .......... .......... 60%  544K 8s
 13500K .......... .......... .......... .......... .......... 60%  997K 7s
 13550K .......... .......... .......... .......... .......... 60% 1.20M 7s
 13600K .......... .......... .......... .......... .......... 60% 2.90M 7s
 13650K .......... .......... .......... .......... .......... 61%  803K 7s
 13700K .......... .......... .......... .......... .......... 61% 2.64M 7s
 13750K .......... .......... .......... .......... .......... 61% 1.39M 7s
 13800K .......... .......... .......... .......... .......... 61% 1.71M 7s
 13850K .......... .......... .......... .......... .......... 62%  692K 7s
 13900K .......... .......... .......... .......... .......... 62% 1.05M 7s
 13950K .......... .......... .......... .......... .......... 62% 1.01M 7s
 14000K .......... .......... .......... .......... .......... 62%  814K 7s
 14050K .......... .......... .......... .......... .......... 62% 2.94M 7s
 14100K .......... .......... .......... .......... .......... 63%  727K 7s
 14150K .......... .......... .......... .......... .......... 63% 1.70M 7s
 14200K .......... .......... .......... .......... .......... 63% 1.29M 7s
 14250K .......... .......... .......... .......... .......... 63% 2.08M 7s
 14300K .......... .......... .......... .......... .......... 64% 2.00M 7s
 14350K .......... .......... .......... .......... .......... 64% 1.14M 7s
 14400K .......... .......... .......... .......... .......... 64% 1.28M 7s
 14450K .......... .......... .......... .......... .......... 64% 1.19M 7s
 14500K .......... .......... .......... .......... .......... 64% 1.38M 7s
 14550K .......... .......... .......... .......... .......... 65%  641K 7s
 14600K .......... .......... .......... .......... .......... 65%  402K 7s
 14650K .......... .......... .......... .......... .......... 65% 1.34M 7s
 14700K .......... .......... .......... .......... .......... 65%  857K 6s
 14750K .......... .......... .......... .......... .......... 66%  418K 6s
 14800K .......... .......... .......... .......... .......... 66% 2.27M 6s
 14850K .......... .......... .......... .......... .......... 66% 1.32M 6s
 14900K .......... .......... .......... .......... .......... 66% 1.09M 6s
 14950K .......... .......... .......... .......... .......... 66% 1.33M 6s
 15000K .......... .......... .......... .......... .......... 67%  798K 6s
 15050K .......... .......... .......... .......... .......... 67%  936K 6s
 15100K .......... .......... .......... .......... .......... 67%  395K 6s
 15150K .......... .......... .......... .......... .......... 67% 5.65M 6s
 15200K .......... .......... .......... .......... .......... 68%  695K 6s
 15250K .......... .......... .......... .......... .......... 68%  605K 6s
 15300K .......... .......... .......... .......... .......... 68% 1.61M 6s
 15350K .......... .......... .......... .......... .......... 68%  911K 6s
 15400K .......... .......... .......... .......... .......... 69%  889K 6s
 15450K .......... .......... .......... .......... .......... 69% 1.22M 6s
 15500K .......... .......... .......... .......... .......... 69%  589K 6s
 15550K .......... .......... .......... .......... .......... 69% 1.62M 6s
 15600K .......... .......... .......... .......... .......... 69% 1.18M 6s
 15650K .......... .......... .......... .......... .......... 70% 2.10M 6s
 15700K .......... .......... .......... .......... .......... 70%  693K 6s
 15750K .......... .......... .......... .......... .......... 70% 2.07M 6s
 15800K .......... .......... .......... .......... .......... 70%  850K 6s
 15850K .......... .......... .......... .......... .......... 71% 1.92M 6s
 15900K .......... .......... .......... .......... .......... 71% 1.50M 6s
 15950K .......... .......... .......... .......... .......... 71%  738K 6s
 16000K .......... .......... .......... .......... .......... 71% 1.74M 5s
 16050K .......... .......... .......... .......... .......... 71% 2.60M 5s
 16100K .......... .......... .......... .......... .......... 72%  592K 5s
 16150K .......... .......... .......... .......... .......... 72% 1.60M 5s
 16200K .......... .......... .......... .......... .......... 72% 1.89M 5s
 16250K .......... .......... .......... .......... .......... 72% 4.29M 5s
 16300K .......... .......... .......... .......... .......... 73% 1.80M 5s
 16350K .......... .......... .......... .......... .......... 73% 1.70M 5s
 16400K .......... .......... .......... .......... .......... 73%  425K 5s
 16450K .......... .......... .......... .......... .......... 73% 28.1M 5s
 16500K .......... .......... .......... .......... .......... 73% 12.6M 5s
 16550K .......... .......... .......... .......... .......... 74% 2.33M 5s
 16600K .......... .......... .......... .......... .......... 74% 1.40M 5s
 16650K .......... .......... .......... .......... .......... 74%  502K 5s
 16700K .......... .......... .......... .......... .......... 74% 3.45M 5s
 16750K .......... .......... .......... .......... .......... 75%  746K 5s
 16800K .......... .......... .......... .......... .......... 75%  828K 5s
 16850K .......... .......... .......... .......... .......... 75% 1.31M 5s
 16900K .......... .......... .......... .......... .......... 75% 1.88M 5s
 16950K .......... .......... .......... .......... .......... 75% 2.08M 5s
 17000K .......... .......... .......... .......... .......... 76%  661K 5s
 17050K .......... .......... .......... .......... .......... 76% 16.5M 5s
 17100K .......... .......... .......... .......... .......... 76%  998K 4s
 17150K .......... .......... .......... .......... .......... 76% 1.52M 4s
 17200K .......... .......... .......... .......... .......... 77% 1.25M 4s
 17250K .......... .......... .......... .......... .......... 77% 1.26M 4s
 17300K .......... .......... .......... .......... .......... 77% 1.39M 4s
 17350K .......... .......... .......... .......... .......... 77% 1.61M 4s
 17400K .......... .......... .......... .......... .......... 77%  746K 4s
 17450K .......... .......... .......... .......... .......... 78% 1.39M 4s
 17500K .......... .......... .......... .......... .......... 78%  719K 4s
 17550K .......... .......... .......... .......... .......... 78% 1.33M 4s
 17600K .......... .......... .......... .......... .......... 78%  939K 4s
 17650K .......... .......... .......... .......... .......... 79% 1.15M 4s
 17700K .......... .......... .......... .......... .......... 79% 1.31M 4s
 17750K .......... .......... .......... .......... .......... 79%  727K 4s
 17800K .......... .......... .......... .......... .......... 79% 2.41M 4s
 17850K .......... .......... .......... .......... .......... 79% 1.19M 4s
 17900K .......... .......... .......... .......... .......... 80%  816K 4s
 17950K .......... .......... .......... .......... .......... 80% 1.68M 4s
 18000K .......... .......... .......... .......... .......... 80%  819K 4s
 18050K .......... .......... .......... .......... .......... 80%  566K 4s
 18100K .......... .......... .......... .......... .......... 81%  399K 4s
 18150K .......... .......... .......... .......... .......... 81%  765K 4s
 18200K .......... .......... .......... .......... .......... 81% 1.68M 4s
 18250K .......... .......... .......... .......... .......... 81%  579K 4s
 18300K .......... .......... .......... .......... .......... 81%  705K 4s
 18350K .......... .......... .......... .......... .......... 82%  928K 3s
 18400K .......... .......... .......... .......... .......... 82% 1.55M 3s
 18450K .......... .......... .......... .......... .......... 82%  864K 3s
 18500K .......... .......... .......... .......... .......... 82% 1.71M 3s
 18550K .......... .......... .......... .......... .......... 83% 1.54M 3s
 18600K .......... .......... .......... .......... .......... 83%  684K 3s
 18650K .......... .......... .......... .......... .......... 83% 1.53M 3s
 18700K .......... .......... .......... .......... .......... 83%  674K 3s
 18750K .......... .......... .......... .......... .......... 83%  899K 3s
 18800K .......... .......... .......... .......... .......... 84% 1.02M 3s
 18850K .......... .......... .......... .......... .......... 84% 1018K 3s
 18900K .......... .......... .......... .......... .......... 84% 1.29M 3s
 18950K .......... .......... .......... .......... .......... 84%  453K 3s
 19000K .......... .......... .......... .......... .......... 85% 2.55M 3s
 19050K .......... .......... .......... .......... .......... 85%  614K 3s
 19100K .......... .......... .......... .......... .......... 85% 1.14M 3s
 19150K .......... .......... .......... .......... .......... 85% 1.53M 3s
 19200K .......... .......... .......... .......... .......... 85% 1.04M 3s
 19250K .......... .......... .......... .......... .......... 86% 1.07M 3s
 19300K .......... .......... .......... .......... .......... 86% 1.07M 3s
 19350K .......... .......... .......... .......... .......... 86% 1.85M 3s
 19400K .......... .......... .......... .......... .......... 86%  870K 3s
 19450K .......... .......... .......... .......... .......... 87% 1.64M 3s
 19500K .......... .......... .......... .......... .......... 87%  737K 2s
 19550K .......... .......... .......... .......... .......... 87%  700K 2s
 19600K .......... .......... .......... .......... .......... 87% 1.30M 2s
 19650K .......... .......... .......... .......... .......... 87% 1019K 2s
 19700K .......... .......... .......... .......... .......... 88% 1.42M 2s
 19750K .......... .......... .......... .......... .......... 88% 1.14M 2s
 19800K .......... .......... .......... .......... .......... 88%  979K 2s
 19850K .......... .......... .......... .......... .......... 88% 1.59M 2s
 19900K .......... .......... .......... .......... .......... 89%  758K 2s
 19950K .......... .......... .......... .......... .......... 89% 1.21M 2s
 20000K .......... .......... .......... .......... .......... 89% 1.07M 2s
 20050K .......... .......... .......... .......... .......... 89% 1.36M 2s
 20100K .......... .......... .......... .......... .......... 89% 1.01M 2s
 20150K .......... .......... .......... .......... .......... 90% 3.35M 2s
 20200K .......... .......... .......... .......... .......... 90%  570K 2s
 20250K .......... .......... .......... .......... .......... 90% 1.05M 2s
 20300K .......... .......... .......... .......... .......... 90%  627K 2s
 20350K .......... .......... .......... .......... .......... 91%  794K 2s
 20400K .......... .......... .......... .......... .......... 91%  767K 2s
 20450K .......... .......... .......... .......... .......... 91% 2.61M 2s
 20500K .......... .......... .......... .......... .......... 91%  670K 2s
 20550K .......... .......... .......... .......... .......... 92% 1.62M 2s
 20600K .......... .......... .......... .......... .......... 92% 1.23M 2s
 20650K .......... .......... .......... .......... .......... 92%  914K 1s
 20700K .......... .......... .......... .......... .......... 92%  672K 1s
 20750K .......... .......... .......... .......... .......... 92%  598K 1s
 20800K .......... .......... .......... .......... .......... 93% 1.48M 1s
 20850K .......... .......... .......... .......... .......... 93% 1.20M 1s
 20900K .......... .......... .......... .......... .......... 93%  425K 1s
 20950K .......... .......... .......... .......... .......... 93%  395K 1s
 21000K .......... .......... .......... .......... .......... 94%  886K 1s
 21050K .......... .......... .......... .......... .......... 94% 1.05M 1s
 21100K .......... .......... .......... .......... .......... 94%  992K 1s
 21150K .......... .......... .......... .......... .......... 94% 1.70M 1s
 21200K .......... .......... .......... .......... .......... 94%  759K 1s
 21250K .......... .......... .......... .......... .......... 95% 1.35M 1s
 21300K .......... .......... .......... .......... .......... 95% 1.92M 1s
 21350K .......... .......... .......... .......... .......... 95% 1015K 1s
 21400K .......... .......... .......... .......... .......... 95% 1.71M 1s
 21450K .......... .......... .......... .......... .......... 96%  989K 1s
 21500K .......... .......... .......... .......... .......... 96%  827K 1s
 21550K .......... .......... .......... .......... .......... 96%  482K 1s
 21600K .......... .......... .......... .......... .......... 96% 1.05M 1s
 21650K .......... .......... .......... .......... .......... 96% 1.04M 1s
 21700K .......... .......... .......... .......... .......... 97% 1.92M 1s
 21750K .......... .......... .......... .......... .......... 97% 1.27M 1s
 21800K .......... .......... .......... .......... .......... 97% 1.32M 0s
 21850K .......... .......... .......... .......... .......... 97% 1.87M 0s
 21900K .......... .......... .......... .......... .......... 98% 1.34M 0s
 21950K .......... .......... .......... .......... .......... 98% 1.63M 0s
 22000K .......... .......... .......... .......... .......... 98% 1.43M 0s
 22050K .......... .......... .......... .......... .......... 98% 1.58M 0s
 22100K .......... .......... .......... .......... .......... 98% 1.88M 0s
 22150K .......... .......... .......... .......... .......... 99% 2.09M 0s
 22200K .......... .......... .......... .......... .......... 99%  963K 0s
 22250K .......... .......... .......... .......... .......... 99%  880K 0s
 22300K .......... .......... .......... .......... .......... 99% 2.41M 0s
 22350K .......... .......... .......... ..........           100%  407K=20s

2026-05-28 15:35:35 (1.09 MB/s) - ‘mirror/web.engr.oregonstate.edu/~mjb/whirlwind/gpu_particles.mp4’ saved [22927366/22927366]

--2026-05-28 15:35:35--  https://web.engr.oregonstate.edu/~mjb/whirlwind/keytime.cpp
Reusing existing connection to web.engr.oregonstate.edu:443.
HTTP request sent, awaiting response... 200 OK
Length: 4537 (4.4K) [text/plain]
Saving to: ‘mirror/web.engr.oregonstate.edu/~mjb/whirlwind/keytime.cpp’

     0K ....                                                  100% 85.0K=0.05s

2026-05-28 15:35:35 (85.0 KB/s) - ‘mirror/web.engr.oregonstate.edu/~mjb/whirlwind/keytime.cpp’ saved [4537/4537]

--2026-05-28 15:35:35--  https://web.engr.oregonstate.edu/~mjb/whirlwind/keytime.h
Reusing existing connection to web.engr.oregonstate.edu:443.
HTTP request sent, awaiting response... 200 OK
Length: 429 [text/plain]
Saving to: ‘mirror/web.engr.oregonstate.edu/~mjb/whirlwind/keytime.h’

     0K                                                       100% 20.0M=0s

2026-05-28 15:35:35 (20.0 MB/s) - ‘mirror/web.engr.oregonstate.edu/~mjb/whirlwind/keytime.h’ saved [429/429]

--2026-05-28 15:35:35--  https://web.engr.oregonstate.edu/~mjb/whirlwind/lsystems.mp4
Reusing existing connection to web.engr.oregonstate.edu:443.
HTTP request sent, awaiting response... 200 OK
Length: 31104563 (30M) [video/mp4]
Saving to: ‘mirror/web.engr.oregonstate.edu/~mjb/whirlwind/lsystems.mp4’

     0K .......... .......... .......... .......... ..........  0%  459K 66s
    50K .......... .......... .......... .......... ..........  0%  815K 52s
   100K .......... .......... .......... .......... ..........  0% 1.13M 43s
   150K .......... .......... .......... .......... ..........  0%  891K 41s
   200K .......... .......... .......... .......... ..........  0% 1.17M 38s
   250K .......... .......... .......... .......... ..........  0%  961K 36s
   300K .......... .......... .......... .......... ..........  1% 1.86M 33s
   350K .......... .......... .......... .......... ..........  1%  669K 35s
   400K .......... .......... .......... .......... ..........  1% 2.98M 32s
   450K .......... .......... .......... .......... ..........  1% 1.14M 31s
   500K .......... .......... .......... .......... ..........  1% 2.91M 29s
   550K .......... .......... .......... .......... ..........  1%  681K 30s
   600K .......... .......... .......... .......... ..........  2% 1.19M 30s
   650K .......... .......... .......... .......... ..........  2%  702K 31s
   700K .......... .......... .......... .......... ..........  2%  332K 35s
   750K .......... .......... .......... .......... ..........  2% 85.4M 32s
   800K .......... .......... .......... .......... ..........  2% 2.42M 31s
   850K .......... .......... .......... .......... ..........  2% 1.45M 30s
   900K .......... .......... .......... .......... ..........  3% 1.44M 30s
   950K .......... .......... .......... .......... ..........  3%  591K 31s
  1000K .......... .......... .......... .......... ..........  3%  805K 31s
  1050K .......... .......... .......... .......... ..........  3%  973K 31s
  1100K .......... .......... .......... .......... ..........  3% 1.61M 30s
  1150K .......... .......... .......... .......... ..........  3% 1.26M 30s
  1200K .......... .......... .......... .......... ..........  4% 15.9K 1m42s
  1250K .......... .......... .......... .......... ..........  4%  565K 1m40s
  1300K .......... .......... .......... .......... ..........  4%  463K 98s
  1350K .......... .......... .......... .......... ..........  4% 1.30M 95s
  1400K .......... .......... .......... .......... ..........  4%  982K 93s
  1450K .......... .......... .......... .......... ..........  4%  726K 91s
  1500K .......... .......... .......... .......... ..........  5%  990K 89s
  1550K .......... .......... .......... .......... ..........  5%  497K 88s
  1600K .......... .......... .......... .......... ..........  5% 1.79M 86s
  1650K .......... .......... .......... .......... ..........  5%  827K 84s
  1700K .......... .......... .......... .......... ..........  5% 1.31M 82s
  1750K .......... .......... .......... .......... ..........  5% 1.27M 80s
  1800K .......... .......... .......... .......... ..........  6% 2.34M 78s
  1850K .......... .......... .......... .......... ..........  6%  731K 77s
  1900K .......... .......... .......... .......... ..........  6% 1.07M 76s
  1950K .......... .......... .......... .......... ..........  6% 1.98M 74s
  2000K .......... .......... .......... .......... ..........  6%  960K 73s
  2050K .......... .......... .......... .......... ..........  6% 1.60M 71s
  2100K .......... .......... .......... .......... ..........  7%  682K 70s
  2150K .......... .......... .......... .......... ..........  7%  758K 70s
  2200K .......... .......... .......... .......... ..........  7% 1.30M 68s
  2250K .......... .......... .......... .......... ..........  7%  990K 67s
  2300K .......... .......... .......... .......... ..........  7%  783K 67s
  2350K .......... .......... .......... .......... ..........  7% 1.52M 65s
  2400K .......... .......... .......... .......... ..........  8% 1.20M 64s
  2450K .......... .......... .......... .......... ..........  8% 1.70M 63s
  2500K .......... .......... .......... .......... ..........  8%  952K 63s
  2550K .......... .......... .......... .......... ..........  8% 1.11M 62s
  2600K .......... .......... .......... .......... ..........  8% 1.78M 61s
  2650K .......... .......... .......... .......... ..........  8%  457K 61s
  2700K .......... .......... .......... .......... ..........  9%  905K 60s
  2750K .......... .......... .......... .......... ..........  9%  812K 59s
  2800K .......... .......... .......... .......... ..........  9% 1.22M 59s
  2850K .......... .......... .......... .......... ..........  9% 1.22M 58s
  2900K .......... .......... .......... .......... ..........  9%  906K 57s
  2950K .......... .......... .......... .......... ..........  9%  828K 57s
  3000K .......... .......... .......... .......... .......... 10% 1.68M 56s
  3050K .......... .......... .......... .......... .......... 10% 1.20M 55s
  3100K .......... .......... .......... .......... .......... 10% 2.49M 55s
  3150K .......... .......... .......... .......... .......... 10%  464K 55s
  3200K .......... .......... .......... .......... .......... 10% 1.26M 54s
  3250K .......... .......... .......... .......... .......... 10%  583K 54s
  3300K .......... .......... .......... .......... .......... 11% 1.50M 53s
  3350K .......... .......... .......... .......... .......... 11% 1.70M 52s
  3400K .......... .......... .......... .......... .......... 11% 1.91M 52s
  3450K .......... .......... .......... .......... .......... 11%  939K 51s
  3500K .......... .......... .......... .......... .......... 11% 2.90M 51s
  3550K .......... .......... .......... .......... .......... 11% 1.21M 50s
  3600K .......... .......... .......... .......... .......... 12% 1.48M 50s
  3650K .......... .......... .......... .......... .......... 12% 1.64M 49s
  3700K .......... .......... .......... .......... .......... 12% 1.78M 49s
  3750K .......... .......... .......... .......... .......... 12% 1.53M 48s
  3800K .......... .......... .......... .......... .......... 12% 1.03M 48s
  3850K .......... .......... .......... .......... .......... 12% 2.72M 47s
  3900K .......... .......... .......... .......... .......... 13% 1.07M 47s
  3950K .......... .......... .......... .......... .......... 13% 4.18M 46s
  4000K .......... .......... .......... .......... .......... 13% 1.13M 46s
  4050K .......... .......... .......... .......... .......... 13% 2.54M 45s
  4100K .......... .......... .......... .......... .......... 13% 1.68M 45s
  4150K .......... .......... .......... .......... .......... 13%  653K 45s
  4200K .......... .......... .......... .......... .......... 13% 2.71M 44s
  4250K .......... .......... .......... .......... .......... 14% 1.44M 44s
  4300K .......... .......... .......... .......... .......... 14% 1.64M 43s
  4350K .......... .......... .......... .......... .......... 14% 2.03M 43s
  4400K .......... .......... .......... .......... .......... 14%  674K 43s
  4450K .......... .......... .......... .......... .......... 14% 1.39M 42s
  4500K .......... .......... .......... .......... .......... 14% 2.94M 42s
  4550K .......... .......... .......... .......... .......... 15% 2.10M 42s
  4600K .......... .......... .......... .......... .......... 15%  531K 42s
  4650K .......... .......... .......... .......... .......... 15%  861K 41s
  4700K .......... .......... .......... .......... .......... 15% 1.36M 41s
  4750K .......... .......... .......... .......... .......... 15% 1.38M 41s
  4800K .......... .......... .......... .......... .......... 15% 2.17M 40s
  4850K .......... .......... .......... .......... .......... 16%  477K 40s
  4900K .......... .......... .......... .......... .......... 16% 1.40M 40s
  4950K .......... .......... .......... .......... .......... 16% 1.72M 40s
  5000K .......... .......... .......... .......... .......... 16% 1.63M 39s
  5050K .......... .......... .......... .......... .......... 16%  568K 39s
  5100K .......... .......... .......... .......... .......... 16% 2.01M 39s
  5150K .......... .......... .......... .......... .......... 17% 1.12M 39s
  5200K .......... .......... .......... .......... .......... 17% 1.34M 39s
  5250K .......... .......... .......... .......... .......... 17% 1.91M 38s
  5300K .......... .......... .......... .......... .......... 17% 1.34M 38s
  5350K .......... .......... .......... .......... .......... 17% 1.14M 38s
  5400K .......... .......... .......... .......... .......... 17% 1.04M 38s
  5450K .......... .......... .......... .......... .......... 18%  375K 38s
  5500K .......... .......... .......... .......... .......... 18%  149M 37s
  5550K .......... .......... .......... .......... .......... 18%  217M 37s
  5600K .......... .......... .......... .......... .......... 18% 1.10M 37s
  5650K .......... .......... .......... .......... .......... 18% 1.60M 36s
  5700K .......... .......... .......... .......... .......... 18% 1.98M 36s
  5750K .......... .......... .......... .......... .......... 19%  876K 36s
  5800K .......... .......... .......... .......... .......... 19%  602K 36s
  5850K .......... .......... .......... .......... .......... 19%  693K 36s
  5900K .......... .......... .......... .......... .......... 19% 1.42M 36s
  5950K .......... .......... .......... .......... .......... 19% 1.11M 35s
  6000K .......... .......... .......... .......... .......... 19% 1.67M 35s
  6050K .......... .......... .......... .......... .......... 20%  943K 35s
  6100K .......... .......... .......... .......... .......... 20%  711K 35s
  6150K .......... .......... .......... .......... .......... 20% 1.67M 35s
  6200K .......... .......... .......... .......... .......... 20% 1.02M 35s
  6250K .......... .......... .......... .......... .......... 20% 1.18M 34s
  6300K .......... .......... .......... .......... .......... 20%  664K 34s
  6350K .......... .......... .......... .......... .......... 21%  584K 34s
  6400K .......... .......... .......... .......... .......... 21%  376K 34s
  6450K .......... .......... .......... .......... .......... 21% 1.64M 34s
  6500K .......... .......... .......... .......... .......... 21%  617K 34s
  6550K .......... .......... .......... .......... .......... 21% 1.17M 34s
  6600K .......... .......... .......... .......... .......... 21% 1.43M 34s
  6650K .......... .......... .......... .......... .......... 22% 1.27M 34s
  6700K .......... .......... .......... .......... .......... 22% 1.35M 33s
  6750K .......... .......... .......... .......... .......... 22% 1.43M 33s
  6800K .......... .......... .......... .......... .......... 22% 1.59M 33s
  6850K .......... .......... .......... .......... .......... 22%  322K 33s
  6900K .......... .......... .......... .......... .......... 22%  618K 33s
  6950K .......... .......... .......... .......... .......... 23% 2.79M 33s
  7000K .......... .......... .......... .......... .......... 23%  156K 34s
  7050K .......... .......... .......... .......... .......... 23% 40.0M 33s
  7100K .......... .......... .......... .......... .......... 23%  242M 33s
  7150K .......... .......... .......... .......... .......... 23% 1.15M 33s
  7200K .......... .......... .......... .......... .......... 23%  695K 33s
  7250K .......... .......... .......... .......... .......... 24%  426K 33s
  7300K .......... .......... .......... .......... .......... 24% 1.24M 33s
  7350K .......... .......... .......... .......... .......... 24% 1.39M 33s
  7400K .......... .......... .......... .......... .......... 24%  822K 32s
  7450K .......... .......... .......... .......... .......... 24%  500K 33s
  7500K .......... .......... .......... .......... .......... 24% 1.48M 32s
  7550K .......... .......... .......... .......... .......... 25% 1.01M 32s
  7600K .......... .......... .......... .......... .......... 25% 1.23M 32s
  7650K .......... .......... .......... .......... .......... 25%  909K 32s
  7700K .......... .......... .......... .......... .......... 25%  748K 32s
  7750K .......... .......... .......... .......... .......... 25% 3.36M 32s
  7800K .......... .......... .......... .......... .......... 25% 1.15M 31s
  7850K .......... .......... .......... .......... .......... 26% 1.53M 31s
  7900K .......... .......... .......... .......... .......... 26%  943K 31s
  7950K .......... .......... .......... .......... .......... 26% 1.05M 31s
  8000K .......... .......... .......... .......... .......... 26% 2.42M 31s
  8050K .......... .......... .......... .......... .......... 26%  783K 31s
  8100K .......... .......... .......... .......... .......... 26%  493K 31s
  8150K .......... .......... .......... .......... .......... 26% 1.09M 31s
  8200K .......... .......... .......... .......... .......... 27% 1.03M 30s
  8250K .......... .......... .......... .......... .......... 27% 1.03M 30s
  8300K .......... .......... .......... .......... .......... 27% 2.31M 30s
  8350K .......... .......... .......... .......... .......... 27%  549K 30s
  8400K .......... .......... .......... .......... .......... 27% 1.40M 30s
  8450K .......... .......... .......... .......... .......... 27% 1.63M 30s
  8500K .......... .......... .......... .......... .......... 28%  536K 30s
  8550K .......... .......... .......... .......... .......... 28% 1.04M 30s
  8600K .......... .......... .......... .......... .......... 28%  774K 30s
  8650K .......... .......... .......... .......... .......... 28%  793K 30s
  8700K .......... .......... .......... .......... .......... 28% 2.85M 29s
  8750K .......... .......... .......... .......... .......... 28%  855K 29s
  8800K .......... .......... .......... .......... .......... 29%  565K 29s
  8850K .......... .......... .......... .......... .......... 29% 1.14M 29s
  8900K .......... .......... .......... .......... .......... 29%  978K 29s
  8950K .......... .......... .......... .......... .......... 29%  531K 29s
  9000K .......... .......... .......... .......... .......... 29%  879K 29s
  9050K .......... .......... .......... .......... .......... 29% 1.26M 29s
  9100K .......... .......... .......... .......... .......... 30% 2.44M 29s
  9150K .......... .......... .......... .......... .......... 30% 1.02M 28s
  9200K .......... .......... .......... .......... .......... 30%  816K 28s
  9250K .......... .......... .......... .......... .......... 30% 1.08M 28s
  9300K .......... .......... .......... .......... .......... 30%  515K 28s
  9350K .......... .......... .......... .......... .......... 30%  217M 28s
  9400K .......... .......... .......... .......... .......... 31% 2.14M 28s
  9450K .......... .......... .......... .......... .......... 31%  285K 28s
  9500K .......... .......... .......... .......... .......... 31%  209M 28s
  9550K .......... .......... .......... .......... .......... 31% 5.46M 28s
  9600K .......... .......... .......... .......... .......... 31%  826K 28s
  9650K .......... .......... .......... .......... .......... 31% 3.82M 27s
  9700K .......... .......... .......... .......... .......... 32%  906K 27s
  9750K .......... .......... .......... .......... .......... 32%  743K 27s
  9800K .......... .......... .......... .......... .......... 32% 1.77M 27s
  9850K .......... .......... .......... .......... .......... 32%  917K 27s
  9900K .......... .......... .......... .......... .......... 32% 3.26M 27s
  9950K .......... .......... .......... .......... .......... 32% 1.47M 27s
 10000K .......... .......... .......... .......... .......... 33% 1.28M 27s
 10050K .......... .......... .......... .......... .......... 33% 1.49M 26s
 10100K .......... .......... .......... .......... .......... 33% 1.43M 26s
 10150K .......... .......... .......... .......... .......... 33%  573K 26s
 10200K .......... .......... .......... .......... .......... 33%  237M 26s
 10250K .......... .......... .......... .......... .......... 33%  914K 26s
 10300K .......... .......... .......... .......... .......... 34% 1.27M 26s
 10350K .......... .......... .......... .......... .......... 34% 1.59M 26s
 10400K .......... .......... .......... .......... .......... 34% 1.18M 26s
 10450K .......... .......... .......... .......... .......... 34% 2.13M 26s
 10500K .......... .......... .......... .......... .......... 34%  435K 26s
 10550K .......... .......... .......... .......... .......... 34% 4.14M 25s
 10600K .......... .......... .......... .......... .......... 35%  300K 26s
 10650K .......... .......... .......... .......... .......... 35%  941K 25s
 10700K .......... .......... .......... .......... .......... 35% 3.01M 25s
 10750K .......... .......... .......... .......... .......... 35%  411K 25s
 10800K .......... .......... .......... .......... .......... 35% 7.43M 25s
 10850K .......... .......... .......... .......... .......... 35%  644K 25s
 10900K .......... .......... .......... .......... .......... 36% 1.19M 25s
 10950K .......... .......... .......... .......... .......... 36% 1.04M 25s
 11000K .......... .......... .......... .......... .......... 36% 1.04M 25s
 11050K .......... .......... .......... .......... .......... 36%  983K 25s
 11100K .......... .......... .......... .......... .......... 36% 1.72M 25s
 11150K .......... .......... .......... .......... .......... 36%  244K 25s
 11200K .......... .......... .......... .......... .......... 37%  518K 25s
 11250K .......... .......... .......... .......... .......... 37%  255K 25s
 11300K .......... .......... .......... .......... .......... 37% 1.50M 25s
 11350K .......... .......... .......... .......... .......... 37% 1.29M 25s
 11400K .......... .......... .......... .......... .......... 37% 1.86M 25s
 11450K .......... .......... .......... .......... .......... 37%  500K 25s
 11500K .......... .......... .......... .......... .......... 38% 3.58M 24s
 11550K .......... .......... .......... .......... .......... 38%  734K 24s
 11600K .......... .......... .......... .......... .......... 38% 1.31M 24s
 11650K .......... .......... .......... .......... .......... 38% 1.74M 24s
 11700K .......... .......... .......... .......... .......... 38%  822K 24s
 11750K .......... .......... .......... .......... .......... 38%  709K 24s
 11800K .......... .......... .......... .......... .......... 39% 2.16M 24s
 11850K .......... .......... .......... .......... .......... 39% 4.07M 24s
 11900K .......... .......... .......... .......... .......... 39%  271K 24s
 11950K .......... .......... .......... .......... .......... 39%  219M 24s
 12000K .......... .......... .......... .......... .......... 39% 2.66M 24s
 12050K .......... .......... .......... .......... .......... 39% 1.12M 23s
 12100K .......... .......... .......... .......... .......... 39% 2.07M 23s
 12150K .......... .......... .......... .......... .......... 40% 2.47M 23s
 12200K .......... .......... .......... .......... .......... 40% 1.11M 23s
 12250K .......... .......... .......... .......... .......... 40%  976K 23s
 12300K .......... .......... .......... .......... .......... 40%  582K 23s
 12350K .......... .......... .......... .......... .......... 40% 2.03M 23s
 12400K .......... .......... .......... .......... .......... 40% 1.25M 23s
 12450K .......... .......... .......... .......... .......... 41% 1.42M 23s
 12500K .......... .......... .......... .......... .......... 41% 1.25M 23s
 12550K .......... .......... .......... .......... .......... 41% 1.20M 22s
 12600K .......... .......... .......... .......... .......... 41% 4.52M 22s
 12650K .......... .......... .......... .......... .......... 41%  109K 23s
 12700K .......... .......... .......... .......... .......... 41% 83.9M 23s
 12750K .......... .......... .......... .......... .......... 42%  121M 23s
 12800K .......... .......... .......... .......... .......... 42%  534K 23s
 12850K .......... .......... .......... .......... .......... 42% 3.98M 22s
 12900K .......... .......... .......... .......... .......... 42% 1.16M 22s
 12950K .......... .......... .......... .......... .......... 42% 2.35M 22s
 13000K .......... .......... .......... .......... .......... 42% 1.24M 22s
 13050K .......... .......... .......... .......... .......... 43% 1.29M 22s
 13100K .......... .......... .......... .......... .......... 43% 1.86M 22s
 13150K .......... .......... .......... .......... .......... 43% 1.40M 22s
 13200K .......... .......... .......... .......... .......... 43% 1.12M 22s
 13250K .......... .......... .......... .......... .......... 43% 1.61M 22s
 13300K .......... .......... .......... .......... .......... 43% 1.35M 21s
 13350K .......... .......... .......... .......... .......... 44% 1.73M 21s
 13400K .......... .......... .......... .......... .......... 44% 2.82M 21s
 13450K .......... .......... .......... .......... .......... 44% 1.66M 21s
 13500K .......... .......... .......... .......... .......... 44% 2.02M 21s
 13550K .......... .......... .......... .......... .......... 44% 2.13M 21s
 13600K .......... .......... .......... .......... .......... 44%  802K 21s
 13650K .......... .......... .......... .......... .......... 45% 1.04M 21s
 13700K .......... .......... .......... .......... .......... 45% 2.33M 21s
 13750K .......... .......... .......... .......... .......... 45% 3.29M 21s
 13800K .......... .......... .......... .......... .......... 45% 1.17M 20s
 13850K .......... .......... .......... .......... .......... 45% 2.27M 20s
 13900K .......... .......... .......... .......... .......... 45% 1.62M 20s
 13950K .......... .......... .......... .......... .......... 46% 1.54M 20s
 14000K .......... .......... .......... .......... .......... 46% 2.29M 20s
 14050K .......... .......... .......... .......... .......... 46% 2.36M 20s
 14100K .......... .......... .......... .......... .......... 46%  916K 20s
 14150K .......... .......... .......... .......... .......... 46% 1.44M 20s
 14200K .......... .......... .......... .......... .......... 46%  453K 20s
 14250K .......... .......... .......... .......... .......... 47% 1.89M 20s
 14300K .......... .......... .......... .......... .......... 47% 2.34M 20s
 14350K .......... .......... .......... .......... .......... 47% 1.22M 19s
 14400K .......... .......... .......... .......... .......... 47% 1.09M 19s
 14450K .......... .......... .......... .......... .......... 47% 2.00M 19s
 14500K .......... .......... .......... .......... .......... 47% 2.55M 19s
 14550K .......... .......... .......... .......... .......... 48% 4.27M 19s
 14600K .......... .......... .......... .......... .......... 48% 1008K 19s
 14650K .......... .......... .......... .......... .......... 48% 2.21M 19s
 14700K .......... .......... .......... .......... .......... 48%  661K 19s
 14750K .......... .......... .......... .......... .......... 48% 1.57M 19s
 14800K .......... .......... .......... .......... .......... 48% 2.97M 19s
 14850K .......... .......... .......... .......... .......... 49%  770K 19s
 14900K .......... .......... .......... .......... .......... 49% 1.25M 19s
 14950K .......... .......... .......... .......... .......... 49% 2.64M 18s
 15000K .......... .......... .......... .......... .......... 49%  816K 18s
 15050K .......... .......... .......... .......... .......... 49% 3.76M 18s
 15100K .......... .......... .......... .......... .......... 49% 1.09M 18s
 15150K .......... .......... .......... .......... .......... 50%  442K 18s
 15200K .......... .......... .......... .......... .......... 50%  904K 18s
 15250K .......... .......... .......... .......... .......... 50% 2.00M 18s
 15300K .......... .......... .......... .......... .......... 50% 1.63M 18s
 15350K .......... .......... .......... .......... .......... 50%  809K 18s
 15400K .......... .......... .......... .......... .......... 50%  562K 18s
 15450K .......... .......... .......... .......... .......... 51% 6.11M 18s
 15500K .......... .......... .......... .......... .......... 51%  692K 18s
 15550K .......... .......... .......... .......... .......... 51% 1.22M 18s
 15600K .......... .......... .......... .......... .......... 51% 2.37M 17s
 15650K .......... .......... .......... .......... .......... 51% 1.10M 17s
 15700K .......... .......... .......... .......... .......... 51% 1.80M 17s
 15750K .......... .......... .......... .......... .......... 52% 1.07M 17s
 15800K .......... .......... .......... .......... .......... 52%  218K 17s
 15850K .......... .......... .......... .......... .......... 52% 8.43M 17s
 15900K .......... .......... .......... .......... .......... 52%  209M 17s
 15950K .......... .......... .......... .......... .......... 52% 1.84M 17s
 16000K .......... .......... .......... .......... .......... 52%  865K 17s
 16050K .......... .......... .......... .......... .......... 53% 2.10M 17s
 16100K .......... .......... .......... .......... .......... 53%  509K 17s
 16150K .......... .......... .......... .......... .......... 53% 4.25M 17s
 16200K .......... .......... .......... .......... .......... 53%  878K 17s
 16250K .......... .......... .......... .......... .......... 53% 4.32M 17s
 16300K .......... .......... .......... .......... .......... 53%  791K 17s
 16350K .......... .......... .......... .......... .......... 53% 1.71M 16s
 16400K .......... .......... .......... .......... .......... 54% 1.06M 16s
 16450K .......... .......... .......... .......... .......... 54% 1.79M 16s
 16500K .......... .......... .......... .......... .......... 54%  749K 16s
 16550K .......... .......... .......... .......... .......... 54% 1.60M 16s
 16600K .......... .......... .......... .......... .......... 54% 1.89M 16s
 16650K .......... .......... .......... .......... .......... 54% 1.42M 16s
 16700K .......... .......... .......... .......... .......... 55% 1.14M 16s
 16750K .......... .......... .......... .......... .......... 55% 1.08M 16s
 16800K .......... .......... .......... .......... .......... 55% 1.88M 16s
 16850K .......... .......... .......... .......... .......... 55% 1.66M 16s
 16900K .......... .......... .......... .......... .......... 55% 1.43M 16s
 16950K .......... .......... .......... .......... .......... 55% 1.28M 16s
 17000K .......... .......... .......... .......... .......... 56% 3.95M 15s
 17050K .......... .......... .......... .......... .......... 56% 1.73M 15s
 17100K .......... .......... .......... .......... .......... 56%  957K 15s
 17150K .......... .......... .......... .......... .......... 56% 1.46M 15s
 17200K .......... .......... .......... .......... .......... 56%  967K 15s
 17250K .......... .......... .......... .......... .......... 56% 4.94M 15s
 17300K .......... .......... .......... .......... .......... 57% 1.59M 15s
 17350K .......... .......... .......... .......... .......... 57% 1.06M 15s
 17400K .......... .......... .......... .......... .......... 57% 2.25M 15s
 17450K .......... .......... .......... .......... .......... 57% 3.27M 15s
 17500K .......... .......... .......... .......... .......... 57% 1.54M 15s
 17550K .......... .......... .......... .......... .......... 57% 1.01M 15s
 17600K .......... .......... .......... .......... .......... 58%  472K 15s
 17650K .......... .......... .......... .......... .......... 58% 1.46M 15s
 17700K .......... .......... .......... .......... .......... 58% 1.83M 14s
 17750K .......... .......... .......... .......... .......... 58% 2.31M 14s
 17800K .......... .......... .......... .......... .......... 58% 1.02M 14s
 17850K .......... .......... .......... .......... .......... 58% 2.13M 14s
 17900K .......... .......... .......... .......... .......... 59% 1013K 14s
 17950K .......... .......... .......... .......... .......... 59% 1.63M 14s
 18000K .......... .......... .......... .......... .......... 59%  736K 14s
 18050K .......... .......... .......... .......... .......... 59% 3.28M 14s
 18100K .......... .......... .......... .......... .......... 59%  879K 14s
 18150K .......... .......... .......... .......... .......... 59% 2.13M 14s
 18200K .......... .......... .......... .......... .......... 60% 1.52M 14s
 18250K .......... .......... .......... .......... .......... 60%  811K 14s
 18300K .......... .......... .......... .......... .......... 60% 1.19M 14s
 18350K .......... .......... .......... .......... .......... 60% 2.32M 14s
 18400K .......... .......... .......... .......... .......... 60%  758K 13s
 18450K .......... .......... .......... .......... .......... 60% 1.12M 13s
 18500K .......... .......... .......... .......... .......... 61%  496K 13s
 18550K .......... .......... .......... .......... .......... 61%  194K 13s
 18600K .......... .......... .......... .......... .......... 61%  246M 13s
 18650K .......... .......... .......... .......... .......... 61% 1.81M 13s
 18700K .......... .......... .......... .......... .......... 61%  426K 13s
 18750K .......... .......... .......... .......... .......... 61%  117M 13s
 18800K .......... .......... .......... .......... .......... 62%  665K 13s
 18850K .......... .......... .......... .......... .......... 62%  281K 13s
 18900K .......... .......... .......... .......... .......... 62% 4.16M 13s
 18950K .......... .......... .......... .......... .......... 62%  810K 13s
 19000K .......... .......... .......... .......... .......... 62%  318K 13s
 19050K .......... .......... .......... .......... .......... 62% 1.28M 13s
 19100K .......... .......... .......... .......... .......... 63% 1.08M 13s
 19150K .......... .......... .......... .......... .......... 63% 4.97M 13s
 19200K .......... .......... .......... .......... .......... 63%  898K 13s
 19250K .......... .......... .......... .......... .......... 63% 2.24M 13s
 19300K .......... .......... .......... .......... .......... 63% 1.76M 13s
 19350K .......... .......... .......... .......... .......... 63%  729K 13s
 19400K .......... .......... .......... .......... .......... 64%  836K 12s
 19450K .......... .......... .......... .......... .......... 64%  677K 12s
 19500K .......... .......... .......... .......... .......... 64% 1.27M 12s
 19550K .......... .......... .......... .......... .......... 64% 2.98M 12s
 19600K .......... .......... .......... .......... .......... 64% 3.17M 12s
 19650K .......... .......... .......... .......... .......... 64% 1022K 12s
 19700K .......... .......... .......... .......... .......... 65%  963K 12s
 19750K .......... .......... .......... .......... .......... 65% 1.93M 12s
 19800K .......... .......... .......... .......... .......... 65% 1.82M 12s
 19850K .......... .......... .......... .......... .......... 65% 2.35M 12s
 19900K .......... .......... .......... .......... .......... 65%  628K 12s
 19950K .......... .......... .......... .......... .......... 65% 2.49M 12s
 20000K .......... .......... .......... .......... .......... 66% 1.63M 12s
 20050K .......... .......... .......... .......... .......... 66% 1.00M 12s
 20100K .......... .......... .......... .......... .......... 66% 1.24M 12s
 20150K .......... .......... .......... .......... .......... 66% 1.57M 11s
 20200K .......... .......... .......... .......... .......... 66% 2.02M 11s
 20250K .......... .......... .......... .......... .......... 66%  821K 11s
 20300K .......... .......... .......... .......... .......... 66% 1.64M 11s
 20350K .......... .......... .......... .......... .......... 67% 2.02M 11s
 20400K .......... .......... .......... .......... .......... 67% 1.74M 11s
 20450K .......... .......... .......... .......... .......... 67% 1.20M 11s
 20500K .......... .......... .......... .......... .......... 67% 1.36M 11s
 20550K .......... .......... .......... .......... .......... 67% 1.28M 11s
 20600K .......... .......... .......... .......... .......... 67% 3.12M 11s
 20650K .......... .......... .......... .......... .......... 68% 1.22M 11s
 20700K .......... .......... .......... .......... .......... 68% 1.00M 11s
 20750K .......... .......... .......... .......... .......... 68%  771K 11s
 20800K .......... .......... .......... .......... .......... 68% 2.78M 11s
 20850K .......... .......... .......... .......... .......... 68% 1.21M 11s
 20900K .......... .......... .......... .......... .......... 68% 1.57M 10s
 20950K .......... .......... .......... .......... .......... 69% 2.57M 10s
 21000K .......... .......... .......... .......... .......... 69% 2.47M 10s
 21050K .......... .......... .......... .......... .......... 69%  813K 10s
 21100K .......... .......... .......... .......... .......... 69% 1.03M 10s
 21150K .......... .......... .......... .......... .......... 69%  349K 10s
 21200K .......... .......... .......... .......... .......... 69%  255M 10s
 21250K .......... .......... .......... .......... .......... 70% 4.09M 10s
 21300K .......... .......... .......... .......... .......... 70% 1.43M 10s
 21350K .......... .......... .......... .......... .......... 70% 2.63M 10s
 21400K .......... .......... .......... .......... .......... 70% 1.44M 10s
 21450K .......... .......... .......... .......... .......... 70% 1.42M 10s
 21500K .......... .......... .......... .......... .......... 70% 2.29M 10s
 21550K .......... .......... .......... .......... .......... 71%  438K 10s
 21600K .......... .......... .......... .......... .......... 71% 2.15M 10s
 21650K .......... .......... .......... .......... .......... 71% 2.04M 10s
 21700K .......... .......... .......... .......... .......... 71%  784K 10s
 21750K .......... .......... .......... .......... .......... 71% 1.67M 9s
 21800K .......... .......... .......... .......... .......... 71% 1.24M 9s
 21850K .......... .......... .......... .......... .......... 72% 22.8M 9s
 21900K .......... .......... .......... .......... .......... 72% 2.03M 9s
 21950K .......... .......... .......... .......... .......... 72% 1.19M 9s
 22000K .......... .......... .......... .......... .......... 72% 1.80M 9s
 22050K .......... .......... .......... .......... .......... 72%  526K 9s
 22100K .......... .......... .......... .......... .......... 72%  187M 9s
 22150K .......... .......... .......... .......... .......... 73%  861K 9s
 22200K .......... .......... .......... .......... .......... 73% 1.45M 9s
 22250K .......... .......... .......... .......... .......... 73% 1016K 9s
 22300K .......... .......... .......... .......... .......... 73% 1.67M 9s
 22350K .......... .......... .......... .......... .......... 73% 1.12M 9s
 22400K .......... .......... .......... .......... .......... 73% 1001K 9s
 22450K .......... .......... .......... .......... .......... 74% 1.11M 9s
 22500K .......... .......... .......... .......... .......... 74%  934K 9s
 22550K .......... .......... .......... .......... .......... 74% 1.94M 8s
 22600K .......... .......... .......... .......... .......... 74% 1.33M 8s
 22650K .......... .......... .......... .......... .......... 74% 1.34M 8s
 22700K .......... .......... .......... .......... .......... 74%  279K 8s
 22750K .......... .......... .......... .......... .......... 75%  263M 8s
 22800K .......... .......... .......... .......... .......... 75% 1.28M 8s
 22850K .......... .......... .......... .......... .......... 75% 1.23M 8s
 22900K .......... .......... .......... .......... .......... 75% 1.11M 8s
 22950K .......... .......... .......... .......... .......... 75% 1.52M 8s
 23000K .......... .......... .......... .......... .......... 75% 2.96M 8s
 23050K .......... .......... .......... .......... .......... 76% 1.21M 8s
 23100K .......... .......... .......... .......... .......... 76% 3.00M 8s
 23150K .......... .......... .......... .......... .......... 76% 1.52M 8s
 23200K .......... .......... .......... .......... .......... 76% 2.68M 8s
 23250K .......... .......... .......... .......... .......... 76% 1.24M 8s
 23300K .......... .......... .......... .......... .......... 76% 2.53M 8s
 23350K .......... .......... .......... .......... .......... 77% 1.40M 8s
 23400K .......... .......... .......... .......... .......... 77% 1.95M 7s
 23450K .......... .......... .......... .......... .......... 77% 1.03M 7s
 23500K .......... .......... .......... .......... .......... 77%  926K 7s
 23550K .......... .......... .......... .......... .......... 77% 1.81M 7s
 23600K .......... .......... .......... .......... .......... 77% 1.34M 7s
 23650K .......... .......... .......... .......... .......... 78%  814K 7s
 23700K .......... .......... .......... .......... .......... 78% 1.49M 7s
 23750K .......... .......... .......... .......... .......... 78% 3.33M 7s
 23800K .......... .......... .......... .......... .......... 78%  510K 7s
 23850K .......... .......... .......... .......... .......... 78% 1.94M 7s
 23900K .......... .......... .......... .......... .......... 78% 2.18M 7s
 23950K .......... .......... .......... .......... .......... 79% 1.70M 7s
 24000K .......... .......... .......... .......... .......... 79% 1.17M 7s
 24050K .......... .......... .......... .......... .......... 79% 1.44M 7s
 24100K .......... .......... .......... .......... .......... 79% 1.22M 7s
 24150K .......... .......... .......... .......... .......... 79% 1.28M 7s
 24200K .......... .......... .......... .......... .......... 79%  855K 7s
 24250K .......... .......... .......... .......... .......... 79%  894K 7s
 24300K .......... .......... .......... .......... .......... 80% 1.06M 6s
 24350K .......... .......... .......... .......... .......... 80% 1000K 6s
 24400K .......... .......... .......... .......... .......... 80% 1.09M 6s
 24450K .......... .......... .......... .......... .......... 80% 1.67M 6s
 24500K .......... .......... .......... .......... .......... 80% 1.03M 6s
 24550K .......... .......... .......... .......... .......... 80%  798K 6s
 24600K .......... .......... .......... .......... .......... 81%  730K 6s
 24650K .......... .......... .......... .......... .......... 81% 2.88M 6s
 24700K .......... .......... .......... .......... .......... 81%  616K 6s
 24750K .......... .......... .......... .......... .......... 81% 2.43M 6s
 24800K .......... .......... .......... .......... .......... 81%  675K 6s
 24850K .......... .......... .......... .......... .......... 81% 1.17M 6s
 24900K .......... .......... .......... .......... .......... 82%  636K 6s
 24950K .......... .......... .......... .......... .......... 82%  869K 6s
 25000K .......... .......... .......... .......... .......... 82% 1.23M 6s
 25050K .......... .......... .......... .......... .......... 82% 2.26M 6s
 25100K .......... .......... .......... .......... .......... 82% 1.18M 6s
 25150K .......... .......... .......... .......... .......... 82% 1.35M 6s
 25200K .......... .......... .......... .......... .......... 83% 2.63M 5s
 25250K .......... .......... .......... .......... .......... 83% 1.37M 5s
 25300K .......... .......... .......... .......... .......... 83%  978K 5s
 25350K .......... .......... .......... .......... .......... 83%  910K 5s
 25400K .......... .......... .......... .......... .......... 83% 2.25M 5s
 25450K .......... .......... .......... .......... .......... 83% 1.53M 5s
 25500K .......... .......... .......... .......... .......... 84%  847K 5s
 25550K .......... .......... .......... .......... .......... 84%  777K 5s
 25600K .......... .......... .......... .......... .......... 84% 3.10M 5s
 25650K .......... .......... .......... .......... .......... 84%  816K 5s
 25700K .......... .......... .......... .......... .......... 84% 3.67M 5s
 25750K .......... .......... .......... .......... .......... 84% 2.45M 5s
 25800K .......... .......... .......... .......... .......... 85% 2.56M 5s
 25850K .......... .......... .......... .......... .......... 85%  874K 5s
 25900K .......... .......... .......... .......... .......... 85%  758K 5s
 25950K .......... .......... .......... .......... .......... 85% 1.65M 5s
 26000K .......... .......... .......... .......... .......... 85% 2.47M 5s
 26050K .......... .......... .......... .......... .......... 85% 1.26M 5s
 26100K .......... .......... .......... .......... .......... 86% 2.89M 4s
 26150K .......... .......... .......... .......... .......... 86% 1.21M 4s
 26200K .......... .......... .......... .......... .......... 86% 1.86M 4s
 26250K .......... .......... .......... .......... .......... 86%  727K 4s
 26300K .......... .......... .......... .......... .......... 86% 1.99M 4s
 26350K .......... .......... .......... .......... .......... 86%  914K 4s
 26400K .......... .......... .......... .......... .......... 87% 1.71M 4s
 26450K .......... .......... .......... .......... .......... 87% 1.24M 4s
 26500K .......... .......... .......... .......... .......... 87% 2.25M 4s
 26550K .......... .......... .......... .......... .......... 87%  850K 4s
 26600K .......... .......... .......... .......... .......... 87%  847K 4s
 26650K .......... .......... .......... .......... .......... 87% 1.16M 4s
 26700K .......... .......... .......... .......... .......... 88%  872K 4s
 26750K .......... .......... .......... .......... .......... 88% 16.5M 4s
 26800K .......... .......... .......... .......... .......... 88% 1.27M 4s
 26850K .......... .......... .......... .......... .......... 88% 2.40M 4s
 26900K .......... .......... .......... .......... .......... 88% 1.19M 4s
 26950K .......... .......... .......... .......... .......... 88% 1.18M 4s
 27000K .......... .......... .......... .......... .......... 89% 1.09M 3s
 27050K .......... .......... .......... .......... .......... 89% 2.47M 3s
 27100K .......... .......... .......... .......... .......... 89% 1.24M 3s
 27150K .......... .......... .......... .......... .......... 89%  619K 3s
 27200K .......... .......... .......... .......... .......... 89% 32.4M 3s
 27250K .......... .......... .......... .......... .......... 89% 1.23M 3s
 27300K .......... .......... .......... .......... .......... 90%  369K 3s
 27350K .......... .......... .......... .......... .......... 90%  166M 3s
 27400K .......... .......... .......... .......... .......... 90% 3.97M 3s
 27450K .......... .......... .......... .......... .......... 90%  555K 3s
 27500K .......... .......... .......... .......... .......... 90% 1.29M 3s
 27550K .......... .......... .......... .......... .......... 90%  434K 3s
 27600K .......... .......... .......... .......... .......... 91%  137M 3s
 27650K .......... .......... .......... .......... .......... 91% 4.01M 3s
 27700K .......... .......... .......... .......... .......... 91%  866K 3s
 27750K .......... .......... .......... .......... .......... 91% 1.67M 3s
 27800K .......... .......... .......... .......... .......... 91%  392K 3s
 27850K .......... .......... .......... .......... .......... 91% 44.9M 3s
 27900K .......... .......... .......... .......... .......... 92% 7.20M 3s
 27950K .......... .......... .......... .......... .......... 92% 1.81M 2s
 28000K .......... .......... .......... .......... .......... 92%  599K 2s
 28050K .......... .......... .......... .......... .......... 92% 2.87M 2s
 28100K .......... .......... .......... .......... .......... 92% 2.18M 2s
 28150K .......... .......... .......... .......... .......... 92%  743K 2s
 28200K .......... .......... .......... .......... .......... 93% 1.59M 2s
 28250K .......... .......... .......... .......... .......... 93% 2.10M 2s
 28300K .......... .......... .......... .......... .......... 93% 2.20M 2s
 28350K .......... .......... .......... .......... .......... 93%  774K 2s
 28400K .......... .......... .......... .......... .......... 93% 1.05M 2s
 28450K .......... .......... .......... .......... .......... 93% 4.11M 2s
 28500K .......... .......... .......... .......... .......... 93% 1.87M 2s
 28550K .......... .......... .......... .......... .......... 94% 5.48M 2s
 28600K .......... .......... .......... .......... .......... 94%  628K 2s
 28650K .......... .......... .......... .......... .......... 94% 1.37M 2s
 28700K .......... .......... .......... .......... .......... 94% 1.95M 2s
 28750K .......... .......... .......... .......... .......... 94% 1.65M 2s
 28800K .......... .......... .......... .......... .......... 94%  432K 2s
 28850K .......... .......... .......... .......... .......... 95% 1.44M 2s
 28900K .......... .......... .......... .......... .......... 95% 1.84M 1s
 28950K .......... .......... .......... .......... .......... 95% 1.28M 1s
 29000K .......... .......... .......... .......... .......... 95% 3.61M 1s
 29050K .......... .......... .......... .......... .......... 95% 1.83M 1s
 29100K .......... .......... .......... .......... .......... 95% 3.01M 1s
 29150K .......... .......... .......... .......... .......... 96% 2.27M 1s
 29200K .......... .......... .......... .......... .......... 96% 2.47M 1s
 29250K .......... .......... .......... .......... .......... 96% 1.43M 1s
 29300K .......... .......... .......... .......... .......... 96% 1.54M 1s
 29350K .......... .......... .......... .......... .......... 96% 1.08M 1s
 29400K .......... .......... .......... .......... .......... 96% 1.44M 1s
 29450K .......... .......... .......... .......... .......... 97%  850K 1s
 29500K .......... .......... .......... .......... .......... 97%  904K 1s
 29550K .......... .......... .......... .......... .......... 97% 3.37M 1s
 29600K .......... .......... .......... .......... .......... 97%  667K 1s
 29650K .......... .......... .......... .......... .......... 97% 1.69M 1s
 29700K .......... .......... .......... .......... .......... 97%  460K 1s
 29750K .......... .......... .......... .......... .......... 98%  991K 1s
 29800K .......... .......... .......... .......... .......... 98%  536K 1s
 29850K .......... .......... .......... .......... .......... 98% 18.9M 0s
 29900K .......... .......... .......... .......... .......... 98% 40.3K 0s
 29950K .......... .......... .......... .......... .......... 98%  827K 0s
 30000K .......... .......... .......... .......... .......... 98% 1.81M 0s
 30050K .......... .......... .......... .......... .......... 99%  203K 0s
 30100K .......... .......... .......... .......... .......... 99% 3.77M 0s
 30150K .......... .......... .......... .......... .......... 99%  255M 0s
 30200K .......... .......... .......... .......... .......... 99%  729K 0s
 30250K .......... .......... .......... .......... .......... 99%  295K 0s
 30300K .......... .......... .......... .......... .......... 99%  193M 0s
 30350K .......... .......... .....                           100%  349K=33s

2026-05-28 15:36:08 (933 KB/s) - ‘mirror/web.engr.oregonstate.edu/~mjb/whirlwind/lsystems.mp4’ saved [31104563/31104563]

--2026-05-28 15:36:08--  https://web.engr.oregonstate.edu/~mjb/whirlwind/moreinfo.pdf
Reusing existing connection to web.engr.oregonstate.edu:443.
HTTP request sent, awaiting response... 200 OK
Length: 158891 (155K) [application/pdf]
Saving to: ‘mirror/web.engr.oregonstate.edu/~mjb/whirlwind/moreinfo.pdf’

     0K .......... .......... .......... .......... .......... 32% 47.6K 2s
    50K .......... .......... .......... .......... .......... 64% 2.04M 1s
   100K .......... .......... .......... .......... .......... 96% 2.69M 0s
   150K .....                                                 100% 7.84M=1.1s

2026-05-28 15:36:09 (142 KB/s) - ‘mirror/web.engr.oregonstate.edu/~mjb/whirlwind/moreinfo.pdf’ saved [158891/158891]

--2026-05-28 15:36:09--  https://web.engr.oregonstate.edu/~mjb/whirlwind/osu.jpg
Reusing existing connection to web.engr.oregonstate.edu:443.
HTTP request sent, awaiting response... 200 OK
Length: 31654 (31K) [image/jpeg]
Saving to: ‘mirror/web.engr.oregonstate.edu/~mjb/whirlwind/osu.jpg’

     0K .......... .......... ..........                      100% 2.52M=0.01s

2026-05-28 15:36:09 (2.52 MB/s) - ‘mirror/web.engr.oregonstate.edu/~mjb/whirlwind/osu.jpg’ saved [31654/31654]

--2026-05-28 15:36:09--  https://web.engr.oregonstate.edu/~mjb/whirlwind/particles.blend
Reusing existing connection to web.engr.oregonstate.edu:443.
HTTP request sent, awaiting response... 200 OK
Length: 3703496 (3.5M)
Saving to: ‘mirror/web.engr.oregonstate.edu/~mjb/whirlwind/particles.blend’

     0K .......... .......... .......... .......... ..........  1%  862K 4s
    50K .......... .......... .......... .......... ..........  2% 1.95M 3s
   100K .......... .......... .......... .......... ..........  4% 1.35M 3s
   150K .......... .......... .......... .......... ..........  5% 1.48M 3s
   200K .......... .......... .......... .......... ..........  6% 2.23M 2s
   250K .......... .......... .......... .......... ..........  8% 1.73M 2s
   300K .......... .......... .......... .......... ..........  9% 5.26M 2s
   350K .......... .......... .......... .......... .......... 11% 1.21M 2s
   400K .......... .......... .......... .......... .......... 12% 1.27M 2s
   450K .......... .......... .......... .......... .......... 13% 2.47M 2s
   500K .......... .......... .......... .......... .......... 15% 2.23M 2s
   550K .......... .......... .......... .......... .......... 16% 1.52M 2s
   600K .......... .......... .......... .......... .......... 17% 2.00M 2s
   650K .......... .......... .......... .......... .......... 19% 1.20M 2s
   700K .......... .......... .......... .......... .......... 20% 1.54M 2s
   750K .......... .......... .......... .......... .......... 22% 2.25M 2s
   800K .......... .......... .......... .......... .......... 23% 3.45M 2s
   850K .......... .......... .......... .......... .......... 24% 1.13M 2s
   900K .......... .......... .......... .......... .......... 26%  791K 2s
   950K .......... .......... .......... .......... .......... 27%  615K 2s
  1000K .......... .......... .......... .......... .......... 29% 2.01M 2s
  1050K .......... .......... .......... .......... .......... 30%  688K 2s
  1100K .......... .......... .......... .......... .......... 31%  843K 2s
  1150K .......... .......... .......... .......... .......... 33%  973K 2s
  1200K .......... .......... .......... .......... .......... 34% 3.01M 2s
  1250K .......... .......... .......... .......... .......... 35%  880K 2s
  1300K .......... .......... .......... .......... .......... 37% 1.86M 2s
  1350K .......... .......... .......... .......... .......... 38%  821K 2s
  1400K .......... .......... .......... .......... .......... 40%  621K 2s
  1450K .......... .......... .......... .......... .......... 41% 1014K 2s
  1500K .......... .......... .......... .......... .......... 42% 1.01M 2s
  1550K .......... .......... .......... .......... .......... 44%  664K 2s
  1600K .......... .......... .......... .......... .......... 45%  607K 2s
  1650K .......... .......... .......... .......... .......... 47% 1.59M 2s
  1700K .......... .......... .......... .......... .......... 48% 1.08M 2s
  1750K .......... .......... .......... .......... .......... 49% 1.17M 2s
  1800K .......... .......... .......... .......... .......... 51%  826K 1s
  1850K .......... .......... .......... .......... .......... 52% 1.02M 1s
  1900K .......... .......... .......... .......... .......... 53% 1.19M 1s
  1950K .......... .......... .......... .......... .......... 55%  978K 1s
  2000K .......... .......... .......... .......... .......... 56%  706K 1s
  2050K .......... .......... .......... .......... .......... 58%  874K 1s
  2100K .......... .......... .......... .......... .......... 59% 1.90M 1s
  2150K .......... .......... .......... .......... .......... 60% 1.09M 1s
  2200K .......... .......... .......... .......... .......... 62% 1.13M 1s
  2250K .......... .......... .......... .......... .......... 63%  688K 1s
  2300K .......... .......... .......... .......... .......... 64%  871K 1s
  2350K .......... .......... .......... .......... .......... 66% 1.58M 1s
  2400K .......... .......... .......... .......... .......... 67% 1.58M 1s
  2450K .......... .......... .......... .......... .......... 69% 1.57M 1s
  2500K .......... .......... .......... .......... .......... 70%  969K 1s
  2550K .......... .......... .......... .......... .......... 71% 1.68M 1s
  2600K .......... .......... .......... .......... .......... 73% 1.96M 1s
  2650K .......... .......... .......... .......... .......... 74% 1.67M 1s
  2700K .......... .......... .......... .......... .......... 76% 1.11M 1s
  2750K .......... .......... .......... .......... .......... 77% 1009K 1s
  2800K .......... .......... .......... .......... .......... 78% 1.84M 1s
  2850K .......... .......... .......... .......... .......... 80% 1.01M 1s
  2900K .......... .......... .......... .......... .......... 81% 1.09M 1s
  2950K .......... .......... .......... .......... .......... 82% 2.49M 1s
  3000K .......... .......... .......... .......... .......... 84%  614K 0s
  3050K .......... .......... .......... .......... .......... 85% 1.06M 0s
  3100K .......... .......... .......... .......... .......... 87%  576K 0s
  3150K .......... .......... .......... .......... .......... 88%  719K 0s
  3200K .......... .......... .......... .......... .......... 89%  846K 0s
  3250K .......... .......... .......... .......... .......... 91%  762K 0s
  3300K .......... .......... .......... .......... .......... 92%  770K 0s
  3350K .......... .......... .......... .......... .......... 94% 1.25M 0s
  3400K .......... .......... .......... .......... .......... 95%  856K 0s
  3450K .......... .......... .......... .......... .......... 96%  887K 0s
  3500K .......... .......... .......... .......... .......... 98% 1.66M 0s
  3550K .......... .......... .......... .......... .......... 99%  535K 0s
  3600K .......... ......                                     100% 6.34M=3.3s

2026-05-28 15:36:12 (1.07 MB/s) - ‘mirror/web.engr.oregonstate.edu/~mjb/whirlwind/particles.blend’ saved [3703496/3703496]

--2026-05-28 15:36:12--  https://web.engr.oregonstate.edu/~mjb/whirlwind/reflrefr6.blend
Reusing existing connection to web.engr.oregonstate.edu:443.
HTTP request sent, awaiting response... 200 OK
Length: 1655864 (1.6M)
Saving to: ‘mirror/web.engr.oregonstate.edu/~mjb/whirlwind/reflrefr6.blend’

     0K .......... .......... .......... .......... ..........  3%  969K 2s
    50K .......... .......... .......... .......... ..........  6%  787K 2s
   100K .......... .......... .......... .......... ..........  9% 1.20M 2s
   150K .......... .......... .......... .......... .......... 12%  700K 2s
   200K .......... .......... .......... .......... .......... 15%  977K 2s
   250K .......... .......... .......... .......... .......... 18% 1.01M 1s
   300K .......... .......... .......... .......... .......... 21% 1.01M 1s
   350K .......... .......... .......... .......... .......... 24% 1.13M 1s
   400K .......... .......... .......... .......... .......... 27%  782K 1s
   450K .......... .......... .......... .......... .......... 30% 1.79M 1s
   500K .......... .......... .......... .......... .......... 34% 2.10M 1s
   550K .......... .......... .......... .......... .......... 37% 1.54M 1s
   600K .......... .......... .......... .......... .......... 40% 1.50M 1s
   650K .......... .......... .......... .......... .......... 43% 1.18M 1s
   700K .......... .......... .......... .......... .......... 46%  674K 1s
   750K .......... .......... .......... .......... .......... 49% 1.31M 1s
   800K .......... .......... .......... .......... .......... 52%  675K 1s
   850K .......... .......... .......... .......... .......... 55%  155M 1s
   900K .......... .......... .......... .......... .......... 58% 2.57M 1s
   950K .......... .......... .......... .......... .......... 61% 1.52M 1s
  1000K .......... .......... .......... .......... .......... 64% 6.25M 0s
  1050K .......... .......... .......... .......... .......... 68% 1.73M 0s
  1100K .......... .......... .......... .......... .......... 71%  807K 0s
  1150K .......... .......... .......... .......... .......... 74% 1.52M 0s
  1200K .......... .......... .......... .......... .......... 77% 1021K 0s
  1250K .......... .......... .......... .......... .......... 80% 1.37M 0s
  1300K .......... .......... .......... .......... .......... 83%  838K 0s
  1350K .......... .......... .......... .......... .......... 86% 1.18M 0s
  1400K .......... .......... .......... .......... .......... 89% 1.24M 0s
  1450K .......... .......... .......... .......... .......... 92% 1.04M 0s
  1500K .......... .......... .......... .......... .......... 95% 3.38M 0s
  1550K .......... .......... .......... .......... .......... 98%  932K 0s
  1600K .......... .......                                    100%  275K=1.4s

2026-05-28 15:36:14 (1.12 MB/s) - ‘mirror/web.engr.oregonstate.edu/~mjb/whirlwind/reflrefr6.blend’ saved [1655864/1655864]

FINISHED --2026-05-28 15:36:14--
Total wall clock time: 5m 30s
Downloaded: 38 files, 313M in 5m 26s (983 KB/s)
