--2026-05-28 15:08:22--  https://web.engr.oregonstate.edu/~mjb/
Resolving web.engr.oregonstate.edu (web.engr.oregonstate.edu)... 128.193.40.12
Connecting to web.engr.oregonstate.edu (web.engr.oregonstate.edu)|128.193.40.12|:443... connected.
HTTP request sent, awaiting response... 304 Not Modified
File ‘mirror/web.engr.oregonstate.edu/~mjb/index.html’ not modified on server. Omitting download.

--2026-05-28 15:08:22--  https://web.engr.oregonstate.edu/~mjb/WebMjb/Papers/papers.html
Reusing existing connection to web.engr.oregonstate.edu:443.
HTTP request sent, awaiting response... 304 Not Modified
File ‘mirror/web.engr.oregonstate.edu/~mjb/WebMjb/Papers/papers.html’ not modified on server. Omitting download.

--2026-05-28 15:08:22--  https://web.engr.oregonstate.edu/~mjb/WebMjb/mjb.html
Reusing existing connection to web.engr.oregonstate.edu:443.
HTTP request sent, awaiting response... 304 Not Modified
File ‘mirror/web.engr.oregonstate.edu/~mjb/WebMjb/mjb.html’ not modified on server. Omitting download.

--2026-05-28 15:08:22--  https://web.engr.oregonstate.edu/~mjb/blender
Reusing existing connection to web.engr.oregonstate.edu:443.
HTTP request sent, awaiting response... 301 Moved Permanently
Location: https://web.engr.oregonstate.edu/~mjb/blender/ [following]
--2026-05-28 15:08:22--  https://web.engr.oregonstate.edu/~mjb/blender/
Reusing existing connection to web.engr.oregonstate.edu:443.
HTTP request sent, awaiting response... 200 OK
Length: 25783 (25K) [text/html]
mirror/web.engr.oregonstate.edu/~mjb/blender: Is a directory

Cannot write to ‘mirror/web.engr.oregonstate.edu/~mjb/blender’ (Is a directory).
--2026-05-28 15:08:22--  https://web.engr.oregonstate.edu/~mjb/cgeducation
Connecting to web.engr.oregonstate.edu (web.engr.oregonstate.edu)|128.193.40.12|:443... connected.
HTTP request sent, awaiting response... 301 Moved Permanently
Location: https://web.engr.oregonstate.edu/~mjb/cgeducation/ [following]
--2026-05-28 15:08:22--  https://web.engr.oregonstate.edu/~mjb/cgeducation/
Reusing existing connection to web.engr.oregonstate.edu:443.
HTTP request sent, awaiting response... 200 OK
Length: 4751 (4.6K) [text/html]
mirror/web.engr.oregonstate.edu/~mjb/cgeducation: Is a directory

Cannot write to ‘mirror/web.engr.oregonstate.edu/~mjb/cgeducation’ (Is a directory).
--2026-05-28 15:08:22--  https://web.engr.oregonstate.edu/~mjb/chromadepth
Connecting to web.engr.oregonstate.edu (web.engr.oregonstate.edu)|128.193.40.12|:443... connected.
HTTP request sent, awaiting response... 301 Moved Permanently
Location: https://web.engr.oregonstate.edu/~mjb/chromadepth/ [following]
--2026-05-28 15:08:22--  https://web.engr.oregonstate.edu/~mjb/chromadepth/
Reusing existing connection to web.engr.oregonstate.edu:443.
HTTP request sent, awaiting response... 200 OK
Length: 8366 (8.2K) [text/html]
mirror/web.engr.oregonstate.edu/~mjb/chromadepth: Is a directory

Cannot write to ‘mirror/web.engr.oregonstate.edu/~mjb/chromadepth’ (Is a directory).
--2026-05-28 15:08:22--  https://web.engr.oregonstate.edu/~mjb/cs491/
Connecting to web.engr.oregonstate.edu (web.engr.oregonstate.edu)|128.193.40.12|:443... connected.
HTTP request sent, awaiting response... 304 Not Modified
File ‘mirror/web.engr.oregonstate.edu/~mjb/cs491/index.html’ not modified on server. Omitting download.

--2026-05-28 15:08:23--  https://web.engr.oregonstate.edu/~mjb/cs491/Projects/proj01.html
Reusing existing connection to web.engr.oregonstate.edu:443.
HTTP request sent, awaiting response... 304 Not Modified
File ‘mirror/web.engr.oregonstate.edu/~mjb/cs491/Projects/proj01.html’ not modified on server. Omitting download.

--2026-05-28 15:08:23--  https://web.engr.oregonstate.edu/~mjb/cs491/Projects/proj02.html
Reusing existing connection to web.engr.oregonstate.edu:443.
HTTP request sent, awaiting response... 304 Not Modified
File ‘mirror/web.engr.oregonstate.edu/~mjb/cs491/Projects/proj02.html’ not modified on server. Omitting download.

--2026-05-28 15:08:23--  https://web.engr.oregonstate.edu/~mjb/cs491/Projects/proj03.html
Reusing existing connection to web.engr.oregonstate.edu:443.
HTTP request sent, awaiting response... 304 Not Modified
File ‘mirror/web.engr.oregonstate.edu/~mjb/cs491/Projects/proj03.html’ not modified on server. Omitting download.

--2026-05-28 15:08:23--  https://web.engr.oregonstate.edu/~mjb/cs491/Projects/proj04.html
Reusing existing connection to web.engr.oregonstate.edu:443.
HTTP request sent, awaiting response... 304 Not Modified
File ‘mirror/web.engr.oregonstate.edu/~mjb/cs491/Projects/proj04.html’ not modified on server. Omitting download.

--2026-05-28 15:08:23--  https://web.engr.oregonstate.edu/~mjb/cs491/Projects/proj05.html
Reusing existing connection to web.engr.oregonstate.edu:443.
HTTP request sent, awaiting response... 304 Not Modified
File ‘mirror/web.engr.oregonstate.edu/~mjb/cs491/Projects/proj05.html’ not modified on server. Omitting download.

--2026-05-28 15:08:23--  https://web.engr.oregonstate.edu/~mjb/cs491/Projects/proj06.html
Reusing existing connection to web.engr.oregonstate.edu:443.
HTTP request sent, awaiting response... 304 Not Modified
File ‘mirror/web.engr.oregonstate.edu/~mjb/cs491/Projects/proj06.html’ not modified on server. Omitting download.

--2026-05-28 15:08:23--  https://web.engr.oregonstate.edu/~mjb/cs491/Projects/proj07.html
Reusing existing connection to web.engr.oregonstate.edu:443.
HTTP request sent, awaiting response... 304 Not Modified
File ‘mirror/web.engr.oregonstate.edu/~mjb/cs491/Projects/proj07.html’ not modified on server. Omitting download.

--2026-05-28 15:08:23--  https://web.engr.oregonstate.edu/~mjb/cs491/Tests/test01.html
Reusing existing connection to web.engr.oregonstate.edu:443.
HTTP request sent, awaiting response... 304 Not Modified
File ‘mirror/web.engr.oregonstate.edu/~mjb/cs491/Tests/test01.html’ not modified on server. Omitting download.

--2026-05-28 15:08:23--  https://web.engr.oregonstate.edu/~mjb/cs491/Tests/test02.html
Reusing existing connection to web.engr.oregonstate.edu:443.
HTTP request sent, awaiting response... 304 Not Modified
File ‘mirror/web.engr.oregonstate.edu/~mjb/cs491/Tests/test02.html’ not modified on server. Omitting download.

--2026-05-28 15:08:23--  https://web.engr.oregonstate.edu/~mjb/cs491/calendar.html
Reusing existing connection to web.engr.oregonstate.edu:443.
HTTP request sent, awaiting response... 304 Not Modified
File ‘mirror/web.engr.oregonstate.edu/~mjb/cs491/calendar.html’ not modified on server. Omitting download.

--2026-05-28 15:08:23--  https://web.engr.oregonstate.edu/~mjb/cs491/glmprimer.html
Reusing existing connection to web.engr.oregonstate.edu:443.
HTTP request sent, awaiting response... 304 Not Modified
File ‘mirror/web.engr.oregonstate.edu/~mjb/cs491/glmprimer.html’ not modified on server. Omitting download.

--2026-05-28 15:08:23--  https://web.engr.oregonstate.edu/~mjb/cs491/index.html
Reusing existing connection to web.engr.oregonstate.edu:443.
HTTP request sent, awaiting response... 304 Not Modified
File ‘mirror/web.engr.oregonstate.edu/~mjb/cs491/index.html’ not modified on server. Omitting download.

--2026-05-28 15:08:23--  https://web.engr.oregonstate.edu/~mjb/cs519v/
Reusing existing connection to web.engr.oregonstate.edu:443.
HTTP request sent, awaiting response... 304 Not Modified
File ‘mirror/web.engr.oregonstate.edu/~mjb/cs519v/index.html’ not modified on server. Omitting download.

--2026-05-28 15:08:23--  https://web.engr.oregonstate.edu/~mjb/cs519v/Projects/proj01.html
Reusing existing connection to web.engr.oregonstate.edu:443.
HTTP request sent, awaiting response... 304 Not Modified
File ‘mirror/web.engr.oregonstate.edu/~mjb/cs519v/Projects/proj01.html’ not modified on server. Omitting download.

--2026-05-28 15:08:23--  https://web.engr.oregonstate.edu/~mjb/cs519v/Projects/proj02.html
Reusing existing connection to web.engr.oregonstate.edu:443.
HTTP request sent, awaiting response... 304 Not Modified
File ‘mirror/web.engr.oregonstate.edu/~mjb/cs519v/Projects/proj02.html’ not modified on server. Omitting download.

--2026-05-28 15:08:23--  https://web.engr.oregonstate.edu/~mjb/cs519v/Projects/proj03.html
Reusing existing connection to web.engr.oregonstate.edu:443.
HTTP request sent, awaiting response... 304 Not Modified
File ‘mirror/web.engr.oregonstate.edu/~mjb/cs519v/Projects/proj03.html’ not modified on server. Omitting download.

--2026-05-28 15:08:23--  https://web.engr.oregonstate.edu/~mjb/cs519v/Projects/proj04.html
Reusing existing connection to web.engr.oregonstate.edu:443.
HTTP request sent, awaiting response... 304 Not Modified
File ‘mirror/web.engr.oregonstate.edu/~mjb/cs519v/Projects/proj04.html’ not modified on server. Omitting download.

--2026-05-28 15:08:24--  https://web.engr.oregonstate.edu/~mjb/cs519v/Projects/proj05.html
Reusing existing connection to web.engr.oregonstate.edu:443.
HTTP request sent, awaiting response... 304 Not Modified
File ‘mirror/web.engr.oregonstate.edu/~mjb/cs519v/Projects/proj05.html’ not modified on server. Omitting download.

--2026-05-28 15:08:24--  https://web.engr.oregonstate.edu/~mjb/cs519v/Tests/test01.html
Reusing existing connection to web.engr.oregonstate.edu:443.
HTTP request sent, awaiting response... 304 Not Modified
File ‘mirror/web.engr.oregonstate.edu/~mjb/cs519v/Tests/test01.html’ not modified on server. Omitting download.

--2026-05-28 15:08:24--  https://web.engr.oregonstate.edu/~mjb/cs519v/Tests/test02.html
Reusing existing connection to web.engr.oregonstate.edu:443.
HTTP request sent, awaiting response... 304 Not Modified
File ‘mirror/web.engr.oregonstate.edu/~mjb/cs519v/Tests/test02.html’ not modified on server. Omitting download.

--2026-05-28 15:08:24--  https://web.engr.oregonstate.edu/~mjb/cs519v/calendar.html
Reusing existing connection to web.engr.oregonstate.edu:443.
HTTP request sent, awaiting response... 304 Not Modified
File ‘mirror/web.engr.oregonstate.edu/~mjb/cs519v/calendar.html’ not modified on server. Omitting download.

--2026-05-28 15:08:24--  https://web.engr.oregonstate.edu/~mjb/cs519v/index.html
Reusing existing connection to web.engr.oregonstate.edu:443.
HTTP request sent, awaiting response... 304 Not Modified
File ‘mirror/web.engr.oregonstate.edu/~mjb/cs519v/index.html’ not modified on server. Omitting download.

--2026-05-28 15:08:24--  https://web.engr.oregonstate.edu/~mjb/cs550/
Reusing existing connection to web.engr.oregonstate.edu:443.
HTTP request sent, awaiting response... 304 Not Modified
File ‘mirror/web.engr.oregonstate.edu/~mjb/cs550/index.html’ not modified on server. Omitting download.

--2026-05-28 15:08:24--  https://web.engr.oregonstate.edu/~mjb/cs550/Projects/paperproject.html
Reusing existing connection to web.engr.oregonstate.edu:443.
HTTP request sent, awaiting response... 304 Not Modified
File ‘mirror/web.engr.oregonstate.edu/~mjb/cs550/Projects/paperproject.html’ not modified on server. Omitting download.

--2026-05-28 15:08:24--  https://web.engr.oregonstate.edu/~mjb/cs550/Projects/planettextures.html
Reusing existing connection to web.engr.oregonstate.edu:443.
HTTP request sent, awaiting response... 304 Not Modified
File ‘mirror/web.engr.oregonstate.edu/~mjb/cs550/Projects/planettextures.html’ not modified on server. Omitting download.

--2026-05-28 15:08:24--  https://web.engr.oregonstate.edu/~mjb/cs550/Projects/proj01.html
Reusing existing connection to web.engr.oregonstate.edu:443.
HTTP request sent, awaiting response... 304 Not Modified
File ‘mirror/web.engr.oregonstate.edu/~mjb/cs550/Projects/proj01.html’ not modified on server. Omitting download.

--2026-05-28 15:08:24--  https://web.engr.oregonstate.edu/~mjb/cs550/Projects/proj02.html
Reusing existing connection to web.engr.oregonstate.edu:443.
HTTP request sent, awaiting response... 304 Not Modified
File ‘mirror/web.engr.oregonstate.edu/~mjb/cs550/Projects/proj02.html’ not modified on server. Omitting download.

--2026-05-28 15:08:24--  https://web.engr.oregonstate.edu/~mjb/cs550/Projects/proj03.html
Reusing existing connection to web.engr.oregonstate.edu:443.
HTTP request sent, awaiting response... 304 Not Modified
File ‘mirror/web.engr.oregonstate.edu/~mjb/cs550/Projects/proj03.html’ not modified on server. Omitting download.

--2026-05-28 15:08:24--  https://web.engr.oregonstate.edu/~mjb/cs550/Projects/proj04.html
Reusing existing connection to web.engr.oregonstate.edu:443.
HTTP request sent, awaiting response... 304 Not Modified
File ‘mirror/web.engr.oregonstate.edu/~mjb/cs550/Projects/proj04.html’ not modified on server. Omitting download.

--2026-05-28 15:08:24--  https://web.engr.oregonstate.edu/~mjb/cs550/Projects/proj05.html
Reusing existing connection to web.engr.oregonstate.edu:443.
HTTP request sent, awaiting response... 304 Not Modified
File ‘mirror/web.engr.oregonstate.edu/~mjb/cs550/Projects/proj05.html’ not modified on server. Omitting download.

--2026-05-28 15:08:24--  https://web.engr.oregonstate.edu/~mjb/cs550/Projects/proj06.html
Reusing existing connection to web.engr.oregonstate.edu:443.
HTTP request sent, awaiting response... 304 Not Modified
File ‘mirror/web.engr.oregonstate.edu/~mjb/cs550/Projects/proj06.html’ not modified on server. Omitting download.

--2026-05-28 15:08:24--  https://web.engr.oregonstate.edu/~mjb/cs550/Projects/proj07.html
Reusing existing connection to web.engr.oregonstate.edu:443.
HTTP request sent, awaiting response... 304 Not Modified
File ‘mirror/web.engr.oregonstate.edu/~mjb/cs550/Projects/proj07.html’ not modified on server. Omitting download.

--2026-05-28 15:08:24--  https://web.engr.oregonstate.edu/~mjb/cs550/Tests/test01.html
Reusing existing connection to web.engr.oregonstate.edu:443.
HTTP request sent, awaiting response... 304 Not Modified
File ‘mirror/web.engr.oregonstate.edu/~mjb/cs550/Tests/test01.html’ not modified on server. Omitting download.

--2026-05-28 15:08:25--  https://web.engr.oregonstate.edu/~mjb/cs550/Tests/test02.html
Reusing existing connection to web.engr.oregonstate.edu:443.
HTTP request sent, awaiting response... 304 Not Modified
File ‘mirror/web.engr.oregonstate.edu/~mjb/cs550/Tests/test02.html’ not modified on server. Omitting download.

--2026-05-28 15:08:25--  https://web.engr.oregonstate.edu/~mjb/cs550/calendar.html
Reusing existing connection to web.engr.oregonstate.edu:443.
HTTP request sent, awaiting response... 304 Not Modified
File ‘mirror/web.engr.oregonstate.edu/~mjb/cs550/calendar.html’ not modified on server. Omitting download.

--2026-05-28 15:08:25--  https://web.engr.oregonstate.edu/~mjb/cs550/index.html
Reusing existing connection to web.engr.oregonstate.edu:443.
HTTP request sent, awaiting response... 304 Not Modified
File ‘mirror/web.engr.oregonstate.edu/~mjb/cs550/index.html’ not modified on server. Omitting download.

--2026-05-28 15:08:25--  https://web.engr.oregonstate.edu/~mjb/cs550/lookingglassquilts.html
Reusing existing connection to web.engr.oregonstate.edu:443.
HTTP request sent, awaiting response... 304 Not Modified
File ‘mirror/web.engr.oregonstate.edu/~mjb/cs550/lookingglassquilts.html’ not modified on server. Omitting download.

--2026-05-28 15:08:25--  https://web.engr.oregonstate.edu/~mjb/cs553/
Reusing existing connection to web.engr.oregonstate.edu:443.
HTTP request sent, awaiting response... 304 Not Modified
File ‘mirror/web.engr.oregonstate.edu/~mjb/cs553/index.html’ not modified on server. Omitting download.

--2026-05-28 15:08:25--  https://web.engr.oregonstate.edu/~mjb/cs553/Projects/dataproject.html
Reusing existing connection to web.engr.oregonstate.edu:443.
HTTP request sent, awaiting response... 304 Not Modified
File ‘mirror/web.engr.oregonstate.edu/~mjb/cs553/Projects/dataproject.html’ not modified on server. Omitting download.

--2026-05-28 15:08:25--  https://web.engr.oregonstate.edu/~mjb/cs553/Projects/proj01.html
Reusing existing connection to web.engr.oregonstate.edu:443.
HTTP request sent, awaiting response... 304 Not Modified
File ‘mirror/web.engr.oregonstate.edu/~mjb/cs553/Projects/proj01.html’ not modified on server. Omitting download.

--2026-05-28 15:08:25--  https://web.engr.oregonstate.edu/~mjb/cs553/Projects/proj02.html
Reusing existing connection to web.engr.oregonstate.edu:443.
HTTP request sent, awaiting response... 304 Not Modified
File ‘mirror/web.engr.oregonstate.edu/~mjb/cs553/Projects/proj02.html’ not modified on server. Omitting download.

--2026-05-28 15:08:25--  https://web.engr.oregonstate.edu/~mjb/cs553/Projects/proj03.html
Reusing existing connection to web.engr.oregonstate.edu:443.
HTTP request sent, awaiting response... 304 Not Modified
File ‘mirror/web.engr.oregonstate.edu/~mjb/cs553/Projects/proj03.html’ not modified on server. Omitting download.

--2026-05-28 15:08:25--  https://web.engr.oregonstate.edu/~mjb/cs553/Projects/proj04.html
Reusing existing connection to web.engr.oregonstate.edu:443.
HTTP request sent, awaiting response... 304 Not Modified
File ‘mirror/web.engr.oregonstate.edu/~mjb/cs553/Projects/proj04.html’ not modified on server. Omitting download.

--2026-05-28 15:08:25--  https://web.engr.oregonstate.edu/~mjb/cs553/Projects/proj05.html
Reusing existing connection to web.engr.oregonstate.edu:443.
HTTP request sent, awaiting response... 304 Not Modified
File ‘mirror/web.engr.oregonstate.edu/~mjb/cs553/Projects/proj05.html’ not modified on server. Omitting download.

--2026-05-28 15:08:25--  https://web.engr.oregonstate.edu/~mjb/cs553/Projects/proj06.html
Reusing existing connection to web.engr.oregonstate.edu:443.
HTTP request sent, awaiting response... 304 Not Modified
File ‘mirror/web.engr.oregonstate.edu/~mjb/cs553/Projects/proj06.html’ not modified on server. Omitting download.

--2026-05-28 15:08:25--  https://web.engr.oregonstate.edu/~mjb/cs553/Projects/proj07.html
Reusing existing connection to web.engr.oregonstate.edu:443.
HTTP request sent, awaiting response... 304 Not Modified
File ‘mirror/web.engr.oregonstate.edu/~mjb/cs553/Projects/proj07.html’ not modified on server. Omitting download.

--2026-05-28 15:08:25--  https://web.engr.oregonstate.edu/~mjb/cs553/Projects/proj08.html
Reusing existing connection to web.engr.oregonstate.edu:443.
HTTP request sent, awaiting response... 304 Not Modified
File ‘mirror/web.engr.oregonstate.edu/~mjb/cs553/Projects/proj08.html’ not modified on server. Omitting download.

--2026-05-28 15:08:25--  https://web.engr.oregonstate.edu/~mjb/cs553/Tests/test01.html
Reusing existing connection to web.engr.oregonstate.edu:443.
HTTP request sent, awaiting response... 304 Not Modified
File ‘mirror/web.engr.oregonstate.edu/~mjb/cs553/Tests/test01.html’ not modified on server. Omitting download.

--2026-05-28 15:08:25--  https://web.engr.oregonstate.edu/~mjb/cs553/Tests/test02.html
Reusing existing connection to web.engr.oregonstate.edu:443.
HTTP request sent, awaiting response... 304 Not Modified
File ‘mirror/web.engr.oregonstate.edu/~mjb/cs553/Tests/test02.html’ not modified on server. Omitting download.

--2026-05-28 15:08:25--  https://web.engr.oregonstate.edu/~mjb/cs553/calendar.html
Reusing existing connection to web.engr.oregonstate.edu:443.
HTTP request sent, awaiting response... 304 Not Modified
File ‘mirror/web.engr.oregonstate.edu/~mjb/cs553/calendar.html’ not modified on server. Omitting download.

--2026-05-28 15:08:25--  https://web.engr.oregonstate.edu/~mjb/cs553/gettingglut.html
Reusing existing connection to web.engr.oregonstate.edu:443.
HTTP request sent, awaiting response... 304 Not Modified
File ‘mirror/web.engr.oregonstate.edu/~mjb/cs553/gettingglut.html’ not modified on server. Omitting download.

--2026-05-28 15:08:26--  https://web.engr.oregonstate.edu/~mjb/cs553/index.html
Reusing existing connection to web.engr.oregonstate.edu:443.
HTTP request sent, awaiting response... 304 Not Modified
File ‘mirror/web.engr.oregonstate.edu/~mjb/cs553/index.html’ not modified on server. Omitting download.

--2026-05-28 15:08:26--  https://web.engr.oregonstate.edu/~mjb/cs553/vhr.html
Reusing existing connection to web.engr.oregonstate.edu:443.
HTTP request sent, awaiting response... 304 Not Modified
File ‘mirror/web.engr.oregonstate.edu/~mjb/cs553/vhr.html’ not modified on server. Omitting download.

--2026-05-28 15:08:26--  https://web.engr.oregonstate.edu/~mjb/cs557/
Reusing existing connection to web.engr.oregonstate.edu:443.
HTTP request sent, awaiting response... 304 Not Modified
File ‘mirror/web.engr.oregonstate.edu/~mjb/cs557/index.html’ not modified on server. Omitting download.

--2026-05-28 15:08:26--  https://web.engr.oregonstate.edu/~mjb/cs557/Obj/index.html
Reusing existing connection to web.engr.oregonstate.edu:443.
HTTP request sent, awaiting response... 404 Not Found
2026-05-28 15:08:26 ERROR 404: Not Found.

--2026-05-28 15:08:26--  https://web.engr.oregonstate.edu/~mjb/cs557/Projects/finalproject.html
Reusing existing connection to web.engr.oregonstate.edu:443.
HTTP request sent, awaiting response... 304 Not Modified
File ‘mirror/web.engr.oregonstate.edu/~mjb/cs557/Projects/finalproject.html’ not modified on server. Omitting download.

--2026-05-28 15:08:26--  https://web.engr.oregonstate.edu/~mjb/cs557/Projects/paperproject.html
Reusing existing connection to web.engr.oregonstate.edu:443.
HTTP request sent, awaiting response... 304 Not Modified
File ‘mirror/web.engr.oregonstate.edu/~mjb/cs557/Projects/paperproject.html’ not modified on server. Omitting download.

--2026-05-28 15:08:26--  https://web.engr.oregonstate.edu/~mjb/cs557/Projects/proj01.html
Reusing existing connection to web.engr.oregonstate.edu:443.
HTTP request sent, awaiting response... 304 Not Modified
File ‘mirror/web.engr.oregonstate.edu/~mjb/cs557/Projects/proj01.html’ not modified on server. Omitting download.

--2026-05-28 15:08:26--  https://web.engr.oregonstate.edu/~mjb/cs557/Projects/proj02.html
Reusing existing connection to web.engr.oregonstate.edu:443.
HTTP request sent, awaiting response... 304 Not Modified
File ‘mirror/web.engr.oregonstate.edu/~mjb/cs557/Projects/proj02.html’ not modified on server. Omitting download.

--2026-05-28 15:08:26--  https://web.engr.oregonstate.edu/~mjb/cs557/Projects/proj03A.html
Reusing existing connection to web.engr.oregonstate.edu:443.
HTTP request sent, awaiting response... 304 Not Modified
File ‘mirror/web.engr.oregonstate.edu/~mjb/cs557/Projects/proj03A.html’ not modified on server. Omitting download.

--2026-05-28 15:08:26--  https://web.engr.oregonstate.edu/~mjb/cs557/Projects/proj03B.html
Reusing existing connection to web.engr.oregonstate.edu:443.
HTTP request sent, awaiting response... 304 Not Modified
File ‘mirror/web.engr.oregonstate.edu/~mjb/cs557/Projects/proj03B.html’ not modified on server. Omitting download.

--2026-05-28 15:08:26--  https://web.engr.oregonstate.edu/~mjb/cs557/Projects/proj04.html
Reusing existing connection to web.engr.oregonstate.edu:443.
HTTP request sent, awaiting response... 304 Not Modified
File ‘mirror/web.engr.oregonstate.edu/~mjb/cs557/Projects/proj04.html’ not modified on server. Omitting download.

--2026-05-28 15:08:26--  https://web.engr.oregonstate.edu/~mjb/cs557/Projects/proj05.html
Reusing existing connection to web.engr.oregonstate.edu:443.
HTTP request sent, awaiting response... 304 Not Modified
File ‘mirror/web.engr.oregonstate.edu/~mjb/cs557/Projects/proj05.html’ not modified on server. Omitting download.

--2026-05-28 15:08:26--  https://web.engr.oregonstate.edu/~mjb/cs557/Projects/proj06.html
Reusing existing connection to web.engr.oregonstate.edu:443.
HTTP request sent, awaiting response... 304 Not Modified
File ‘mirror/web.engr.oregonstate.edu/~mjb/cs557/Projects/proj06.html’ not modified on server. Omitting download.

--2026-05-28 15:08:26--  https://web.engr.oregonstate.edu/~mjb/cs557/Projects/proj07A.html
Reusing existing connection to web.engr.oregonstate.edu:443.
HTTP request sent, awaiting response... 304 Not Modified
File ‘mirror/web.engr.oregonstate.edu/~mjb/cs557/Projects/proj07A.html’ not modified on server. Omitting download.

--2026-05-28 15:08:26--  https://web.engr.oregonstate.edu/~mjb/cs557/Projects/proj07B.html
Reusing existing connection to web.engr.oregonstate.edu:443.
HTTP request sent, awaiting response... 304 Not Modified
File ‘mirror/web.engr.oregonstate.edu/~mjb/cs557/Projects/proj07B.html’ not modified on server. Omitting download.

--2026-05-28 15:08:26--  https://web.engr.oregonstate.edu/~mjb/cs557/Tests/test01.html
Reusing existing connection to web.engr.oregonstate.edu:443.
HTTP request sent, awaiting response... 304 Not Modified
File ‘mirror/web.engr.oregonstate.edu/~mjb/cs557/Tests/test01.html’ not modified on server. Omitting download.

--2026-05-28 15:08:27--  https://web.engr.oregonstate.edu/~mjb/cs557/Tests/test02.html
Reusing existing connection to web.engr.oregonstate.edu:443.
HTTP request sent, awaiting response... 304 Not Modified
File ‘mirror/web.engr.oregonstate.edu/~mjb/cs557/Tests/test02.html’ not modified on server. Omitting download.

--2026-05-28 15:08:27--  https://web.engr.oregonstate.edu/~mjb/cs557/calendar.html
Reusing existing connection to web.engr.oregonstate.edu:443.
HTTP request sent, awaiting response... 304 Not Modified
File ‘mirror/web.engr.oregonstate.edu/~mjb/cs557/calendar.html’ not modified on server. Omitting download.

--2026-05-28 15:08:27--  https://web.engr.oregonstate.edu/~mjb/cs557/index.html
Reusing existing connection to web.engr.oregonstate.edu:443.
HTTP request sent, awaiting response... 304 Not Modified
File ‘mirror/web.engr.oregonstate.edu/~mjb/cs557/index.html’ not modified on server. Omitting download.

--2026-05-28 15:08:27--  https://web.engr.oregonstate.edu/~mjb/cs575/
Reusing existing connection to web.engr.oregonstate.edu:443.
HTTP request sent, awaiting response... 304 Not Modified
File ‘mirror/web.engr.oregonstate.edu/~mjb/cs575/index.html’ not modified on server. Omitting download.

--2026-05-28 15:08:27--  https://web.engr.oregonstate.edu/~mjb/cs575/Projects/paper.html
Reusing existing connection to web.engr.oregonstate.edu:443.
HTTP request sent, awaiting response... 304 Not Modified
File ‘mirror/web.engr.oregonstate.edu/~mjb/cs575/Projects/paper.html’ not modified on server. Omitting download.

--2026-05-28 15:08:28--  https://web.engr.oregonstate.edu/~mjb/cs575/Projects/proj00.html
Reusing existing connection to web.engr.oregonstate.edu:443.
HTTP request sent, awaiting response... 304 Not Modified
File ‘mirror/web.engr.oregonstate.edu/~mjb/cs575/Projects/proj00.html’ not modified on server. Omitting download.

--2026-05-28 15:08:28--  https://web.engr.oregonstate.edu/~mjb/cs575/Projects/proj01.html
Reusing existing connection to web.engr.oregonstate.edu:443.
HTTP request sent, awaiting response... 304 Not Modified
File ‘mirror/web.engr.oregonstate.edu/~mjb/cs575/Projects/proj01.html’ not modified on server. Omitting download.

--2026-05-28 15:08:28--  https://web.engr.oregonstate.edu/~mjb/cs575/Projects/proj02.html
Reusing existing connection to web.engr.oregonstate.edu:443.
HTTP request sent, awaiting response... 304 Not Modified
File ‘mirror/web.engr.oregonstate.edu/~mjb/cs575/Projects/proj02.html’ not modified on server. Omitting download.

--2026-05-28 15:08:28--  https://web.engr.oregonstate.edu/~mjb/cs575/Projects/proj03.html
Reusing existing connection to web.engr.oregonstate.edu:443.
HTTP request sent, awaiting response... 304 Not Modified
File ‘mirror/web.engr.oregonstate.edu/~mjb/cs575/Projects/proj03.html’ not modified on server. Omitting download.

--2026-05-28 15:08:28--  https://web.engr.oregonstate.edu/~mjb/cs575/Projects/proj04.html
Reusing existing connection to web.engr.oregonstate.edu:443.
HTTP request sent, awaiting response... 304 Not Modified
File ‘mirror/web.engr.oregonstate.edu/~mjb/cs575/Projects/proj04.html’ not modified on server. Omitting download.

--2026-05-28 15:08:28--  https://web.engr.oregonstate.edu/~mjb/cs575/Projects/proj05.html
Reusing existing connection to web.engr.oregonstate.edu:443.
HTTP request sent, awaiting response... 304 Not Modified
File ‘mirror/web.engr.oregonstate.edu/~mjb/cs575/Projects/proj05.html’ not modified on server. Omitting download.

--2026-05-28 15:08:28--  https://web.engr.oregonstate.edu/~mjb/cs575/Projects/proj06.html
Reusing existing connection to web.engr.oregonstate.edu:443.
HTTP request sent, awaiting response... 304 Not Modified
File ‘mirror/web.engr.oregonstate.edu/~mjb/cs575/Projects/proj06.html’ not modified on server. Omitting download.

--2026-05-28 15:08:28--  https://web.engr.oregonstate.edu/~mjb/cs575/Projects/proj07.html
Reusing existing connection to web.engr.oregonstate.edu:443.
HTTP request sent, awaiting response... 304 Not Modified
File ‘mirror/web.engr.oregonstate.edu/~mjb/cs575/Projects/proj07.html’ not modified on server. Omitting download.

--2026-05-28 15:08:28--  https://web.engr.oregonstate.edu/~mjb/cs575/Tests/test01.html
Reusing existing connection to web.engr.oregonstate.edu:443.
HTTP request sent, awaiting response... 304 Not Modified
File ‘mirror/web.engr.oregonstate.edu/~mjb/cs575/Tests/test01.html’ not modified on server. Omitting download.

--2026-05-28 15:08:28--  https://web.engr.oregonstate.edu/~mjb/cs575/Tests/test02.html
Reusing existing connection to web.engr.oregonstate.edu:443.
HTTP request sent, awaiting response... 304 Not Modified
File ‘mirror/web.engr.oregonstate.edu/~mjb/cs575/Tests/test02.html’ not modified on server. Omitting download.

--2026-05-28 15:08:28--  https://web.engr.oregonstate.edu/~mjb/cs575/calendar.html
Reusing existing connection to web.engr.oregonstate.edu:443.
HTTP request sent, awaiting response... 304 Not Modified
File ‘mirror/web.engr.oregonstate.edu/~mjb/cs575/calendar.html’ not modified on server. Omitting download.

--2026-05-28 15:08:29--  https://web.engr.oregonstate.edu/~mjb/cs575/handouts.html
Reusing existing connection to web.engr.oregonstate.edu:443.
HTTP request sent, awaiting response... 304 Not Modified
File ‘mirror/web.engr.oregonstate.edu/~mjb/cs575/handouts.html’ not modified on server. Omitting download.

--2026-05-28 15:08:29--  https://web.engr.oregonstate.edu/~mjb/cs575/index.html
Reusing existing connection to web.engr.oregonstate.edu:443.
HTTP request sent, awaiting response... 304 Not Modified
File ‘mirror/web.engr.oregonstate.edu/~mjb/cs575/index.html’ not modified on server. Omitting download.

--2026-05-28 15:08:29--  https://web.engr.oregonstate.edu/~mjb/cs575/myresumeadvice.html
Reusing existing connection to web.engr.oregonstate.edu:443.
HTTP request sent, awaiting response... 304 Not Modified
File ‘mirror/web.engr.oregonstate.edu/~mjb/cs575/myresumeadvice.html’ not modified on server. Omitting download.

--2026-05-28 15:08:29--  https://web.engr.oregonstate.edu/~mjb/cs575c/OpenclFiles/PrintInfo.exe
Reusing existing connection to web.engr.oregonstate.edu:443.
HTTP request sent, awaiting response... 304 Not Modified
File ‘mirror/web.engr.oregonstate.edu/~mjb/cs575c/OpenclFiles/PrintInfo.exe’ not modified on server. Omitting download.

--2026-05-28 15:08:29--  https://web.engr.oregonstate.edu/~mjb/cs575c/OpenclFiles/printinfo
Reusing existing connection to web.engr.oregonstate.edu:443.
HTTP request sent, awaiting response... 304 Not Modified
File ‘mirror/web.engr.oregonstate.edu/~mjb/cs575c/OpenclFiles/printinfo’ not modified on server. Omitting download.

--2026-05-28 15:08:29--  https://web.engr.oregonstate.edu/~mjb/cs575c/OpenclFiles/printinfo.cl
Reusing existing connection to web.engr.oregonstate.edu:443.
HTTP request sent, awaiting response... 304 Not Modified
File ‘mirror/web.engr.oregonstate.edu/~mjb/cs575c/OpenclFiles/printinfo.cl’ not modified on server. Omitting download.

--2026-05-28 15:08:29--  https://web.engr.oregonstate.edu/~mjb/cs575c/OpenclFiles/printinfo.cpp
Reusing existing connection to web.engr.oregonstate.edu:443.
HTTP request sent, awaiting response... 304 Not Modified
File ‘mirror/web.engr.oregonstate.edu/~mjb/cs575c/OpenclFiles/printinfo.cpp’ not modified on server. Omitting download.

--2026-05-28 15:08:29--  https://web.engr.oregonstate.edu/~mjb/cs575c/errorcodes.cpp
Reusing existing connection to web.engr.oregonstate.edu:443.
HTTP request sent, awaiting response... 304 Not Modified
File ‘mirror/web.engr.oregonstate.edu/~mjb/cs575c/errorcodes.cpp’ not modified on server. Omitting download.

--2026-05-28 15:08:29--  https://web.engr.oregonstate.edu/~mjb/paraview
Reusing existing connection to web.engr.oregonstate.edu:443.
HTTP request sent, awaiting response... 301 Moved Permanently
Location: https://web.engr.oregonstate.edu/~mjb/paraview/ [following]
--2026-05-28 15:08:29--  https://web.engr.oregonstate.edu/~mjb/paraview/
Reusing existing connection to web.engr.oregonstate.edu:443.
HTTP request sent, awaiting response... 200 OK
Length: 7347 (7.2K) [text/html]
mirror/web.engr.oregonstate.edu/~mjb/paraview: Is a directory

Cannot write to ‘mirror/web.engr.oregonstate.edu/~mjb/paraview’ (Is a directory).
--2026-05-28 15:08:29--  https://web.engr.oregonstate.edu/~mjb/paraview/
Connecting to web.engr.oregonstate.edu (web.engr.oregonstate.edu)|128.193.40.12|:443... connected.
HTTP request sent, awaiting response... 304 Not Modified
File ‘mirror/web.engr.oregonstate.edu/~mjb/paraview/index.html’ not modified on server. Omitting download.

--2026-05-28 15:08:29--  https://web.engr.oregonstate.edu/~mjb/processing
Reusing existing connection to web.engr.oregonstate.edu:443.
HTTP request sent, awaiting response... 301 Moved Permanently
Location: https://web.engr.oregonstate.edu/~mjb/processing/ [following]
--2026-05-28 15:08:30--  https://web.engr.oregonstate.edu/~mjb/processing/
Reusing existing connection to web.engr.oregonstate.edu:443.
HTTP request sent, awaiting response... 200 OK
Length: 15671 (15K) [text/html]
mirror/web.engr.oregonstate.edu/~mjb/processing: Is a directory

Cannot write to ‘mirror/web.engr.oregonstate.edu/~mjb/processing’ (Is a directory).
--2026-05-28 15:08:30--  https://web.engr.oregonstate.edu/~mjb/scratch
Connecting to web.engr.oregonstate.edu (web.engr.oregonstate.edu)|128.193.40.12|:443... connected.
HTTP request sent, awaiting response... 301 Moved Permanently
Location: https://web.engr.oregonstate.edu/~mjb/scratch/ [following]
--2026-05-28 15:08:30--  https://web.engr.oregonstate.edu/~mjb/scratch/
Reusing existing connection to web.engr.oregonstate.edu:443.
HTTP request sent, awaiting response... 200 OK
Length: 12467 (12K) [text/html]
mirror/web.engr.oregonstate.edu/~mjb/scratch: Is a directory

Cannot write to ‘mirror/web.engr.oregonstate.edu/~mjb/scratch’ (Is a directory).
--2026-05-28 15:08:30--  https://web.engr.oregonstate.edu/~mjb/sketchup
Connecting to web.engr.oregonstate.edu (web.engr.oregonstate.edu)|128.193.40.12|:443... connected.
HTTP request sent, awaiting response... 301 Moved Permanently
Location: https://web.engr.oregonstate.edu/~mjb/sketchup/ [following]
--2026-05-28 15:08:30--  https://web.engr.oregonstate.edu/~mjb/sketchup/
Reusing existing connection to web.engr.oregonstate.edu:443.
HTTP request sent, awaiting response... 200 OK
Length: 6769 (6.6K) [text/html]
mirror/web.engr.oregonstate.edu/~mjb/sketchup: Is a directory

Cannot write to ‘mirror/web.engr.oregonstate.edu/~mjb/sketchup’ (Is a directory).
--2026-05-28 15:08:30--  https://web.engr.oregonstate.edu/~mjb/tinkercad
Connecting to web.engr.oregonstate.edu (web.engr.oregonstate.edu)|128.193.40.12|:443... connected.
HTTP request sent, awaiting response... 301 Moved Permanently
Location: https://web.engr.oregonstate.edu/~mjb/tinkercad/ [following]
--2026-05-28 15:08:30--  https://web.engr.oregonstate.edu/~mjb/tinkercad/
Reusing existing connection to web.engr.oregonstate.edu:443.
HTTP request sent, awaiting response... 200 OK
Length: 6266 (6.1K) [text/html]
mirror/web.engr.oregonstate.edu/~mjb/tinkercad: Is a directory

Cannot write to ‘mirror/web.engr.oregonstate.edu/~mjb/tinkercad’ (Is a directory).
--2026-05-28 15:08:30--  https://web.engr.oregonstate.edu/~mjb/vulkan
Connecting to web.engr.oregonstate.edu (web.engr.oregonstate.edu)|128.193.40.12|:443... connected.
HTTP request sent, awaiting response... 301 Moved Permanently
Location: https://web.engr.oregonstate.edu/~mjb/vulkan/ [following]
--2026-05-28 15:08:30--  https://web.engr.oregonstate.edu/~mjb/vulkan/
Reusing existing connection to web.engr.oregonstate.edu:443.
HTTP request sent, awaiting response... 200 OK
Length: 25875 (25K) [text/html]
mirror/web.engr.oregonstate.edu/~mjb/vulkan: Is a directory

Cannot write to ‘mirror/web.engr.oregonstate.edu/~mjb/vulkan’ (Is a directory).
--2026-05-28 15:08:30--  https://web.engr.oregonstate.edu/~mjb/vulkan/Handouts/AccelerationStructures.1pp.pdf
Connecting to web.engr.oregonstate.edu (web.engr.oregonstate.edu)|128.193.40.12|:443... connected.
HTTP request sent, awaiting response... 200 OK
Length: 905229 (884K) [application/pdf]
Saving to: ‘mirror/web.engr.oregonstate.edu/~mjb/vulkan/Handouts/AccelerationStructures.1pp.pdf’

     0K .......... .......... .......... .......... ..........  5% 2.73M 0s
    50K .......... .......... .......... .......... .......... 11% 2.09M 0s
   100K .......... .......... .......... .......... .......... 16% 2.16M 0s
   150K .......... .......... .......... .......... .......... 22% 3.13M 0s
   200K .......... .......... .......... .......... .......... 28% 3.24M 0s
   250K .......... .......... .......... .......... .......... 33% 2.94M 0s
   300K .......... .......... .......... .......... .......... 39% 3.10M 0s
   350K .......... .......... .......... .......... .......... 45% 3.21M 0s
   400K .......... .......... .......... .......... .......... 50% 2.16M 0s
   450K .......... .......... .......... .......... .......... 56% 3.06M 0s
   500K .......... .......... .......... .......... .......... 62% 1.33M 0s
   550K .......... .......... .......... .......... .......... 67% 2.13M 0s
   600K .......... .......... .......... .......... .......... 73%  770K 0s
   650K .......... .......... .......... .......... .......... 79%  879K 0s
   700K .......... .......... .......... .......... .......... 84% 1.91M 0s
   750K .......... .......... .......... .......... .......... 90%  596K 0s
   800K .......... .......... .......... .......... .......... 96% 1.01M 0s
   850K .......... .......... .......... ....                 100%  849K=0.6s

2026-05-28 15:08:31 (1.54 MB/s) - ‘mirror/web.engr.oregonstate.edu/~mjb/vulkan/Handouts/AccelerationStructures.1pp.pdf’ saved [905229/905229]

--2026-05-28 15:08:31--  https://web.engr.oregonstate.edu/~mjb/vulkan/Handouts/AccelerationStructures.2pp.pdf
Reusing existing connection to web.engr.oregonstate.edu:443.
HTTP request sent, awaiting response... 200 OK
Length: 991367 (968K) [application/pdf]
Saving to: ‘mirror/web.engr.oregonstate.edu/~mjb/vulkan/Handouts/AccelerationStructures.2pp.pdf’

     0K .......... .......... .......... .......... ..........  5% 2.10M 0s
    50K .......... .......... .......... .......... .......... 10%  795K 1s
   100K .......... .......... .......... .......... .......... 15%  497K 1s
   150K .......... .......... .......... .......... .......... 20%  905K 1s
   200K .......... .......... .......... .......... .......... 25%  642K 1s
   250K .......... .......... .......... .......... .......... 30%  407K 1s
   300K .......... .......... .......... .......... .......... 36%  307K 1s
   350K .......... .......... .......... .......... .......... 41%  502K 1s
   400K .......... .......... .......... .......... .......... 46%  808K 1s
   450K .......... .......... .......... .......... .......... 51% 1.79M 1s
   500K .......... .......... .......... .......... .......... 56%  616K 1s
   550K .......... .......... .......... .......... .......... 61%  984K 1s
   600K .......... .......... .......... .......... .......... 67% 1.17M 0s
   650K .......... .......... .......... .......... .......... 72%  358K 0s
   700K .......... .......... .......... .......... .......... 77%  390K 0s
   750K .......... .......... .......... .......... .......... 82%  632K 0s
   800K .......... .......... .......... .......... .......... 87%  303K 0s
   850K .......... .......... .......... .......... .......... 92%  322K 0s
   900K .......... .......... .......... .......... .......... 98% 1.53M 0s
   950K .......... ........                                   100% 1.75M=1.7s

2026-05-28 15:08:33 (577 KB/s) - ‘mirror/web.engr.oregonstate.edu/~mjb/vulkan/Handouts/AccelerationStructures.2pp.pdf’ saved [991367/991367]

--2026-05-28 15:08:33--  https://web.engr.oregonstate.edu/~mjb/vulkan/Handouts/AccelerationStructures.4pp.pdf
Reusing existing connection to web.engr.oregonstate.edu:443.
HTTP request sent, awaiting response... 200 OK
Length: 946226 (924K) [application/pdf]
Saving to: ‘mirror/web.engr.oregonstate.edu/~mjb/vulkan/Handouts/AccelerationStructures.4pp.pdf’

     0K .......... .......... .......... .......... ..........  5% 3.33M 0s
    50K .......... .......... .......... .......... .......... 10% 3.71M 0s
   100K .......... .......... .......... .......... .......... 16%  841K 0s
   150K .......... .......... .......... .......... .......... 21% 2.30M 0s
   200K .......... .......... .......... .......... .......... 27% 1.60M 0s
   250K .......... .......... .......... .......... .......... 32% 1.08M 0s
   300K .......... .......... .......... .......... .......... 37%  748K 0s
   350K .......... .......... .......... .......... .......... 43%  788K 0s
   400K .......... .......... .......... .......... .......... 48%  572K 0s
   450K .......... .......... .......... .......... .......... 54%  683K 0s
   500K .......... .......... .......... .......... .......... 59%  318K 0s
   550K .......... .......... .......... .......... .......... 64%  502K 0s
   600K .......... .......... .......... .......... .......... 70%  841K 0s
   650K .......... .......... .......... .......... .......... 75%  921K 0s
   700K .......... .......... .......... .......... .......... 81% 1.58M 0s
   750K .......... .......... .......... .......... .......... 86% 1.24M 0s
   800K .......... .......... .......... .......... .......... 91% 2.78M 0s
   850K .......... .......... .......... .......... .......... 97%  602K 0s
   900K .......... .......... ....                            100% 1.33M=1.0s

2026-05-28 15:08:34 (893 KB/s) - ‘mirror/web.engr.oregonstate.edu/~mjb/vulkan/Handouts/AccelerationStructures.4pp.pdf’ saved [946226/946226]

--2026-05-28 15:08:34--  https://web.engr.oregonstate.edu/~mjb/vulkan/Handouts/AccelerationStructures.6pp.pdf
Reusing existing connection to web.engr.oregonstate.edu:443.
HTTP request sent, awaiting response... 200 OK
Length: 927266 (906K) [application/pdf]
Saving to: ‘mirror/web.engr.oregonstate.edu/~mjb/vulkan/Handouts/AccelerationStructures.6pp.pdf’

     0K .......... .......... .......... .......... ..........  5%  964K 1s
    50K .......... .......... .......... .......... .......... 11%  693K 1s
   100K .......... .......... .......... .......... .......... 16% 1.22M 1s
   150K .......... .......... .......... .......... .......... 22% 1.18M 1s
   200K .......... .......... .......... .......... .......... 27% 1.13M 1s
   250K .......... .......... .......... .......... .......... 33%  628K 1s
   300K .......... .......... .......... .......... .......... 38% 1.04M 1s
   350K .......... .......... .......... .......... .......... 44% 1.13M 1s
   400K .......... .......... .......... .......... .......... 49% 1.03M 0s
   450K .......... .......... .......... .......... .......... 55%  647K 0s
   500K .......... .......... .......... .......... .......... 60%  780K 0s
   550K .......... .......... .......... .......... .......... 66% 1.24M 0s
   600K .......... .......... .......... .......... .......... 71%  641K 0s
   650K .......... .......... .......... .......... .......... 77% 1.30M 0s
   700K .......... .......... .......... .......... .......... 82%  697K 0s
   750K .......... .......... .......... .......... .......... 88%  794K 0s
   800K .......... .......... .......... .......... .......... 93% 1.05M 0s
   850K .......... .......... .......... .......... .......... 99% 1.06M 0s
   900K .....                                                 100% 43.8M=1.0s

2026-05-28 15:08:35 (915 KB/s) - ‘mirror/web.engr.oregonstate.edu/~mjb/vulkan/Handouts/AccelerationStructures.6pp.pdf’ saved [927266/927266]

--2026-05-28 15:08:35--  https://web.engr.oregonstate.edu/~mjb/vulkan/Handouts/ComputeShaders.1pp.pdf
Reusing existing connection to web.engr.oregonstate.edu:443.
HTTP request sent, awaiting response... 200 OK
Length: 1350559 (1.3M) [application/pdf]
Saving to: ‘mirror/web.engr.oregonstate.edu/~mjb/vulkan/Handouts/ComputeShaders.1pp.pdf’

     0K .......... .......... .......... .......... ..........  3% 1.41M 1s
    50K .......... .......... .......... .......... ..........  7%  934K 1s
   100K .......... .......... .......... .......... .......... 11%  995K 1s
   150K .......... .......... .......... .......... .......... 15%  740K 1s
   200K .......... .......... .......... .......... .......... 18% 1.95M 1s
   250K .......... .......... .......... .......... .......... 22% 4.37M 1s
   300K .......... .......... .......... .......... .......... 26%  724K 1s
   350K .......... .......... .......... .......... .......... 30% 1.24M 1s
   400K .......... .......... .......... .......... .......... 34% 1.39M 1s
   450K .......... .......... .......... .......... .......... 37% 1.17M 1s
   500K .......... .......... .......... .......... .......... 41% 1.24M 1s
   550K .......... .......... .......... .......... .......... 45%  930K 1s
   600K .......... .......... .......... .......... .......... 49%  639K 1s
   650K .......... .......... .......... .......... .......... 53%  845K 1s
   700K .......... .......... .......... .......... .......... 56% 1.87M 1s
   750K .......... .......... .......... .......... .......... 60%  377K 1s
   800K .......... .......... .......... .......... .......... 64%  289K 1s
   850K .......... .......... .......... .......... .......... 68%  747K 0s
   900K .......... .......... .......... .......... .......... 72%  926K 0s
   950K .......... .......... .......... .......... .......... 75% 1.16M 0s
  1000K .......... .......... .......... .......... .......... 79% 1.19M 0s
  1050K .......... .......... .......... .......... .......... 83% 1.05M 0s
  1100K .......... .......... .......... .......... .......... 87%  650K 0s
  1150K .......... .......... .......... .......... .......... 90%  782K 0s
  1200K .......... .......... .......... .......... .......... 94%  413K 0s
  1250K .......... .......... .......... .......... .......... 98%  714K 0s
  1300K .......... ........                                   100%  540K=1.6s

2026-05-28 15:08:37 (821 KB/s) - ‘mirror/web.engr.oregonstate.edu/~mjb/vulkan/Handouts/ComputeShaders.1pp.pdf’ saved [1350559/1350559]

--2026-05-28 15:08:37--  https://web.engr.oregonstate.edu/~mjb/vulkan/Handouts/ComputeShaders.2pp.pdf
Reusing existing connection to web.engr.oregonstate.edu:443.
HTTP request sent, awaiting response... 200 OK
Length: 1428581 (1.4M) [application/pdf]
Saving to: ‘mirror/web.engr.oregonstate.edu/~mjb/vulkan/Handouts/ComputeShaders.2pp.pdf’

     0K .......... .......... .......... .......... ..........  3% 1.37M 1s
    50K .......... .......... .......... .......... ..........  7%  765K 1s
   100K .......... .......... .......... .......... .......... 10% 1.31M 1s
   150K .......... .......... .......... .......... .......... 14%  500K 1s
   200K .......... .......... .......... .......... .......... 17%  760K 1s
   250K .......... .......... .......... .......... .......... 21%  367K 2s
   300K .......... .......... .......... .......... .......... 25%  532K 2s
   350K .......... .......... .......... .......... .......... 28%  351K 2s
   400K .......... .......... .......... .......... .......... 32%  630K 2s
   450K .......... .......... .......... .......... .......... 35% 1.52M 1s
   500K .......... .......... .......... .......... .......... 39% 1.66M 1s
   550K .......... .......... .......... .......... .......... 43% 1.21M 1s
   600K .......... .......... .......... .......... .......... 46%  760K 1s
   650K .......... .......... .......... .......... .......... 50%  872K 1s
   700K .......... .......... .......... .......... .......... 53%  372K 1s
   750K .......... .......... .......... .......... .......... 57%  640K 1s
   800K .......... .......... .......... .......... .......... 60%  464K 1s
   850K .......... .......... .......... .......... .......... 64% 1.18M 1s
   900K .......... .......... .......... .......... .......... 68%  837K 1s
   950K .......... .......... .......... .......... .......... 71% 1.35M 1s
  1000K .......... .......... .......... .......... .......... 75%  738K 0s
  1050K .......... .......... .......... .......... .......... 78%  646K 0s
  1100K .......... .......... .......... .......... .......... 82%  893K 0s
  1150K .......... .......... .......... .......... .......... 86%  497K 0s
  1200K .......... .......... .......... .......... .......... 89%  880K 0s
  1250K .......... .......... .......... .......... .......... 93%  593K 0s
  1300K .......... .......... .......... .......... .......... 96% 2.24M 0s
  1350K .......... .......... .......... .......... .....     100% 1.00M=1.9s

2026-05-28 15:08:39 (717 KB/s) - ‘mirror/web.engr.oregonstate.edu/~mjb/vulkan/Handouts/ComputeShaders.2pp.pdf’ saved [1428581/1428581]

--2026-05-28 15:08:39--  https://web.engr.oregonstate.edu/~mjb/vulkan/Handouts/ComputeShaders.4pp.pdf
Reusing existing connection to web.engr.oregonstate.edu:443.
HTTP request sent, awaiting response... 200 OK
Length: 1413400 (1.3M) [application/pdf]
Saving to: ‘mirror/web.engr.oregonstate.edu/~mjb/vulkan/Handouts/ComputeShaders.4pp.pdf’

     0K .......... .......... .......... .......... ..........  3% 1.48M 1s
    50K .......... .......... .......... .......... ..........  7% 1.19M 1s
   100K .......... .......... .......... .......... .......... 10%  384K 2s
   150K .......... .......... .......... .......... .......... 14% 1.45M 1s
   200K .......... .......... .......... .......... .......... 18%  853K 1s
   250K .......... .......... .......... .......... .......... 21%  520K 1s
   300K .......... .......... .......... .......... .......... 25%  810K 1s
   350K .......... .......... .......... .......... .......... 28% 1.18M 1s
   400K .......... .......... .......... .......... .......... 32% 2.74M 1s
   450K .......... .......... .......... .......... .......... 36%  740K 1s
   500K .......... .......... .......... .......... .......... 39% 1017K 1s
   550K .......... .......... .......... .......... .......... 43%  732K 1s
   600K .......... .......... .......... .......... .......... 47%  715K 1s
   650K .......... .......... .......... .......... .......... 50% 1.07M 1s
   700K .......... .......... .......... .......... .......... 54% 2.28M 1s
   750K .......... .......... .......... .......... .......... 57% 1.85M 1s
   800K .......... .......... .......... .......... .......... 61% 2.17M 1s
   850K .......... .......... .......... .......... .......... 65% 1.92M 0s
   900K .......... .......... .......... .......... .......... 68% 2.91M 0s
   950K .......... .......... .......... .......... .......... 72%  912K 0s
  1000K .......... .......... .......... .......... .......... 76% 1.52M 0s
  1050K .......... .......... .......... .......... .......... 79%  718K 0s
  1100K .......... .......... .......... .......... .......... 83%  776K 0s
  1150K .......... .......... .......... .......... .......... 86%  607K 0s
  1200K .......... .......... .......... .......... .......... 90% 2.34M 0s
  1250K .......... .......... .......... .......... .......... 94% 1.46M 0s
  1300K .......... .......... .......... .......... .......... 97% 1.14M 0s
  1350K .......... .......... ..........                      100% 2.05M=1.3s

2026-05-28 15:08:40 (1.00 MB/s) - ‘mirror/web.engr.oregonstate.edu/~mjb/vulkan/Handouts/ComputeShaders.4pp.pdf’ saved [1413400/1413400]

--2026-05-28 15:08:40--  https://web.engr.oregonstate.edu/~mjb/vulkan/Handouts/ComputeShaders.6pp.pdf
Reusing existing connection to web.engr.oregonstate.edu:443.
HTTP request sent, awaiting response... 200 OK
Length: 1404613 (1.3M) [application/pdf]
Saving to: ‘mirror/web.engr.oregonstate.edu/~mjb/vulkan/Handouts/ComputeShaders.6pp.pdf’

     0K .......... .......... .......... .......... ..........  3% 2.68M 0s
    50K .......... .......... .......... .......... ..........  7% 1.57M 1s
   100K .......... .......... .......... .......... .......... 10% 1.00M 1s
   150K .......... .......... .......... .......... .......... 14% 2.07M 1s
   200K .......... .......... .......... .......... .......... 18% 1.02M 1s
   250K .......... .......... .......... .......... .......... 21%  873K 1s
   300K .......... .......... .......... .......... .......... 25% 1.05M 1s
   350K .......... .......... .......... .......... .......... 29%  866K 1s
   400K .......... .......... .......... .......... .......... 32%  872K 1s
   450K .......... .......... .......... .......... .......... 36% 1.68M 1s
   500K .......... .......... .......... .......... .......... 40%  712K 1s
   550K .......... .......... .......... .......... .......... 43%  668K 1s
   600K .......... .......... .......... .......... .......... 47% 1.00M 1s
   650K .......... .......... .......... .......... .......... 51%  400K 1s
   700K .......... .......... .......... .......... .......... 54%  792K 1s
   750K .......... .......... .......... .......... .......... 58% 1.50M 1s
   800K .......... .......... .......... .......... .......... 61%  888K 1s
   850K .......... .......... .......... .......... .......... 65% 1.55M 0s
   900K .......... .......... .......... .......... .......... 69%  999K 0s
   950K .......... .......... .......... .......... .......... 72%  633K 0s
  1000K .......... .......... .......... .......... .......... 76% 1.73M 0s
  1050K .......... .......... .......... .......... .......... 80%  407K 0s
  1100K .......... .......... .......... .......... .......... 83%  749K 0s
  1150K .......... .......... .......... .......... .......... 87%  318K 0s
  1200K .......... .......... .......... .......... .......... 91%  649K 0s
  1250K .......... .......... .......... .......... .......... 94%  562K 0s
  1300K .......... .......... .......... .......... .......... 98%  683K 0s
  1350K .......... .......... .                               100% 1.21M=1.7s

2026-05-28 15:08:42 (816 KB/s) - ‘mirror/web.engr.oregonstate.edu/~mjb/vulkan/Handouts/ComputeShaders.6pp.pdf’ saved [1404613/1404613]

--2026-05-28 15:08:42--  https://web.engr.oregonstate.edu/~mjb/vulkan/Handouts/DataBuffers.1pp.pdf
Reusing existing connection to web.engr.oregonstate.edu:443.
HTTP request sent, awaiting response... 200 OK
Length: 1174646 (1.1M) [application/pdf]
Saving to: ‘mirror/web.engr.oregonstate.edu/~mjb/vulkan/Handouts/DataBuffers.1pp.pdf’

     0K .......... .......... .......... .......... ..........  4%  926K 1s
    50K .......... .......... .......... .......... ..........  8%  764K 1s
   100K .......... .......... .......... .......... .......... 13%  802K 1s
   150K .......... .......... .......... .......... .......... 17% 1.25M 1s
   200K .......... .......... .......... .......... .......... 21%  626K 1s
   250K .......... .......... .......... .......... .......... 26% 1.57M 1s
   300K .......... .......... .......... .......... .......... 30% 1.11M 1s
   350K .......... .......... .......... .......... .......... 34% 1.21M 1s
   400K .......... .......... .......... .......... .......... 39%  992K 1s
   450K .......... .......... .......... .......... .......... 43%  770K 1s
   500K .......... .......... .......... .......... .......... 47%  658K 1s
   550K .......... .......... .......... .......... .......... 52% 1.01M 1s
   600K .......... .......... .......... .......... .......... 56%  660K 1s
   650K .......... .......... .......... .......... .......... 61%  365K 1s
   700K .......... .......... .......... .......... .......... 65%  577K 1s
   750K .......... .......... .......... .......... .......... 69% 1.06M 0s
   800K .......... .......... .......... .......... .......... 74%  756K 0s
   850K .......... .......... .......... .......... .......... 78%  492K 0s
   900K .......... .......... .......... .......... .......... 82%  962K 0s
   950K .......... .......... .......... .......... .......... 87% 1.69M 0s
  1000K .......... .......... .......... .......... .......... 91%  921K 0s
  1050K .......... .......... .......... .......... .......... 95%  481K 0s
  1100K .......... .......... .......... .......... .......   100%  306K=1.6s

2026-05-28 15:08:43 (734 KB/s) - ‘mirror/web.engr.oregonstate.edu/~mjb/vulkan/Handouts/DataBuffers.1pp.pdf’ saved [1174646/1174646]

--2026-05-28 15:08:44--  https://web.engr.oregonstate.edu/~mjb/vulkan/Handouts/DataBuffers.2pp.pdf
Reusing existing connection to web.engr.oregonstate.edu:443.
HTTP request sent, awaiting response... 200 OK
Length: 1127664 (1.1M) [application/pdf]
Saving to: ‘mirror/web.engr.oregonstate.edu/~mjb/vulkan/Handouts/DataBuffers.2pp.pdf’

     0K .......... .......... .......... .......... ..........  4% 1.11M 1s
    50K .......... .......... .......... .......... ..........  9%  948K 1s
   100K .......... .......... .......... .......... .......... 13% 1.44M 1s
   150K .......... .......... .......... .......... .......... 18% 2.56M 1s
   200K .......... .......... .......... .......... .......... 22% 2.62M 1s
   250K .......... .......... .......... .......... .......... 27% 2.15M 1s
   300K .......... .......... .......... .......... .......... 31% 2.25M 0s
   350K .......... .......... .......... .......... .......... 36%  862K 0s
   400K .......... .......... .......... .......... .......... 40% 1.32M 0s
   450K .......... .......... .......... .......... .......... 45% 1.06M 0s
   500K .......... .......... .......... .......... .......... 49%  636K 0s
   550K .......... .......... .......... .......... .......... 54%  725K 0s
   600K .......... .......... .......... .......... .......... 59% 1.06M 0s
   650K .......... .......... .......... .......... .......... 63% 1.36M 0s
   700K .......... .......... .......... .......... .......... 68% 1.01M 0s
   750K .......... .......... .......... .......... .......... 72% 1.23M 0s
   800K .......... .......... .......... .......... .......... 77% 2.07M 0s
   850K .......... .......... .......... .......... .......... 81% 1.12M 0s
   900K .......... .......... .......... .......... .......... 86%  297K 0s
   950K .......... .......... .......... .......... .......... 90% 1.77M 0s
  1000K .......... .......... .......... .......... .......... 95%  796K 0s
  1050K .......... .......... .......... .......... .......... 99%  959K 0s
  1100K .                                                     100% 1.43M=1.1s

2026-05-28 15:08:45 (1.02 MB/s) - ‘mirror/web.engr.oregonstate.edu/~mjb/vulkan/Handouts/DataBuffers.2pp.pdf’ saved [1127664/1127664]

--2026-05-28 15:08:45--  https://web.engr.oregonstate.edu/~mjb/vulkan/Handouts/DataBuffers.4pp.pdf
Reusing existing connection to web.engr.oregonstate.edu:443.
HTTP request sent, awaiting response... 200 OK
Length: 1064000 (1.0M) [application/pdf]
Saving to: ‘mirror/web.engr.oregonstate.edu/~mjb/vulkan/Handouts/DataBuffers.4pp.pdf’

     0K .......... .......... .......... .......... ..........  4%  426K 2s
    50K .......... .......... .......... .......... ..........  9%  661K 2s
   100K .......... .......... .......... .......... .......... 14%  923K 1s
   150K .......... .......... .......... .......... .......... 19% 1.11M 1s
   200K .......... .......... .......... .......... .......... 24% 1.21M 1s
   250K .......... .......... .......... .......... .......... 28% 1.10M 1s
   300K .......... .......... .......... .......... .......... 33%  805K 1s
   350K .......... .......... .......... .......... .......... 38% 1.11M 1s
   400K .......... .......... .......... .......... .......... 43%  290K 1s
   450K .......... .......... .......... .......... .......... 48%  901K 1s
   500K .......... .......... .......... .......... .......... 52%  406K 1s
   550K .......... .......... .......... .......... .......... 57% 1.38M 1s
   600K .......... .......... .......... .......... .......... 62% 1.45M 1s
   650K .......... .......... .......... .......... .......... 67% 3.48M 0s
   700K .......... .......... .......... .......... .......... 72% 2.93M 0s
   750K .......... .......... .......... .......... .......... 76% 1.94M 0s
   800K .......... .......... .......... .......... .......... 81% 1.51M 0s
   850K .......... .......... .......... .......... .......... 86% 2.05M 0s
   900K .......... .......... .......... .......... .......... 91%  958K 0s
   950K .......... .......... .......... .......... .......... 96% 1013K 0s
  1000K .......... .......... .......... .........            100% 1.45M=1.1s

2026-05-28 15:08:46 (910 KB/s) - ‘mirror/web.engr.oregonstate.edu/~mjb/vulkan/Handouts/DataBuffers.4pp.pdf’ saved [1064000/1064000]

--2026-05-28 15:08:46--  https://web.engr.oregonstate.edu/~mjb/vulkan/Handouts/DataBuffers.6pp.pdf
Reusing existing connection to web.engr.oregonstate.edu:443.
HTTP request sent, awaiting response... 200 OK
Length: 1025238 (1001K) [application/pdf]
Saving to: ‘mirror/web.engr.oregonstate.edu/~mjb/vulkan/Handouts/DataBuffers.6pp.pdf’

     0K .......... .......... .......... .......... ..........  4% 2.72M 0s
    50K .......... .......... .......... .......... ..........  9% 2.66M 0s
   100K .......... .......... .......... .......... .......... 14% 1.29M 0s
   150K .......... .......... .......... .......... .......... 19% 1.14M 0s
   200K .......... .......... .......... .......... .......... 24%  844K 1s
   250K .......... .......... .......... .......... .......... 29% 1.70M 0s
   300K .......... .......... .......... .......... .......... 34%  800K 0s
   350K .......... .......... .......... .......... .......... 39% 1.06M 0s
   400K .......... .......... .......... .......... .......... 44%  588K 0s
   450K .......... .......... .......... .......... .......... 49%  842K 0s
   500K .......... .......... .......... .......... .......... 54%  594K 0s
   550K .......... .......... .......... .......... .......... 59%  523K 0s
   600K .......... .......... .......... .......... .......... 64% 1.26M 0s
   650K .......... .......... .......... .......... .......... 69% 2.01M 0s
   700K .......... .......... .......... .......... .......... 74%  717K 0s
   750K .......... .......... .......... .......... .......... 79%  826K 0s
   800K .......... .......... .......... .......... .......... 84%  565K 0s
   850K .......... .......... .......... .......... .......... 89%  665K 0s
   900K .......... .......... .......... .......... .......... 94%  894K 0s
   950K .......... .......... .......... .......... .......... 99% 1022K 0s
  1000K .                                                     100%  160K=1.1s

2026-05-28 15:08:47 (904 KB/s) - ‘mirror/web.engr.oregonstate.edu/~mjb/vulkan/Handouts/DataBuffers.6pp.pdf’ saved [1025238/1025238]

--2026-05-28 15:08:47--  https://web.engr.oregonstate.edu/~mjb/vulkan/Handouts/DescriptorSets.1pp.pdf
Reusing existing connection to web.engr.oregonstate.edu:443.
HTTP request sent, awaiting response... 200 OK
Length: 1126821 (1.1M) [application/pdf]
Saving to: ‘mirror/web.engr.oregonstate.edu/~mjb/vulkan/Handouts/DescriptorSets.1pp.pdf’

     0K .......... .......... .......... .......... ..........  4%  891K 1s
    50K .......... .......... .......... .......... ..........  9% 1.04M 1s
   100K .......... .......... .......... .......... .......... 13% 1.40M 1s
   150K .......... .......... .......... .......... .......... 18% 1.51M 1s
   200K .......... .......... .......... .......... .......... 22% 3.44M 1s
   250K .......... .......... .......... .......... .......... 27% 1.55M 1s
   300K .......... .......... .......... .......... .......... 31% 1.82M 1s
   350K .......... .......... .......... .......... .......... 36% 1.81M 0s
   400K .......... .......... .......... .......... .......... 40%  586K 1s
   450K .......... .......... .......... .......... .......... 45%  528K 1s
   500K .......... .......... .......... .......... .......... 49%  728K 1s
   550K .......... .......... .......... .......... .......... 54%  663K 0s
   600K .......... .......... .......... .......... .......... 59% 1.24M 0s
   650K .......... .......... .......... .......... .......... 63%  685K 0s
   700K .......... .......... .......... .......... .......... 68%  495K 0s
   750K .......... .......... .......... .......... .......... 72%  519K 0s
   800K .......... .......... .......... .......... .......... 77%  518K 0s
   850K .......... .......... .......... .......... .......... 81%  647K 0s
   900K .......... .......... .......... .......... .......... 86% 1.09M 0s
   950K .......... .......... .......... .......... .......... 90%  712K 0s
  1000K .......... .......... .......... .......... .......... 95% 1.21M 0s
  1050K .......... .......... .......... .......... .......... 99% 1.36M 0s
  1100K                                                       100%  784G=1.3s

2026-05-28 15:08:48 (867 KB/s) - ‘mirror/web.engr.oregonstate.edu/~mjb/vulkan/Handouts/DescriptorSets.1pp.pdf’ saved [1126821/1126821]

--2026-05-28 15:08:48--  https://web.engr.oregonstate.edu/~mjb/vulkan/Handouts/DescriptorSets.2pp.pdf
Reusing existing connection to web.engr.oregonstate.edu:443.
HTTP request sent, awaiting response... 200 OK
Length: 1006236 (983K) [application/pdf]
Saving to: ‘mirror/web.engr.oregonstate.edu/~mjb/vulkan/Handouts/DescriptorSets.2pp.pdf’

     0K .......... .......... .......... .......... ..........  5% 2.61M 0s
    50K .......... .......... .......... .......... .......... 10% 1.27M 1s
   100K .......... .......... .......... .......... .......... 15% 1.20M 1s
   150K .......... .......... .......... .......... .......... 20%  818K 1s
   200K .......... .......... .......... .......... .......... 25%  655K 1s
   250K .......... .......... .......... .......... .......... 30% 1.32M 1s
   300K .......... .......... .......... .......... .......... 35%  842K 1s
   350K .......... .......... .......... .......... .......... 40%  764K 1s
   400K .......... .......... .......... .......... .......... 45% 1.59M 1s
   450K .......... .......... .......... .......... .......... 50% 1.03M 0s
   500K .......... .......... .......... .......... .......... 55%  261K 1s
   550K .......... .......... .......... .......... .......... 61%  935K 0s
   600K .......... .......... .......... .......... .......... 66%  788K 0s
   650K .......... .......... .......... .......... .......... 71% 1.16M 0s
   700K .......... .......... .......... .......... .......... 76%  863K 0s
   750K .......... .......... .......... .......... .......... 81% 1.12M 0s
   800K .......... .......... .......... .......... .......... 86%  921K 0s
   850K .......... .......... .......... .......... .......... 91%  491K 0s
   900K .......... .......... .......... .......... .......... 96%  471K 0s
   950K .......... .......... .......... ..                   100%  371K=1.3s

2026-05-28 15:08:50 (769 KB/s) - ‘mirror/web.engr.oregonstate.edu/~mjb/vulkan/Handouts/DescriptorSets.2pp.pdf’ saved [1006236/1006236]

--2026-05-28 15:08:50--  https://web.engr.oregonstate.edu/~mjb/vulkan/Handouts/DescriptorSets.4pp.pdf
Reusing existing connection to web.engr.oregonstate.edu:443.
HTTP request sent, awaiting response... 200 OK
Length: 934171 (912K) [application/pdf]
Saving to: ‘mirror/web.engr.oregonstate.edu/~mjb/vulkan/Handouts/DescriptorSets.4pp.pdf’

     0K .......... .......... .......... .......... ..........  5%  588K 1s
    50K .......... .......... .......... .......... .......... 10% 1.59M 1s
   100K .......... .......... .......... .......... .......... 16% 1014K 1s
   150K .......... .......... .......... .......... .......... 21%  520K 1s
   200K .......... .......... .......... .......... .......... 27%  490K 1s
   250K .......... .......... .......... .......... .......... 32%  562K 1s
   300K .......... .......... .......... .......... .......... 38%  626K 1s
   350K .......... .......... .......... .......... .......... 43% 1.12M 1s
   400K .......... .......... .......... .......... .......... 49% 1.50M 1s
   450K .......... .......... .......... .......... .......... 54%  391K 1s
   500K .......... .......... .......... .......... .......... 60%  764K 1s
   550K .......... .......... .......... .......... .......... 65% 1.19M 0s
   600K .......... .......... .......... .......... .......... 71% 1.15M 0s
   650K .......... .......... .......... .......... .......... 76% 1.30M 0s
   700K .......... .......... .......... .......... .......... 82%  715K 0s
   750K .......... .......... .......... .......... .......... 87% 1.14M 0s
   800K .......... .......... .......... .......... .......... 93% 1.18M 0s
   850K .......... .......... .......... .......... .......... 98% 1.20M 0s
   900K .......... ..                                         100% 1.16M=1.1s

2026-05-28 15:08:51 (809 KB/s) - ‘mirror/web.engr.oregonstate.edu/~mjb/vulkan/Handouts/DescriptorSets.4pp.pdf’ saved [934171/934171]

--2026-05-28 15:08:51--  https://web.engr.oregonstate.edu/~mjb/vulkan/Handouts/DescriptorSets.6pp.pdf
Reusing existing connection to web.engr.oregonstate.edu:443.
HTTP request sent, awaiting response... 200 OK
Length: 889370 (869K) [application/pdf]
Saving to: ‘mirror/web.engr.oregonstate.edu/~mjb/vulkan/Handouts/DescriptorSets.6pp.pdf’

     0K .......... .......... .......... .......... ..........  5%  975K 1s
    50K .......... .......... .......... .......... .......... 11%  783K 1s
   100K .......... .......... .......... .......... .......... 17% 1.49M 1s
   150K .......... .......... .......... .......... .......... 23%  881K 1s
   200K .......... .......... .......... .......... .......... 28% 1.04M 1s
   250K .......... .......... .......... .......... .......... 34% 1.14M 1s
   300K .......... .......... .......... .......... .......... 40%  578K 1s
   350K .......... .......... .......... .......... .......... 46%  515K 1s
   400K .......... .......... .......... .......... .......... 51%  502K 1s
   450K .......... .......... .......... .......... .......... 57%  474K 1s
   500K .......... .......... .......... .......... .......... 63%  768K 0s
   550K .......... .......... .......... .......... .......... 69%  925K 0s
   600K .......... .......... .......... .......... .......... 74% 1.63M 0s
   650K .......... .......... .......... .......... .......... 80%  454K 0s
   700K .......... .......... .......... .......... .......... 86%  518K 0s
   750K .......... .......... .......... .......... .......... 92%  679K 0s
   800K .......... .......... .......... .......... .......... 97%  885K 0s
   850K .......... ........                                   100%  875K=1.2s

2026-05-28 15:08:52 (730 KB/s) - ‘mirror/web.engr.oregonstate.edu/~mjb/vulkan/Handouts/DescriptorSets.6pp.pdf’ saved [889370/889370]

--2026-05-28 15:08:52--  https://web.engr.oregonstate.edu/~mjb/vulkan/Handouts/Drawing.1pp.pdf
Reusing existing connection to web.engr.oregonstate.edu:443.
HTTP request sent, awaiting response... 200 OK
Length: 1462592 (1.4M) [application/pdf]
Saving to: ‘mirror/web.engr.oregonstate.edu/~mjb/vulkan/Handouts/Drawing.1pp.pdf’

     0K .......... .......... .......... .......... ..........  3% 2.13M 1s
    50K .......... .......... .......... .......... ..........  7% 1011K 1s
   100K .......... .......... .......... .......... .......... 10%  856K 1s
   150K .......... .......... .......... .......... .......... 14% 1.25M 1s
   200K .......... .......... .......... .......... .......... 17%  950K 1s
   250K .......... .......... .......... .......... .......... 21% 2.18M 1s
   300K .......... .......... .......... .......... .......... 24% 1.07M 1s
   350K .......... .......... .......... .......... .......... 28% 1.86M 1s
   400K .......... .......... .......... .......... .......... 31% 1.54M 1s
   450K .......... .......... .......... .......... .......... 35%  841K 1s
   500K .......... .......... .......... .......... .......... 38% 1.08M 1s
   550K .......... .......... .......... .......... .......... 42% 2.61M 1s
   600K .......... .......... .......... .......... .......... 45%  687K 1s
   650K .......... .......... .......... .......... .......... 49% 4.50M 1s
   700K .......... .......... .......... .......... .......... 52% 1.74M 1s
   750K .......... .......... .......... .......... .......... 56% 4.06M 0s
   800K .......... .......... .......... .......... .......... 59% 3.36M 0s
   850K .......... .......... .......... .......... .......... 63% 1.09M 0s
   900K .......... .......... .......... .......... .......... 66% 1.80M 0s
   950K .......... .......... .......... .......... .......... 70% 8.31M 0s
  1000K .......... .......... .......... .......... .......... 73% 1.47M 0s
  1050K .......... .......... .......... .......... .......... 77% 1.41M 0s
  1100K .......... .......... .......... .......... .......... 80% 2.82M 0s
  1150K .......... .......... .......... .......... .......... 84%  698K 0s
  1200K .......... .......... .......... .......... .......... 87%  632K 0s
  1250K .......... .......... .......... .......... .......... 91% 1.76M 0s
  1300K .......... .......... .......... .......... .......... 94% 1.44M 0s
  1350K .......... .......... .......... .......... .......... 98% 2.06M 0s
  1400K .......... .......... ........                        100% 5.36M=1.0s

2026-05-28 15:08:53 (1.38 MB/s) - ‘mirror/web.engr.oregonstate.edu/~mjb/vulkan/Handouts/Drawing.1pp.pdf’ saved [1462592/1462592]

--2026-05-28 15:08:53--  https://web.engr.oregonstate.edu/~mjb/vulkan/Handouts/Drawing.2pp.pdf
Reusing existing connection to web.engr.oregonstate.edu:443.
HTTP request sent, awaiting response... 200 OK
Length: 1231934 (1.2M) [application/pdf]
Saving to: ‘mirror/web.engr.oregonstate.edu/~mjb/vulkan/Handouts/Drawing.2pp.pdf’

     0K .......... .......... .......... .......... ..........  4% 1.69M 1s
    50K .......... .......... .......... .......... ..........  8% 1.03M 1s
   100K .......... .......... .......... .......... .......... 12% 2.01M 1s
   150K .......... .......... .......... .......... .......... 16% 1.20M 1s
   200K .......... .......... .......... .......... .......... 20% 2.62M 1s
   250K .......... .......... .......... .......... .......... 24% 7.28M 1s
   300K .......... .......... .......... .......... .......... 29% 1.45M 0s
   350K .......... .......... .......... .......... .......... 33%  242K 1s
   400K .......... .......... .......... .......... .......... 37%  148M 1s
   450K .......... .......... .......... .......... .......... 41%  873K 1s
   500K .......... .......... .......... .......... .......... 45%  128M 1s
   550K .......... .......... .......... .......... .......... 49% 73.0M 0s
   600K .......... .......... .......... .......... .......... 54% 1.65M 0s
   650K .......... .......... .......... .......... .......... 58% 2.05M 0s
   700K .......... .......... .......... .......... .......... 62%  930K 0s
   750K .......... .......... .......... .......... .......... 66% 1.92M 0s
   800K .......... .......... .......... .......... .......... 70% 1.38M 0s
   850K .......... .......... .......... .......... .......... 74% 3.73M 0s
   900K .......... .......... .......... .......... .......... 78% 1.41M 0s
   950K .......... .......... .......... .......... .......... 83% 1.65M 0s
  1000K .......... .......... .......... .......... .......... 87% 1.37M 0s
  1050K .......... .......... .......... .......... .......... 91% 2.49M 0s
  1100K .......... .......... .......... .......... .......... 95% 1.52M 0s
  1150K .......... .......... .......... .......... .......... 99% 1.12M 0s
  1200K ...                                                   100% 5.70T=0.8s

2026-05-28 15:08:54 (1.40 MB/s) - ‘mirror/web.engr.oregonstate.edu/~mjb/vulkan/Handouts/Drawing.2pp.pdf’ saved [1231934/1231934]

--2026-05-28 15:08:54--  https://web.engr.oregonstate.edu/~mjb/vulkan/Handouts/Drawing.4pp.pdf
Reusing existing connection to web.engr.oregonstate.edu:443.
HTTP request sent, awaiting response... 200 OK
Length: 1175130 (1.1M) [application/pdf]
Saving to: ‘mirror/web.engr.oregonstate.edu/~mjb/vulkan/Handouts/Drawing.4pp.pdf’

     0K .......... .......... .......... .......... ..........  4% 1.93M 1s
    50K .......... .......... .......... .......... ..........  8% 1.42M 1s
   100K .......... .......... .......... .......... .......... 13% 2.39M 1s
   150K .......... .......... .......... .......... .......... 17%  809K 1s
   200K .......... .......... .......... .......... .......... 21% 1.91M 1s
   250K .......... .......... .......... .......... .......... 26% 1.22M 1s
   300K .......... .......... .......... .......... .......... 30% 1.57M 1s
   350K .......... .......... .......... .......... .......... 34%  975K 1s
   400K .......... .......... .......... .......... .......... 39% 1.30M 1s
   450K .......... .......... .......... .......... .......... 43% 1.63M 0s
   500K .......... .......... .......... .......... .......... 47% 1.40M 0s
   550K .......... .......... .......... .......... .......... 52% 1.33M 0s
   600K .......... .......... .......... .......... .......... 56%  989K 0s
   650K .......... .......... .......... .......... .......... 60% 1.23M 0s
   700K .......... .......... .......... .......... .......... 65% 2.13M 0s
   750K .......... .......... .......... .......... .......... 69% 2.12M 0s
   800K .......... .......... .......... .......... .......... 74%  999K 0s
   850K .......... .......... .......... .......... .......... 78% 1.58M 0s
   900K .......... .......... .......... .......... .......... 82%  759K 0s
   950K .......... .......... .......... .......... .......... 87% 1.47M 0s
  1000K .......... .......... .......... .......... .......... 91% 1.23M 0s
  1050K .......... .......... .......... .......... .......... 95%  760K 0s
  1100K .......... .......... .......... .......... .......   100% 1.42M=0.9s

2026-05-28 15:08:55 (1.27 MB/s) - ‘mirror/web.engr.oregonstate.edu/~mjb/vulkan/Handouts/Drawing.4pp.pdf’ saved [1175130/1175130]

--2026-05-28 15:08:55--  https://web.engr.oregonstate.edu/~mjb/vulkan/Handouts/Drawing.6pp.pdf
Reusing existing connection to web.engr.oregonstate.edu:443.
HTTP request sent, awaiting response... 200 OK
Length: 1138507 (1.1M) [application/pdf]
Saving to: ‘mirror/web.engr.oregonstate.edu/~mjb/vulkan/Handouts/Drawing.6pp.pdf’

     0K .......... .......... .......... .......... ..........  4% 1.64M 1s
    50K .......... .......... .......... .......... ..........  8% 3.10M 0s
   100K .......... .......... .......... .......... .......... 13%  998K 1s
   150K .......... .......... .......... .......... .......... 17% 1.10M 1s
   200K .......... .......... .......... .......... .......... 22% 3.70M 1s
   250K .......... .......... .......... .......... .......... 26%  945K 1s
   300K .......... .......... .......... .......... .......... 31% 2.39M 0s
   350K .......... .......... .......... .......... .......... 35%  703K 1s
   400K .......... .......... .......... .......... .......... 40%  853K 1s
   450K .......... .......... .......... .......... .......... 44% 2.51M 0s
   500K .......... .......... .......... .......... .......... 49%  931K 0s
   550K .......... .......... .......... .......... .......... 53% 1.28M 0s
   600K .......... .......... .......... .......... .......... 58% 1.75M 0s
   650K .......... .......... .......... .......... .......... 62%  474K 0s
   700K .......... .......... .......... .......... .......... 67% 1.78M 0s
   750K .......... .......... .......... .......... .......... 71% 3.25M 0s
   800K .......... .......... .......... .......... .......... 76% 1.22M 0s
   850K .......... .......... .......... .......... .......... 80% 2.03M 0s
   900K .......... .......... .......... .......... .......... 85% 1.61M 0s
   950K .......... .......... .......... .......... .......... 89% 1.07M 0s
  1000K .......... .......... .......... .......... .......... 94% 1.63M 0s
  1050K .......... .......... .......... .......... .......... 98% 1.82M 0s
  1100K .......... .                                          100% 3.52M=0.8s

2026-05-28 15:08:56 (1.29 MB/s) - ‘mirror/web.engr.oregonstate.edu/~mjb/vulkan/Handouts/Drawing.6pp.pdf’ saved [1138507/1138507]

--2026-05-28 15:08:56--  https://web.engr.oregonstate.edu/~mjb/vulkan/Handouts/DynamicStateVariables.1pp.pdf
Reusing existing connection to web.engr.oregonstate.edu:443.
HTTP request sent, awaiting response... 200 OK
Length: 602439 (588K) [application/pdf]
Saving to: ‘mirror/web.engr.oregonstate.edu/~mjb/vulkan/Handouts/DynamicStateVariables.1pp.pdf’

     0K .......... .......... .......... .......... ..........  8% 3.21M 0s
    50K .......... .......... .......... .......... .......... 16% 2.38M 0s
   100K .......... .......... .......... .......... .......... 25%  934K 0s
   150K .......... .......... .......... .......... .......... 33% 2.76M 0s
   200K .......... .......... .......... .......... .......... 42% 1.12M 0s
   250K .......... .......... .......... .......... .......... 50% 1.23M 0s
   300K .......... .......... .......... .......... .......... 59% 1.30M 0s
   350K .......... .......... .......... .......... .......... 67% 2.78M 0s
   400K .......... .......... .......... .......... .......... 76%  395K 0s
   450K .......... .......... .......... .......... .......... 84% 2.40M 0s
   500K .......... .......... .......... .......... .......... 93%  907K 0s
   550K .......... .......... .......... ........             100% 1.33M=0.5s

2026-05-28 15:08:56 (1.21 MB/s) - ‘mirror/web.engr.oregonstate.edu/~mjb/vulkan/Handouts/DynamicStateVariables.1pp.pdf’ saved [602439/602439]

--2026-05-28 15:08:57--  https://web.engr.oregonstate.edu/~mjb/vulkan/Handouts/DynamicStateVariables.2pp.pdf
Reusing existing connection to web.engr.oregonstate.edu:443.
HTTP request sent, awaiting response... 200 OK
Length: 763067 (745K) [application/pdf]
Saving to: ‘mirror/web.engr.oregonstate.edu/~mjb/vulkan/Handouts/DynamicStateVariables.2pp.pdf’

     0K .......... .......... .......... .......... ..........  6% 2.00M 0s
    50K .......... .......... .......... .......... .......... 13% 1.14M 0s
   100K .......... .......... .......... .......... .......... 20%  905K 0s
   150K .......... .......... .......... .......... .......... 26% 2.45M 0s
   200K .......... .......... .......... .......... .......... 33% 1.88M 0s
   250K .......... .......... .......... .......... .......... 40%  633K 0s
   300K .......... .......... .......... .......... .......... 46% 1.25M 0s
   350K .......... .......... .......... .......... .......... 53% 1.36M 0s
   400K .......... .......... .......... .......... .......... 60%  984K 0s
   450K .......... .......... .......... .......... .......... 67% 2.20M 0s
   500K .......... .......... .......... .......... .......... 73% 1005K 0s
   550K .......... .......... .......... .......... .......... 80% 1021K 0s
   600K .......... .......... .......... .......... .......... 87%  981K 0s
   650K .......... .......... .......... .......... .......... 93% 1.62M 0s
   700K .......... .......... .......... .......... .....     100% 2.13M=0.6s

2026-05-28 15:08:57 (1.22 MB/s) - ‘mirror/web.engr.oregonstate.edu/~mjb/vulkan/Handouts/DynamicStateVariables.2pp.pdf’ saved [763067/763067]

--2026-05-28 15:08:57--  https://web.engr.oregonstate.edu/~mjb/vulkan/Handouts/DynamicStateVariables.4pp.pdf
Reusing existing connection to web.engr.oregonstate.edu:443.
HTTP request sent, awaiting response... 200 OK
Length: 754005 (736K) [application/pdf]
Saving to: ‘mirror/web.engr.oregonstate.edu/~mjb/vulkan/Handouts/DynamicStateVariables.4pp.pdf’

     0K .......... .......... .......... .......... ..........  6% 1.99M 0s
    50K .......... .......... .......... .......... .......... 13% 2.02M 0s
   100K .......... .......... .......... .......... .......... 20% 2.00M 0s
   150K .......... .......... .......... .......... .......... 27% 1.69M 0s
   200K .......... .......... .......... .......... .......... 33% 1.08M 0s
   250K .......... .......... .......... .......... .......... 40% 1.34M 0s
   300K .......... .......... .......... .......... .......... 47%  808K 0s
   350K .......... .......... .......... .......... .......... 54% 1.40M 0s
   400K .......... .......... .......... .......... .......... 61% 1.02M 0s
   450K .......... .......... .......... .......... .......... 67% 2.47M 0s
   500K .......... .......... .......... .......... .......... 74% 1019K 0s
   550K .......... .......... .......... .......... .......... 81%  500K 0s
   600K .......... .......... .......... .......... .......... 88% 3.52M 0s
   650K .......... .......... .......... .......... .......... 95% 1.56M 0s
   700K .......... .......... .......... ......               100% 1.47M=0.6s

2026-05-28 15:08:58 (1.27 MB/s) - ‘mirror/web.engr.oregonstate.edu/~mjb/vulkan/Handouts/DynamicStateVariables.4pp.pdf’ saved [754005/754005]

--2026-05-28 15:08:58--  https://web.engr.oregonstate.edu/~mjb/vulkan/Handouts/DynamicStateVariables.6pp.pdf
Reusing existing connection to web.engr.oregonstate.edu:443.
HTTP request sent, awaiting response... 200 OK
Length: 749887 (732K) [application/pdf]
Saving to: ‘mirror/web.engr.oregonstate.edu/~mjb/vulkan/Handouts/DynamicStateVariables.6pp.pdf’

     0K .......... .......... .......... .......... ..........  6% 1.70M 0s
    50K .......... .......... .......... .......... .......... 13% 1.10M 0s
   100K .......... .......... .......... .......... .......... 20%  624K 1s
   150K .......... .......... .......... .......... .......... 27% 1.30M 1s
   200K .......... .......... .......... .......... .......... 34% 2.19M 0s
   250K .......... .......... .......... .......... .......... 40% 2.45M 0s
   300K .......... .......... .......... .......... .......... 47% 1.69M 0s
   350K .......... .......... .......... .......... .......... 54% 1017K 0s
   400K .......... .......... .......... .......... .......... 61% 1.84M 0s
   450K .......... .......... .......... .......... .......... 68%  582K 0s
   500K .......... .......... .......... .......... .......... 75% 2.14M 0s
   550K .......... .......... .......... .......... .......... 81% 1.39M 0s
   600K .......... .......... .......... .......... .......... 88% 1.30M 0s
   650K .......... .......... .......... .......... .......... 95%  512K 0s
   700K .......... .......... .......... ..                   100% 1.43M=0.6s

2026-05-28 15:08:58 (1.12 MB/s) - ‘mirror/web.engr.oregonstate.edu/~mjb/vulkan/Handouts/DynamicStateVariables.6pp.pdf’ saved [749887/749887]

--2026-05-28 15:08:58--  https://web.engr.oregonstate.edu/~mjb/vulkan/Handouts/FiringRays.1pp.pdf
Reusing existing connection to web.engr.oregonstate.edu:443.
HTTP request sent, awaiting response... 200 OK
Length: 1333804 (1.3M) [application/pdf]
Saving to: ‘mirror/web.engr.oregonstate.edu/~mjb/vulkan/Handouts/FiringRays.1pp.pdf’

     0K .......... .......... .......... .......... ..........  3% 1.57M 1s
    50K .......... .......... .......... .......... ..........  7% 2.62M 1s
   100K .......... .......... .......... .......... .......... 11%  801K 1s
   150K .......... .......... .......... .......... .......... 15%  608K 1s
   200K .......... .......... .......... .......... .......... 19% 1.23M 1s
   250K .......... .......... .......... .......... .......... 23%  714K 1s
   300K .......... .......... .......... .......... .......... 26% 1.33M 1s
   350K .......... .......... .......... .......... .......... 30% 1.42M 1s
   400K .......... .......... .......... .......... .......... 34% 1.06M 1s
   450K .......... .......... .......... .......... .......... 38%  557K 1s
   500K .......... .......... .......... .......... .......... 42%  492K 1s
   550K .......... .......... .......... .......... .......... 46% 1.27M 1s
   600K .......... .......... .......... .......... .......... 49% 1.27M 1s
   650K .......... .......... .......... .......... .......... 53% 1.65M 1s
   700K .......... .......... .......... .......... .......... 57% 1.22M 1s
   750K .......... .......... .......... .......... .......... 61% 1.67M 0s
   800K .......... .......... .......... .......... .......... 65% 2.40M 0s
   850K .......... .......... .......... .......... .......... 69% 2.76M 0s
   900K .......... .......... .......... .......... .......... 72% 1.57M 0s
   950K .......... .......... .......... .......... .......... 76% 1.14M 0s
  1000K .......... .......... .......... .......... .......... 80% 1.19M 0s
  1050K .......... .......... .......... .......... .......... 84% 1.74M 0s
  1100K .......... .......... .......... .......... .......... 88% 1.39M 0s
  1150K .......... .......... .......... .......... .......... 92%  812K 0s
  1200K .......... .......... .......... .......... .......... 95% 1.16M 0s
  1250K .......... .......... .......... .......... .......... 99% 1.02M 0s
  1300K ..                                                    100% 4.74T=1.2s

2026-05-28 15:09:00 (1.10 MB/s) - ‘mirror/web.engr.oregonstate.edu/~mjb/vulkan/Handouts/FiringRays.1pp.pdf’ saved [1333804/1333804]

--2026-05-28 15:09:00--  https://web.engr.oregonstate.edu/~mjb/vulkan/Handouts/FiringRays.2pp.pdf
Reusing existing connection to web.engr.oregonstate.edu:443.
HTTP request sent, awaiting response... 200 OK
Length: 998219 (975K) [application/pdf]
Saving to: ‘mirror/web.engr.oregonstate.edu/~mjb/vulkan/Handouts/FiringRays.2pp.pdf’

     0K .......... .......... .......... .......... ..........  5% 1.34M 1s
    50K .......... .......... .......... .......... .......... 10% 1.19M 1s
   100K .......... .......... .......... .......... .......... 15% 1.69M 1s
   150K .......... .......... .......... .......... .......... 20% 1.03M 1s
   200K .......... .......... .......... .......... .......... 25% 1.05M 1s
   250K .......... .......... .......... .......... .......... 30% 2.43M 0s
   300K .......... .......... .......... .......... .......... 35%  718K 1s
   350K .......... .......... .......... .......... .......... 41%  687K 1s
   400K .......... .......... .......... .......... .......... 46% 1.02M 0s
   450K .......... .......... .......... .......... .......... 51% 1.33M 0s
   500K .......... .......... .......... .......... .......... 56% 2.07M 0s
   550K .......... .......... .......... .......... .......... 61%  927K 0s
   600K .......... .......... .......... .......... .......... 66% 1.29M 0s
   650K .......... .......... .......... .......... .......... 71% 1.55M 0s
   700K .......... .......... .......... .......... .......... 76%  737K 0s
   750K .......... .......... .......... .......... .......... 82% 2.05M 0s
   800K .......... .......... .......... .......... .......... 87%  583K 0s
   850K .......... .......... .......... .......... .......... 92% 1.26M 0s
   900K .......... .......... .......... .......... .......... 97% 1.08M 0s
   950K .......... .......... ....                            100% 1.68M=0.9s

2026-05-28 15:09:01 (1.09 MB/s) - ‘mirror/web.engr.oregonstate.edu/~mjb/vulkan/Handouts/FiringRays.2pp.pdf’ saved [998219/998219]

--2026-05-28 15:09:01--  https://web.engr.oregonstate.edu/~mjb/vulkan/Handouts/FiringRays.4pp.pdf
Reusing existing connection to web.engr.oregonstate.edu:443.
HTTP request sent, awaiting response... 200 OK
Length: 934209 (912K) [application/pdf]
Saving to: ‘mirror/web.engr.oregonstate.edu/~mjb/vulkan/Handouts/FiringRays.4pp.pdf’

     0K .......... .......... .......... .......... ..........  5% 2.08M 0s
    50K .......... .......... .......... .......... .......... 10% 1.37M 0s
   100K .......... .......... .......... .......... .......... 16% 1.59M 0s
   150K .......... .......... .......... .......... .......... 21%  869K 1s
   200K .......... .......... .......... .......... .......... 27% 1.40M 0s
   250K .......... .......... .......... .......... .......... 32% 1.92M 0s
   300K .......... .......... .......... .......... .......... 38% 1.87M 0s
   350K .......... .......... .......... .......... .......... 43% 1.40M 0s
   400K .......... .......... .......... .......... .......... 49% 1.33M 0s
   450K .......... .......... .......... .......... .......... 54%  979K 0s
   500K .......... .......... .......... .......... .......... 60% 1.28M 0s
   550K .......... .......... .......... .......... .......... 65%  434K 0s
   600K .......... .......... .......... .......... .......... 71% 2.44M 0s
   650K .......... .......... .......... .......... .......... 76%  899K 0s
   700K .......... .......... .......... .......... .......... 82% 1.68M 0s
   750K .......... .......... .......... .......... .......... 87% 1.89M 0s
   800K .......... .......... .......... .......... .......... 93%  916K 0s
   850K .......... .......... .......... .......... .......... 98% 1.87M 0s
   900K .......... ..                                         100% 1.74M=0.7s

2026-05-28 15:09:01 (1.22 MB/s) - ‘mirror/web.engr.oregonstate.edu/~mjb/vulkan/Handouts/FiringRays.4pp.pdf’ saved [934209/934209]

--2026-05-28 15:09:01--  https://web.engr.oregonstate.edu/~mjb/vulkan/Handouts/FiringRays.6pp.pdf
Reusing existing connection to web.engr.oregonstate.edu:443.
HTTP request sent, awaiting response... 200 OK
Length: 869945 (850K) [application/pdf]
Saving to: ‘mirror/web.engr.oregonstate.edu/~mjb/vulkan/Handouts/FiringRays.6pp.pdf’

     0K .......... .......... .......... .......... ..........  5% 1.02M 1s
    50K .......... .......... .......... .......... .......... 11% 4.10M 0s
   100K .......... .......... .......... .......... .......... 17%  896K 1s
   150K .......... .......... .......... .......... .......... 23% 2.08M 0s
   200K .......... .......... .......... .......... .......... 29% 1.07M 0s
   250K .......... .......... .......... .......... .......... 35% 1.07M 0s
   300K .......... .......... .......... .......... .......... 41%  680K 0s
   350K .......... .......... .......... .......... .......... 47% 1.66M 0s
   400K .......... .......... .......... .......... .......... 52%  943K 0s
   450K .......... .......... .......... .......... .......... 58% 1.70M 0s
   500K .......... .......... .......... .......... .......... 64% 2.15M 0s
   550K .......... .......... .......... .......... .......... 70% 1.81M 0s
   600K .......... .......... .......... .......... .......... 76% 1.49M 0s
   650K .......... .......... .......... .......... .......... 82% 2.51M 0s
   700K .......... .......... .......... .......... .......... 88% 3.28M 0s
   750K .......... .......... .......... .......... .......... 94% 1.27M 0s
   800K .......... .......... .......... .......... ......... 100% 3.08M=0.6s

2026-05-28 15:09:02 (1.42 MB/s) - ‘mirror/web.engr.oregonstate.edu/~mjb/vulkan/Handouts/FiringRays.6pp.pdf’ saved [869945/869945]

--2026-05-28 15:09:02--  https://web.engr.oregonstate.edu/~mjb/vulkan/Handouts/GLFW.1pp.pdf
Reusing existing connection to web.engr.oregonstate.edu:443.
HTTP request sent, awaiting response... 200 OK
Length: 659580 (644K) [application/pdf]
Saving to: ‘mirror/web.engr.oregonstate.edu/~mjb/vulkan/Handouts/GLFW.1pp.pdf’

     0K .......... .......... .......... .......... ..........  7% 4.35M 0s
    50K .......... .......... .......... .......... .......... 15% 3.17M 0s
   100K .......... .......... .......... .......... .......... 23%  879K 0s
   150K .......... .......... .......... .......... .......... 31%  421K 0s
   200K .......... .......... .......... .......... .......... 38%  379K 1s
   250K .......... .......... .......... .......... .......... 46%  217M 0s
   300K .......... .......... .......... .......... .......... 54% 2.47M 0s
   350K .......... .......... .......... .......... .......... 62% 1.73M 0s
   400K .......... .......... .......... .......... .......... 69% 1.53M 0s
   450K .......... .......... .......... .......... .......... 77% 1.29M 0s
   500K .......... .......... .......... .......... .......... 85% 2.88M 0s
   550K .......... .......... .......... .......... .......... 93% 1.44M 0s
   600K .......... .......... .......... .......... ....      100% 1.49M=0.5s

2026-05-28 15:09:03 (1.18 MB/s) - ‘mirror/web.engr.oregonstate.edu/~mjb/vulkan/Handouts/GLFW.1pp.pdf’ saved [659580/659580]

--2026-05-28 15:09:03--  https://web.engr.oregonstate.edu/~mjb/vulkan/Handouts/GLFW.2pp.pdf
Reusing existing connection to web.engr.oregonstate.edu:443.
HTTP request sent, awaiting response... 200 OK
Length: 823862 (805K) [application/pdf]
Saving to: ‘mirror/web.engr.oregonstate.edu/~mjb/vulkan/Handouts/GLFW.2pp.pdf’

     0K .......... .......... .......... .......... ..........  6% 2.24M 0s
    50K .......... .......... .......... .......... .......... 12% 1.45M 0s
   100K .......... .......... .......... .......... .......... 18%  809K 1s
   150K .......... .......... .......... .......... .......... 24% 2.12M 0s
   200K .......... .......... .......... .......... .......... 31% 1.05M 0s
   250K .......... .......... .......... .......... .......... 37% 1.53M 0s
   300K .......... .......... .......... .......... .......... 43% 1.78M 0s
   350K .......... .......... .......... .......... .......... 49% 1.23M 0s
   400K .......... .......... .......... .......... .......... 55% 1.64M 0s
   450K .......... .......... .......... .......... .......... 62% 2.15M 0s
   500K .......... .......... .......... .......... .......... 68% 1.70M 0s
   550K .......... .......... .......... .......... .......... 74% 1.37M 0s
   600K .......... .......... .......... .......... .......... 80% 2.90M 0s
   650K .......... .......... .......... .......... .......... 87%  505K 0s
   700K .......... .......... .......... .......... .......... 93% 2.19M 0s
   750K .......... .......... .......... .......... .......... 99% 2.66M 0s
   800K ....                                                  100% 6.37M=0.6s

2026-05-28 15:09:03 (1.40 MB/s) - ‘mirror/web.engr.oregonstate.edu/~mjb/vulkan/Handouts/GLFW.2pp.pdf’ saved [823862/823862]

--2026-05-28 15:09:03--  https://web.engr.oregonstate.edu/~mjb/vulkan/Handouts/GLFW.4pp.pdf
Reusing existing connection to web.engr.oregonstate.edu:443.
HTTP request sent, awaiting response... 200 OK
Length: 814537 (795K) [application/pdf]
Saving to: ‘mirror/web.engr.oregonstate.edu/~mjb/vulkan/Handouts/GLFW.4pp.pdf’

     0K .......... .......... .......... .......... ..........  6% 1.33M 1s
    50K .......... .......... .......... .......... .......... 12% 2.90M 0s
   100K .......... .......... .......... .......... .......... 18%  940K 0s
   150K .......... .......... .......... .......... .......... 25%  785K 1s
   200K .......... .......... .......... .......... .......... 31% 1005K 0s
   250K .......... .......... .......... .......... .......... 37%  783K 0s
   300K .......... .......... .......... .......... .......... 44% 1.17M 0s
   350K .......... .......... .......... .......... .......... 50% 1.24M 0s
   400K .......... .......... .......... .......... .......... 56%  704K 0s
   450K .......... .......... .......... .......... .......... 62% 1.51M 0s
   500K .......... .......... .......... .......... .......... 69%  543K 0s
   550K .......... .......... .......... .......... .......... 75%  933K 0s
   600K .......... .......... .......... .......... .......... 81% 2.12M 0s
   650K .......... .......... .......... .......... .......... 88% 1.15M 0s
   700K .......... .......... .......... .......... .......... 94%  571K 0s
   750K .......... .......... .......... .......... .....     100% 1.68M=0.8s

2026-05-28 15:09:04 (1003 KB/s) - ‘mirror/web.engr.oregonstate.edu/~mjb/vulkan/Handouts/GLFW.4pp.pdf’ saved [814537/814537]

--2026-05-28 15:09:04--  https://web.engr.oregonstate.edu/~mjb/vulkan/Handouts/GLFW.6pp.pdf
Reusing existing connection to web.engr.oregonstate.edu:443.
HTTP request sent, awaiting response... 200 OK
Length: 807956 (789K) [application/pdf]
Saving to: ‘mirror/web.engr.oregonstate.edu/~mjb/vulkan/Handouts/GLFW.6pp.pdf’

     0K .......... .......... .......... .......... ..........  6% 1.09M 1s
    50K .......... .......... .......... .......... .......... 12% 1.87M 0s
   100K .......... .......... .......... .......... .......... 19% 1.00M 1s
   150K .......... .......... .......... .......... .......... 25% 1.60M 0s
   200K .......... .......... .......... .......... .......... 31% 1.30M 0s
   250K .......... .......... .......... .......... .......... 38% 1.09M 0s
   300K .......... .......... .......... .......... .......... 44% 1.72M 0s
   350K .......... .......... .......... .......... .......... 50% 1.25M 0s
   400K .......... .......... .......... .......... .......... 57% 1.59M 0s
   450K .......... .......... .......... .......... .......... 63% 4.37M 0s
   500K .......... .......... .......... .......... .......... 69% 1.98M 0s
   550K .......... .......... .......... .......... .......... 76% 1.62M 0s
   600K .......... .......... .......... .......... .......... 82% 3.59M 0s
   650K .......... .......... .......... .......... .......... 88% 1.21M 0s
   700K .......... .......... .......... .......... .......... 95% 1.89M 0s
   750K .......... .......... .......... .........            100% 1.40M=0.5s

2026-05-28 15:09:05 (1.53 MB/s) - ‘mirror/web.engr.oregonstate.edu/~mjb/vulkan/Handouts/GLFW.6pp.pdf’ saved [807956/807956]

--2026-05-28 15:09:05--  https://web.engr.oregonstate.edu/~mjb/vulkan/Handouts/GLM.1pp.pdf
Reusing existing connection to web.engr.oregonstate.edu:443.
HTTP request sent, awaiting response... 200 OK
Length: 1898049 (1.8M) [application/pdf]
Saving to: ‘mirror/web.engr.oregonstate.edu/~mjb/vulkan/Handouts/GLM.1pp.pdf’

     0K .......... .......... .......... .......... ..........  2% 3.25M 1s
    50K .......... .......... .......... .......... ..........  5% 1.27M 1s
   100K .......... .......... .......... .......... ..........  8% 1.19M 1s
   150K .......... .......... .......... .......... .......... 10% 1.24M 1s
   200K .......... .......... .......... .......... .......... 13% 1.01M 1s
   250K .......... .......... .......... .......... .......... 16% 1.69M 1s
   300K .......... .......... .......... .......... .......... 18% 2.30M 1s
   350K .......... .......... .......... .......... .......... 21% 1.71M 1s
   400K .......... .......... .......... .......... .......... 24%  930K 1s
   450K .......... .......... .......... .......... .......... 26% 1.35M 1s
   500K .......... .......... .......... .......... .......... 29% 1020K 1s
   550K .......... .......... .......... .......... .......... 32%  995K 1s
   600K .......... .......... .......... .......... .......... 35%  607K 1s
   650K .......... .......... .......... .......... .......... 37%  991K 1s
   700K .......... .......... .......... .......... .......... 40% 1.69M 1s
   750K .......... .......... .......... .......... .......... 43% 1.02M 1s
   800K .......... .......... .......... .......... .......... 45%  815K 1s
   850K .......... .......... .......... .......... .......... 48% 1.52M 1s
   900K .......... .......... .......... .......... .......... 51% 1.91M 1s
   950K .......... .......... .......... .......... .......... 53%  774K 1s
  1000K .......... .......... .......... .......... .......... 56% 1.21M 1s
  1050K .......... .......... .......... .......... .......... 59%  790K 1s
  1100K .......... .......... .......... .......... .......... 62%  835K 1s
  1150K .......... .......... .......... .......... .......... 64%  605K 1s
  1200K .......... .......... .......... .......... .......... 67%  899K 1s
  1250K .......... .......... .......... .......... .......... 70% 2.22M 0s
  1300K .......... .......... .......... .......... .......... 72% 1.58M 0s
  1350K .......... .......... .......... .......... .......... 75%  451K 0s
  1400K .......... .......... .......... .......... .......... 78% 1.09M 0s
  1450K .......... .......... .......... .......... .......... 80% 1.37M 0s
  1500K .......... .......... .......... .......... .......... 83% 1.24M 0s
  1550K .......... .......... .......... .......... .......... 86% 3.01M 0s
  1600K .......... .......... .......... .......... .......... 89% 1.39M 0s
  1650K .......... .......... .......... .......... .......... 91% 1.09M 0s
  1700K .......... .......... .......... .......... .......... 94% 1.34M 0s
  1750K .......... .......... .......... .......... .......... 97%  939K 0s
  1800K .......... .......... .......... .......... .......... 99%  879K 0s
  1850K ...                                                   100% 42.9M=1.7s

2026-05-28 15:09:06 (1.08 MB/s) - ‘mirror/web.engr.oregonstate.edu/~mjb/vulkan/Handouts/GLM.1pp.pdf’ saved [1898049/1898049]

--2026-05-28 15:09:06--  https://web.engr.oregonstate.edu/~mjb/vulkan/Handouts/GLM.2pp.pdf
Reusing existing connection to web.engr.oregonstate.edu:443.
HTTP request sent, awaiting response... 200 OK
Length: 1816287 (1.7M) [application/pdf]
Saving to: ‘mirror/web.engr.oregonstate.edu/~mjb/vulkan/Handouts/GLM.2pp.pdf’

     0K .......... .......... .......... .......... ..........  2% 1.74M 1s
    50K .......... .......... .......... .......... ..........  5% 2.94M 1s
   100K .......... .......... .......... .......... ..........  8% 1.19M 1s
   150K .......... .......... .......... .......... .......... 11%  633K 1s
   200K .......... .......... .......... .......... .......... 14% 1.61M 1s
   250K .......... .......... .......... .......... .......... 16% 1.82M 1s
   300K .......... .......... .......... .......... .......... 19% 2.84M 1s
   350K .......... .......... .......... .......... .......... 22% 1.39M 1s
   400K .......... .......... .......... .......... .......... 25% 1.18M 1s
   450K .......... .......... .......... .......... .......... 28% 4.38M 1s
   500K .......... .......... .......... .......... .......... 31% 1.92M 1s
   550K .......... .......... .......... .......... .......... 33% 2.55M 1s
   600K .......... .......... .......... .......... .......... 36% 1.22M 1s
   650K .......... .......... .......... .......... .......... 39% 1.19M 1s
   700K .......... .......... .......... .......... .......... 42% 1.59M 1s
   750K .......... .......... .......... .......... .......... 45%  961K 1s
   800K .......... .......... .......... .......... .......... 47% 1.47M 1s
   850K .......... .......... .......... .......... .......... 50% 1.49M 1s
   900K .......... .......... .......... .......... .......... 53% 1.40M 1s
   950K .......... .......... .......... .......... .......... 56% 1.21M 1s
  1000K .......... .......... .......... .......... .......... 59% 1.90M 0s
  1050K .......... .......... .......... .......... .......... 62%  518K 0s
  1100K .......... .......... .......... .......... .......... 64% 1.12M 0s
  1150K .......... .......... .......... .......... .......... 67%  680K 0s
  1200K .......... .......... .......... .......... .......... 70% 1.47M 0s
  1250K .......... .......... .......... .......... .......... 73% 1.45M 0s
  1300K .......... .......... .......... .......... .......... 76% 1006K 0s
  1350K .......... .......... .......... .......... .......... 78% 3.62M 0s
  1400K .......... .......... .......... .......... .......... 81%  560K 0s
  1450K .......... .......... .......... .......... .......... 84% 2.56M 0s
  1500K .......... .......... .......... .......... .......... 87%  906K 0s
  1550K .......... .......... .......... .......... .......... 90% 1.05M 0s
  1600K .......... .......... .......... .......... .......... 93%  917K 0s
  1650K .......... .......... .......... .......... .......... 95% 1.10M 0s
  1700K .......... .......... .......... .......... .......... 98%  955K 0s
  1750K .......... .......... ...                             100% 1.74M=1.4s

2026-05-28 15:09:08 (1.22 MB/s) - ‘mirror/web.engr.oregonstate.edu/~mjb/vulkan/Handouts/GLM.2pp.pdf’ saved [1816287/1816287]

--2026-05-28 15:09:08--  https://web.engr.oregonstate.edu/~mjb/vulkan/Handouts/GLM.4pp.pdf
Reusing existing connection to web.engr.oregonstate.edu:443.
HTTP request sent, awaiting response... 200 OK
Length: 1786947 (1.7M) [application/pdf]
Saving to: ‘mirror/web.engr.oregonstate.edu/~mjb/vulkan/Handouts/GLM.4pp.pdf’

     0K .......... .......... .......... .......... ..........  2% 1.74M 1s
    50K .......... .......... .......... .......... ..........  5% 1.31M 1s
   100K .......... .......... .......... .......... ..........  8% 1.21M 1s
   150K .......... .......... .......... .......... .......... 11% 1.04M 1s
   200K .......... .......... .......... .......... .......... 14% 1.15M 1s
   250K .......... .......... .......... .......... .......... 17% 2.06M 1s
   300K .......... .......... .......... .......... .......... 20%  499K 1s
   350K .......... .......... .......... .......... .......... 22% 2.22M 1s
   400K .......... .......... .......... .......... .......... 25% 1.59M 1s
   450K .......... .......... .......... .......... .......... 28% 2.12M 1s
   500K .......... .......... .......... .......... .......... 31%  830K 1s
   550K .......... .......... .......... .......... .......... 34% 1.60M 1s
   600K .......... .......... .......... .......... .......... 37% 1.29M 1s
   650K .......... .......... .......... .......... .......... 40%  818K 1s
   700K .......... .......... .......... .......... .......... 42% 1.40M 1s
   750K .......... .......... .......... .......... .......... 45% 2.68M 1s
   800K .......... .......... .......... .......... .......... 48% 1.58M 1s
   850K .......... .......... .......... .......... .......... 51% 1.32M 1s
   900K .......... .......... .......... .......... .......... 54% 1.30M 1s
   950K .......... .......... .......... .......... .......... 57% 1.45M 1s
  1000K .......... .......... .......... .......... .......... 60% 1.56M 1s
  1050K .......... .......... .......... .......... .......... 63% 1.86M 0s
  1100K .......... .......... .......... .......... .......... 65% 1.35M 0s
  1150K .......... .......... .......... .......... .......... 68% 1.43M 0s
  1200K .......... .......... .......... .......... .......... 71% 1.61M 0s
  1250K .......... .......... .......... .......... .......... 74%  898K 0s
  1300K .......... .......... .......... .......... .......... 77% 1.45M 0s
  1350K .......... .......... .......... .......... .......... 80% 1.29M 0s
  1400K .......... .......... .......... .......... .......... 83% 1.16M 0s
  1450K .......... .......... .......... .......... .......... 85% 2.15M 0s
  1500K .......... .......... .......... .......... .......... 88%  655K 0s
  1550K .......... .......... .......... .......... .......... 91% 1.53M 0s
  1600K .......... .......... .......... .......... .......... 94% 1.54M 0s
  1650K .......... .......... .......... .......... .......... 97%  769K 0s
  1700K .......... .......... .......... .......... .....     100%  834K=1.4s

2026-05-28 15:09:09 (1.23 MB/s) - ‘mirror/web.engr.oregonstate.edu/~mjb/vulkan/Handouts/GLM.4pp.pdf’ saved [1786947/1786947]

--2026-05-28 15:09:09--  https://web.engr.oregonstate.edu/~mjb/vulkan/Handouts/GLM.6pp.pdf
Reusing existing connection to web.engr.oregonstate.edu:443.
HTTP request sent, awaiting response... 200 OK
Length: 1770077 (1.7M) [application/pdf]
Saving to: ‘mirror/web.engr.oregonstate.edu/~mjb/vulkan/Handouts/GLM.6pp.pdf’

     0K .......... .......... .......... .......... ..........  2% 1.98M 1s
    50K .......... .......... .......... .......... ..........  5%  860K 1s
   100K .......... .......... .......... .......... ..........  8% 1.18M 1s
   150K .......... .......... .......... .......... .......... 11% 1.42M 1s
   200K .......... .......... .......... .......... .......... 14% 1.41M 1s
   250K .......... .......... .......... .......... .......... 17% 1.47M 1s
   300K .......... .......... .......... .......... .......... 20% 1.03M 1s
   350K .......... .......... .......... .......... .......... 23% 1.07M 1s
   400K .......... .......... .......... .......... .......... 26% 1.12M 1s
   450K .......... .......... .......... .......... .......... 28%  938K 1s
   500K .......... .......... .......... .......... .......... 31% 1.59M 1s
   550K .......... .......... .......... .......... .......... 34%  757K 1s
   600K .......... .......... .......... .......... .......... 37% 1.62M 1s
   650K .......... .......... .......... .......... .......... 40% 2.93M 1s
   700K .......... .......... .......... .......... .......... 43%  851K 1s
   750K .......... .......... .......... .......... .......... 46% 2.36M 1s
   800K .......... .......... .......... .......... .......... 49% 1.33M 1s
   850K .......... .......... .......... .......... .......... 52% 1.80M 1s
   900K .......... .......... .......... .......... .......... 54% 1.44M 1s
   950K .......... .......... .......... .......... .......... 57% 1.27M 1s
  1000K .......... .......... .......... .......... .......... 60% 1.01M 1s
  1050K .......... .......... .......... .......... .......... 63% 1.71M 0s
  1100K .......... .......... .......... .......... .......... 66% 1.44M 0s
  1150K .......... .......... .......... .......... .......... 69% 1.77M 0s
  1200K .......... .......... .......... .......... .......... 72% 1.36M 0s
  1250K .......... .......... .......... .......... .......... 75% 1.13M 0s
  1300K .......... .......... .......... .......... .......... 78% 1.17M 0s
  1350K .......... .......... .......... .......... .......... 80% 1.98M 0s
  1400K .......... .......... .......... .......... .......... 83% 1.04M 0s
  1450K .......... .......... .......... .......... .......... 86%  746K 0s
  1500K .......... .......... .......... .......... .......... 89%  952K 0s
  1550K .......... .......... .......... .......... .......... 92% 1.10M 0s
  1600K .......... .......... .......... .......... .......... 95% 1.57M 0s
  1650K .......... .......... .......... .......... .......... 98% 1.33M 0s
  1700K .......... .......... ........                        100% 3.19M=1.3s

2026-05-28 15:09:11 (1.25 MB/s) - ‘mirror/web.engr.oregonstate.edu/~mjb/vulkan/Handouts/GLM.6pp.pdf’ saved [1770077/1770077]

--2026-05-28 15:09:11--  https://web.engr.oregonstate.edu/~mjb/vulkan/Handouts/GettingInfoBack.1pp.pdf
Reusing existing connection to web.engr.oregonstate.edu:443.
HTTP request sent, awaiting response... 200 OK
Length: 537279 (525K) [application/pdf]
Saving to: ‘mirror/web.engr.oregonstate.edu/~mjb/vulkan/Handouts/GettingInfoBack.1pp.pdf’

     0K .......... .......... .......... .......... ..........  9% 2.09M 0s
    50K .......... .......... .......... .......... .......... 19% 2.66M 0s
   100K .......... .......... .......... .......... .......... 28% 1.07M 0s
   150K .......... .......... .......... .......... .......... 38% 1.23M 0s
   200K .......... .......... .......... .......... .......... 47% 2.75M 0s
   250K .......... .......... .......... .......... .......... 57%  943K 0s
   300K .......... .......... .......... .......... .......... 66% 3.81M 0s
   350K .......... .......... .......... .......... .......... 76% 1.28M 0s
   400K .......... .......... .......... .......... .......... 85% 1.15M 0s
   450K .......... .......... .......... .......... .......... 95% 2.13M 0s
   500K .......... .......... ....                            100% 1.43M=0.3s

2026-05-28 15:09:11 (1.55 MB/s) - ‘mirror/web.engr.oregonstate.edu/~mjb/vulkan/Handouts/GettingInfoBack.1pp.pdf’ saved [537279/537279]

--2026-05-28 15:09:11--  https://web.engr.oregonstate.edu/~mjb/vulkan/Handouts/GettingInfoBack.2pp.pdf
Reusing existing connection to web.engr.oregonstate.edu:443.
HTTP request sent, awaiting response... 200 OK
Length: 698936 (683K) [application/pdf]
Saving to: ‘mirror/web.engr.oregonstate.edu/~mjb/vulkan/Handouts/GettingInfoBack.2pp.pdf’

     0K .......... .......... .......... .......... ..........  7% 3.28M 0s
    50K .......... .......... .......... .......... .......... 14% 1.19M 0s
   100K .......... .......... .......... .......... .......... 21% 1.11M 0s
   150K .......... .......... .......... .......... .......... 29% 1.61M 0s
   200K .......... .......... .......... .......... .......... 36% 1.55M 0s
   250K .......... .......... .......... .......... .......... 43%  945K 0s
   300K .......... .......... .......... .......... .......... 51%  955K 0s
   350K .......... .......... .......... .......... .......... 58% 1.61M 0s
   400K .......... .......... .......... .......... .......... 65% 1.26M 0s
   450K .......... .......... .......... .......... .......... 73% 1.50M 0s
   500K .......... .......... .......... .......... .......... 80%  831K 0s
   550K .......... .......... .......... .......... .......... 87% 1.41M 0s
   600K .......... .......... .......... .......... .......... 95%  652K 0s
   650K .......... .......... .......... ..                   100% 2.36M=0.6s

2026-05-28 15:09:12 (1.20 MB/s) - ‘mirror/web.engr.oregonstate.edu/~mjb/vulkan/Handouts/GettingInfoBack.2pp.pdf’ saved [698936/698936]

--2026-05-28 15:09:12--  https://web.engr.oregonstate.edu/~mjb/vulkan/Handouts/GettingInfoBack.4pp.pdf
Reusing existing connection to web.engr.oregonstate.edu:443.
HTTP request sent, awaiting response... 200 OK
Length: 689212 (673K) [application/pdf]
Saving to: ‘mirror/web.engr.oregonstate.edu/~mjb/vulkan/Handouts/GettingInfoBack.4pp.pdf’

     0K .......... .......... .......... .......... ..........  7% 1.37M 0s
    50K .......... .......... .......... .......... .......... 14% 1.17M 0s
   100K .......... .......... .......... .......... .......... 22% 1.32M 0s
   150K .......... .......... .......... .......... .......... 29% 1.31M 0s
   200K .......... .......... .......... .......... .......... 37%  798K 0s
   250K .......... .......... .......... .......... .......... 44%  699K 0s
   300K .......... .......... .......... .......... .......... 52% 1020K 0s
   350K .......... .......... .......... .......... .......... 59%  159K 0s
   400K .......... .......... .......... .......... .......... 66% 13.6M 0s
   450K .......... .......... .......... .......... .......... 74% 20.4M 0s
   500K .......... .......... .......... .......... .......... 81% 1.85M 0s
   550K .......... .......... .......... .......... .......... 89%  832K 0s
   600K .......... .......... .......... .......... .......... 96%  614K 0s
   650K .......... .......... ...                             100% 1.05M=0.8s

2026-05-28 15:09:13 (796 KB/s) - ‘mirror/web.engr.oregonstate.edu/~mjb/vulkan/Handouts/GettingInfoBack.4pp.pdf’ saved [689212/689212]

--2026-05-28 15:09:13--  https://web.engr.oregonstate.edu/~mjb/vulkan/Handouts/GettingInfoBack.6pp.pdf
Reusing existing connection to web.engr.oregonstate.edu:443.
HTTP request sent, awaiting response... 200 OK
Length: 685648 (670K) [application/pdf]
Saving to: ‘mirror/web.engr.oregonstate.edu/~mjb/vulkan/Handouts/GettingInfoBack.6pp.pdf’

     0K .......... .......... .......... .......... ..........  7% 1.70M 0s
    50K .......... .......... .......... .......... .......... 14% 3.93M 0s
   100K .......... .......... .......... .......... .......... 22% 1.36M 0s
   150K .......... .......... .......... .......... .......... 29% 1.81M 0s
   200K .......... .......... .......... .......... .......... 37% 3.33M 0s
   250K .......... .......... .......... .......... .......... 44% 2.42M 0s
   300K .......... .......... .......... .......... .......... 52% 1.06M 0s
   350K .......... .......... .......... .......... .......... 59% 4.58M 0s
   400K .......... .......... .......... .......... .......... 67% 3.10M 0s
   450K .......... .......... .......... .......... .......... 74% 2.40M 0s
   500K .......... .......... .......... .......... .......... 82%  652K 0s
   550K .......... .......... .......... .......... .......... 89% 29.1M 0s
   600K .......... .......... .......... .......... .......... 97% 1.01M 0s
   650K .......... .........                                  100% 2.28M=0.4s

2026-05-28 15:09:13 (1.79 MB/s) - ‘mirror/web.engr.oregonstate.edu/~mjb/vulkan/Handouts/GettingInfoBack.6pp.pdf’ saved [685648/685648]

--2026-05-28 15:09:13--  https://web.engr.oregonstate.edu/~mjb/vulkan/Handouts/GraphicsPipelineDataStructure.1pp.pdf
Reusing existing connection to web.engr.oregonstate.edu:443.
HTTP request sent, awaiting response... 200 OK
Length: 3373763 (3.2M) [application/pdf]
Saving to: ‘mirror/web.engr.oregonstate.edu/~mjb/vulkan/Handouts/GraphicsPipelineDataStructure.1pp.pdf’

     0K .......... .......... .......... .......... ..........  1% 1.57M 2s
    50K .......... .......... .......... .......... ..........  3% 1.27M 2s
   100K .......... .......... .......... .......... ..........  4% 2.87M 2s
   150K .......... .......... .......... .......... ..........  6% 1.93M 2s
   200K .......... .......... .......... .......... ..........  7% 1.59M 2s
   250K .......... .......... .......... .......... ..........  9% 2.47M 2s
   300K .......... .......... .......... .......... .......... 10%  760K 2s
   350K .......... .......... .......... .......... .......... 12% 2.64M 2s
   400K .......... .......... .......... .......... .......... 13% 2.36M 2s
   450K .......... .......... .......... .......... .......... 15%  529K 2s
   500K .......... .......... .......... .......... .......... 16%  393K 2s
   550K .......... .......... .......... .......... .......... 18% 1.56M 2s
   600K .......... .......... .......... .......... .......... 19% 2.81M 2s
   650K .......... .......... .......... .......... .......... 21% 3.45M 2s
   700K .......... .......... .......... .......... .......... 22% 3.53M 2s
   750K .......... .......... .......... .......... .......... 24% 2.79M 2s
   800K .......... .......... .......... .......... .......... 25%  848K 2s
   850K .......... .......... .......... .......... .......... 27% 1.78M 2s
   900K .......... .......... .......... .......... .......... 28% 5.55M 2s
   950K .......... .......... .......... .......... .......... 30%  756K 2s
  1000K .......... .......... .......... .......... .......... 31% 1.33M 2s
  1050K .......... .......... .......... .......... .......... 33% 2.71M 2s
  1100K .......... .......... .......... .......... .......... 34%  665K 2s
  1150K .......... .......... .......... .......... .......... 36% 2.43M 2s
  1200K .......... .......... .......... .......... .......... 37%  467K 2s
  1250K .......... .......... .......... .......... .......... 39%  231K 2s
  1300K .......... .......... .......... .......... .......... 40% 3.87M 2s
  1350K .......... .......... .......... .......... .......... 42%  144M 2s
  1400K .......... .......... .......... .......... .......... 44%  884K 2s
  1450K .......... .......... .......... .......... .......... 45%  682K 2s
  1500K .......... .......... .......... .......... .......... 47%  835K 2s
  1550K .......... .......... .......... .......... .......... 48%  673K 2s
  1600K .......... .......... .......... .......... .......... 50% 1.22M 2s
  1650K .......... .......... .......... .......... .......... 51% 1.12M 1s
  1700K .......... .......... .......... .......... .......... 53%  767K 1s
  1750K .......... .......... .......... .......... .......... 54%  360K 1s
  1800K .......... .......... .......... .......... .......... 56% 21.4M 1s
  1850K .......... .......... .......... .......... .......... 57%  157M 1s
  1900K .......... .......... .......... .......... .......... 59% 1.30M 1s
  1950K .......... .......... .......... .......... .......... 60% 1005K 1s
  2000K .......... .......... .......... .......... .......... 62% 1.29M 1s
  2050K .......... .......... .......... .......... .......... 63% 2.94M 1s
  2100K .......... .......... .......... .......... .......... 65% 1.08M 1s
  2150K .......... .......... .......... .......... .......... 66% 1.41M 1s
  2200K .......... .......... .......... .......... .......... 68% 1.07M 1s
  2250K .......... .......... .......... .......... .......... 69% 1.99M 1s
  2300K .......... .......... .......... .......... .......... 71% 1.84M 1s
  2350K .......... .......... .......... .......... .......... 72%  764K 1s
  2400K .......... .......... .......... .......... .......... 74% 2.73M 1s
  2450K .......... .......... .......... .......... .......... 75% 4.81M 1s
  2500K .......... .......... .......... .......... .......... 77% 1.27M 1s
  2550K .......... .......... .......... .......... .......... 78% 1.21M 1s
  2600K .......... .......... .......... .......... .......... 80% 2.59M 1s
  2650K .......... .......... .......... .......... .......... 81% 2.05M 1s
  2700K .......... .......... .......... .......... .......... 83% 4.11M 0s
  2750K .......... .......... .......... .......... .......... 84%  705K 0s
  2800K .......... .......... .......... .......... .......... 86% 1.20M 0s
  2850K .......... .......... .......... .......... .......... 88% 1.87M 0s
  2900K .......... .......... .......... .......... .......... 89% 1.50M 0s
  2950K .......... .......... .......... .......... .......... 91%  988K 0s
  3000K .......... .......... .......... .......... .......... 92% 1.39M 0s
  3050K .......... .......... .......... .......... .......... 94% 1.93M 0s
  3100K .......... .......... .......... .......... .......... 95% 1.82M 0s
  3150K .......... .......... .......... .......... .......... 97% 2.44M 0s
  3200K .......... .......... .......... .......... .......... 98% 1.27M 0s
  3250K .......... .......... .......... .......... ....      100% 1.35M=2.7s

2026-05-28 15:09:16 (1.18 MB/s) - ‘mirror/web.engr.oregonstate.edu/~mjb/vulkan/Handouts/GraphicsPipelineDataStructure.1pp.pdf’ saved [3373763/3373763]

--2026-05-28 15:09:16--  https://web.engr.oregonstate.edu/~mjb/vulkan/Handouts/GraphicsPipelineDataStructure.2pp.pdf
Reusing existing connection to web.engr.oregonstate.edu:443.
HTTP request sent, awaiting response... 200 OK
Length: 2198613 (2.1M) [application/pdf]
Saving to: ‘mirror/web.engr.oregonstate.edu/~mjb/vulkan/Handouts/GraphicsPipelineDataStructure.2pp.pdf’

     0K .......... .......... .......... .......... ..........  2% 3.56M 1s
    50K .......... .......... .......... .......... ..........  4%  189K 6s
   100K .......... .......... .......... .......... ..........  6% 15.0M 4s
   150K .......... .......... .......... .......... ..........  9%  424K 4s
   200K .......... .......... .......... .......... .......... 11%  118M 3s
   250K .......... .......... .......... .......... .......... 13%  987K 3s
   300K .......... .......... .......... .......... .......... 16% 2.32M 2s
   350K .......... .......... .......... .......... .......... 18% 1.50M 2s
   400K .......... .......... .......... .......... .......... 20% 1.00M 2s
   450K .......... .......... .......... .......... .......... 23%  981K 2s
   500K .......... .......... .......... .......... .......... 25% 2.67M 2s
   550K .......... .......... .......... .......... .......... 27% 2.89M 2s
   600K .......... .......... .......... .......... .......... 30%  561K 2s
   650K .......... .......... .......... .......... .......... 32%  465K 2s
   700K .......... .......... .......... .......... .......... 34%  166M 2s
   750K .......... .......... .......... .......... .......... 37% 2.14M 1s
   800K .......... .......... .......... .......... .......... 39% 3.13M 1s
   850K .......... .......... .......... .......... .......... 41% 1.59M 1s
   900K .......... .......... .......... .......... .......... 44%  333K 1s
   950K .......... .......... .......... .......... .......... 46% 3.45M 1s
  1000K .......... .......... .......... .......... .......... 48% 2.86M 1s
  1050K .......... .......... .......... .......... .......... 51% 2.25M 1s
  1100K .......... .......... .......... .......... .......... 53% 1.55M 1s
  1150K .......... .......... .......... .......... .......... 55% 2.18M 1s
  1200K .......... .......... .......... .......... .......... 58%  909K 1s
  1250K .......... .......... .......... .......... .......... 60% 9.00M 1s
  1300K .......... .......... .......... .......... .......... 62% 1.36M 1s
  1350K .......... .......... .......... .......... .......... 65% 1.58M 1s
  1400K .......... .......... .......... .......... .......... 67% 3.55M 1s
  1450K .......... .......... .......... .......... .......... 69% 1.76M 1s
  1500K .......... .......... .......... .......... .......... 72% 1.31M 1s
  1550K .......... .......... .......... .......... .......... 74% 3.75M 0s
  1600K .......... .......... .......... .......... .......... 76% 2.14M 0s
  1650K .......... .......... .......... .......... .......... 79%  939K 0s
  1700K .......... .......... .......... .......... .......... 81% 1.54M 0s
  1750K .......... .......... .......... .......... .......... 83% 1.20M 0s
  1800K .......... .......... .......... .......... .......... 86% 3.14M 0s
  1850K .......... .......... .......... .......... .......... 88%  914K 0s
  1900K .......... .......... .......... .......... .......... 90%  585K 0s
  1950K .......... .......... .......... .......... .......... 93% 2.90M 0s
  2000K .......... .......... .......... .......... .......... 95% 2.13M 0s
  2050K .......... .......... .......... .......... .......... 97% 1.86M 0s
  2100K .......... .......... .......... .......... .......   100% 3.29M=1.8s

2026-05-28 15:09:18 (1.19 MB/s) - ‘mirror/web.engr.oregonstate.edu/~mjb/vulkan/Handouts/GraphicsPipelineDataStructure.2pp.pdf’ saved [2198613/2198613]

--2026-05-28 15:09:18--  https://web.engr.oregonstate.edu/~mjb/vulkan/Handouts/GraphicsPipelineDataStructure.4pp.pdf
Reusing existing connection to web.engr.oregonstate.edu:443.
HTTP request sent, awaiting response... 200 OK
Length: 1937564 (1.8M) [application/pdf]
Saving to: ‘mirror/web.engr.oregonstate.edu/~mjb/vulkan/Handouts/GraphicsPipelineDataStructure.4pp.pdf’

     0K .......... .......... .......... .......... ..........  2% 2.22M 1s
    50K .......... .......... .......... .......... ..........  5% 2.28M 1s
   100K .......... .......... .......... .......... ..........  7% 1.42M 1s
   150K .......... .......... .......... .......... .......... 10% 1.76M 1s
   200K .......... .......... .......... .......... .......... 13% 2.45M 1s
   250K .......... .......... .......... .......... .......... 15% 1.37M 1s
   300K .......... .......... .......... .......... .......... 18%  318K 1s
   350K .......... .......... .......... .......... .......... 21% 5.98M 1s
   400K .......... .......... .......... .......... .......... 23% 3.08M 1s
   450K .......... .......... .......... .......... .......... 26% 1.28M 1s
   500K .......... .......... .......... .......... .......... 29% 4.05M 1s
   550K .......... .......... .......... .......... .......... 31% 4.03M 1s
   600K .......... .......... .......... .......... .......... 34% 2.21M 1s
   650K .......... .......... .......... .......... .......... 36% 1.35M 1s
   700K .......... .......... .......... .......... .......... 39% 2.40M 1s
   750K .......... .......... .......... .......... .......... 42%  803K 1s
   800K .......... .......... .......... .......... .......... 44% 1.92M 1s
   850K .......... .......... .......... .......... .......... 47% 3.16M 1s
   900K .......... .......... .......... .......... .......... 50% 2.88M 1s
   950K .......... .......... .......... .......... .......... 52% 1.79M 1s
  1000K .......... .......... .......... .......... .......... 55% 2.32M 1s
  1050K .......... .......... .......... .......... .......... 58% 2.21M 0s
  1100K .......... .......... .......... .......... .......... 60% 3.18M 0s
  1150K .......... .......... .......... .......... .......... 63% 1.50M 0s
  1200K .......... .......... .......... .......... .......... 66% 1.44M 0s
  1250K .......... .......... .......... .......... .......... 68% 1.76M 0s
  1300K .......... .......... .......... .......... .......... 71%  369K 0s
  1350K .......... .......... .......... .......... .......... 73%  746K 0s
  1400K .......... .......... .......... .......... .......... 76% 42.7M 0s
  1450K .......... .......... .......... .......... .......... 79% 1.16M 0s
  1500K .......... .......... .......... .......... .......... 81% 1.98M 0s
  1550K .......... .......... .......... .......... .......... 84% 2.62M 0s
  1600K .......... .......... .......... .......... .......... 87% 1.98M 0s
  1650K .......... .......... .......... .......... .......... 89% 1.41M 0s
  1700K .......... .......... .......... .......... .......... 92% 2.57M 0s
  1750K .......... .......... .......... .......... .......... 95% 3.98M 0s
  1800K .......... .......... .......... .......... .......... 97% 2.35M 0s
  1850K .......... .......... .......... .......... ..        100% 3.14M=1.2s

2026-05-28 15:09:19 (1.54 MB/s) - ‘mirror/web.engr.oregonstate.edu/~mjb/vulkan/Handouts/GraphicsPipelineDataStructure.4pp.pdf’ saved [1937564/1937564]

--2026-05-28 15:09:19--  https://web.engr.oregonstate.edu/~mjb/vulkan/Handouts/GraphicsPipelineDataStructure.6pp.pdf
Reusing existing connection to web.engr.oregonstate.edu:443.
HTTP request sent, awaiting response... 200 OK
Length: 1784801 (1.7M) [application/pdf]
Saving to: ‘mirror/web.engr.oregonstate.edu/~mjb/vulkan/Handouts/GraphicsPipelineDataStructure.6pp.pdf’

     0K .......... .......... .......... .......... ..........  2% 2.00M 1s
    50K .......... .......... .......... .......... ..........  5% 1.28M 1s
   100K .......... .......... .......... .......... ..........  8% 2.00M 1s
   150K .......... .......... .......... .......... .......... 11% 1.93M 1s
   200K .......... .......... .......... .......... .......... 14% 2.50M 1s
   250K .......... .......... .......... .......... .......... 17% 3.38M 1s
   300K .......... .......... .......... .......... .......... 20% 1.67M 1s
   350K .......... .......... .......... .......... .......... 22% 2.79M 1s
   400K .......... .......... .......... .......... .......... 25% 2.08M 1s
   450K .......... .......... .......... .......... .......... 28% 1.94M 1s
   500K .......... .......... .......... .......... .......... 31% 2.29M 1s
   550K .......... .......... .......... .......... .......... 34% 4.36M 1s
   600K .......... .......... .......... .......... .......... 37% 1.03M 1s
   650K .......... .......... .......... .......... .......... 40% 1.80M 1s
   700K .......... .......... .......... .......... .......... 43% 2.76M 0s
   750K .......... .......... .......... .......... .......... 45% 1.34M 0s
   800K .......... .......... .......... .......... .......... 48% 1.35M 0s
   850K .......... .......... .......... .......... .......... 51% 1.24M 0s
   900K .......... .......... .......... .......... .......... 54% 2.56M 0s
   950K .......... .......... .......... .......... .......... 57%  921K 0s
  1000K .......... .......... .......... .......... .......... 60% 3.89M 0s
  1050K .......... .......... .......... .......... .......... 63%  919K 0s
  1100K .......... .......... .......... .......... .......... 65%  769K 0s
  1150K .......... .......... .......... .......... .......... 68% 1.56M 0s
  1200K .......... .......... .......... .......... .......... 71% 1.56M 0s
  1250K .......... .......... .......... .......... .......... 74% 3.91M 0s
  1300K .......... .......... .......... .......... .......... 77%  384K 0s
  1350K .......... .......... .......... .......... .......... 80%  141M 0s
  1400K .......... .......... .......... .......... .......... 83% 9.53M 0s
  1450K .......... .......... .......... .......... .......... 86% 1.26M 0s
  1500K .......... .......... .......... .......... .......... 88% 1.67M 0s
  1550K .......... .......... .......... .......... .......... 91%  808K 0s
  1600K .......... .......... .......... .......... .......... 94%  656K 0s
  1650K .......... .......... .......... .......... .......... 97% 1.27M 0s
  1700K .......... .......... .......... .......... ..        100% 2.46M=1.2s

2026-05-28 15:09:20 (1.47 MB/s) - ‘mirror/web.engr.oregonstate.edu/~mjb/vulkan/Handouts/GraphicsPipelineDataStructure.6pp.pdf’ saved [1784801/1784801]

--2026-05-28 15:09:20--  https://web.engr.oregonstate.edu/~mjb/vulkan/Handouts/Instancing.1pp.pdf
Reusing existing connection to web.engr.oregonstate.edu:443.
HTTP request sent, awaiting response... 200 OK
Length: 705068 (689K) [application/pdf]
Saving to: ‘mirror/web.engr.oregonstate.edu/~mjb/vulkan/Handouts/Instancing.1pp.pdf’

     0K .......... .......... .......... .......... ..........  7% 1.08M 1s
    50K .......... .......... .......... .......... .......... 14% 1.13M 1s
   100K .......... .......... .......... .......... .......... 21% 1.59M 0s
   150K .......... .......... .......... .......... .......... 29%  925K 0s
   200K .......... .......... .......... .......... .......... 36% 1.79M 0s
   250K .......... .......... .......... .......... .......... 43% 1.36M 0s
   300K .......... .......... .......... .......... .......... 50% 2.19M 0s
   350K .......... .......... .......... .......... .......... 58% 3.38M 0s
   400K .......... .......... .......... .......... .......... 65% 1.10M 0s
   450K .......... .......... .......... .......... .......... 72% 1.83M 0s
   500K .......... .......... .......... .......... .......... 79%  509K 0s
   550K .......... .......... .......... .......... .......... 87% 1.08M 0s
   600K .......... .......... .......... .......... .......... 94% 1.22M 0s
   650K .......... .......... .......... ........             100% 1.61M=0.6s

2026-05-28 15:09:21 (1.22 MB/s) - ‘mirror/web.engr.oregonstate.edu/~mjb/vulkan/Handouts/Instancing.1pp.pdf’ saved [705068/705068]

--2026-05-28 15:09:21--  https://web.engr.oregonstate.edu/~mjb/vulkan/Handouts/Instancing.2pp.pdf
Reusing existing connection to web.engr.oregonstate.edu:443.
HTTP request sent, awaiting response... 200 OK
Length: 867592 (847K) [application/pdf]
Saving to: ‘mirror/web.engr.oregonstate.edu/~mjb/vulkan/Handouts/Instancing.2pp.pdf’

     0K .......... .......... .......... .......... ..........  5%  860K 1s
    50K .......... .......... .......... .......... .......... 11% 1.75M 1s
   100K .......... .......... .......... .......... .......... 17% 1.92M 1s
   150K .......... .......... .......... .......... .......... 23% 5.05M 0s
   200K .......... .......... .......... .......... .......... 29% 2.28M 0s
   250K .......... .......... .......... .......... .......... 35% 1.61M 0s
   300K .......... .......... .......... .......... .......... 41% 3.02M 0s
   350K .......... .......... .......... .......... .......... 47% 1.93M 0s
   400K .......... .......... .......... .......... .......... 53% 3.82M 0s
   450K .......... .......... .......... .......... .......... 59% 1.76M 0s
   500K .......... .......... .......... .......... .......... 64% 3.48M 0s
   550K .......... .......... .......... .......... .......... 70%  959K 0s
   600K .......... .......... .......... .......... .......... 76% 3.54M 0s
   650K .......... .......... .......... .......... .......... 82%  435K 0s
   700K .......... .......... .......... .......... .......... 88% 29.4M 0s
   750K .......... .......... .......... .......... .......... 94% 2.68M 0s
   800K .......... .......... .......... .......... .......   100% 3.03M=0.5s

2026-05-28 15:09:21 (1.71 MB/s) - ‘mirror/web.engr.oregonstate.edu/~mjb/vulkan/Handouts/Instancing.2pp.pdf’ saved [867592/867592]

--2026-05-28 15:09:21--  https://web.engr.oregonstate.edu/~mjb/vulkan/Handouts/Instancing.4pp.pdf
Reusing existing connection to web.engr.oregonstate.edu:443.
HTTP request sent, awaiting response... 200 OK
Length: 860600 (840K) [application/pdf]
Saving to: ‘mirror/web.engr.oregonstate.edu/~mjb/vulkan/Handouts/Instancing.4pp.pdf’

     0K .......... .......... .......... .......... ..........  5% 1.80M 0s
    50K .......... .......... .......... .......... .......... 11% 3.65M 0s
   100K .......... .......... .......... .......... .......... 17% 2.13M 0s
   150K .......... .......... .......... .......... .......... 23% 1.56M 0s
   200K .......... .......... .......... .......... .......... 29% 3.00M 0s
   250K .......... .......... .......... .......... .......... 35% 1.90M 0s
   300K .......... .......... .......... .......... .......... 41% 1.36M 0s
   350K .......... .......... .......... .......... .......... 47% 4.47M 0s
   400K .......... .......... .......... .......... .......... 53% 4.66M 0s
   450K .......... .......... .......... .......... .......... 59%  552K 0s
   500K .......... .......... .......... .......... .......... 65% 1.64M 0s
   550K .......... .......... .......... .......... .......... 71% 1.92M 0s
   600K .......... .......... .......... .......... .......... 77% 3.34M 0s
   650K .......... .......... .......... .......... .......... 83% 2.27M 0s
   700K .......... .......... .......... .......... .......... 89% 1.80M 0s
   750K .......... .......... .......... .......... .......... 95% 1.92M 0s
   800K .......... .......... .......... ..........           100%  792K=0.5s

2026-05-28 15:09:22 (1.71 MB/s) - ‘mirror/web.engr.oregonstate.edu/~mjb/vulkan/Handouts/Instancing.4pp.pdf’ saved [860600/860600]

--2026-05-28 15:09:22--  https://web.engr.oregonstate.edu/~mjb/vulkan/Handouts/Instancing.6pp.pdf
Reusing existing connection to web.engr.oregonstate.edu:443.
HTTP request sent, awaiting response... 200 OK
Length: 855243 (835K) [application/pdf]
Saving to: ‘mirror/web.engr.oregonstate.edu/~mjb/vulkan/Handouts/Instancing.6pp.pdf’

     0K .......... .......... .......... .......... ..........  5% 2.13M 0s
    50K .......... .......... .......... .......... .......... 11% 72.9M 0s
   100K .......... .......... .......... .......... .......... 17% 1020K 0s
   150K .......... .......... .......... .......... .......... 23% 1.68M 0s
   200K .......... .......... .......... .......... .......... 29%  697K 0s
   250K .......... .......... .......... .......... .......... 35% 1.95M 0s
   300K .......... .......... .......... .......... .......... 41%  763K 0s
   350K .......... .......... .......... .......... .......... 47% 1.34M 0s
   400K .......... .......... .......... .......... .......... 53%  927K 0s
   450K .......... .......... .......... .......... .......... 59% 2.54M 0s
   500K .......... .......... .......... .......... .......... 65% 1.49M 0s
   550K .......... .......... .......... .......... .......... 71% 1.43M 0s
   600K .......... .......... .......... .......... .......... 77% 2.55M 0s
   650K .......... .......... .......... .......... .......... 83% 1.98M 0s
   700K .......... .......... .......... .......... .......... 89% 2.10M 0s
   750K .......... .......... .......... .......... .......... 95% 2.26M 0s
   800K .......... .......... .......... .....                100%  810K=0.6s

2026-05-28 15:09:23 (1.42 MB/s) - ‘mirror/web.engr.oregonstate.edu/~mjb/vulkan/Handouts/Instancing.6pp.pdf’ saved [855243/855243]

--2026-05-28 15:09:23--  https://web.engr.oregonstate.edu/~mjb/vulkan/Handouts/Intro.1pp.pdf
Reusing existing connection to web.engr.oregonstate.edu:443.
HTTP request sent, awaiting response... 200 OK
Length: 2873855 (2.7M) [application/pdf]
Saving to: ‘mirror/web.engr.oregonstate.edu/~mjb/vulkan/Handouts/Intro.1pp.pdf’

     0K .......... .......... .......... .......... ..........  1% 1.47M 2s
    50K .......... .......... .......... .......... ..........  3% 1.79M 2s
   100K .......... .......... .......... .......... ..........  5% 1.96M 2s
   150K .......... .......... .......... .......... ..........  7% 2.13M 1s
   200K .......... .......... .......... .......... ..........  8% 3.20M 1s
   250K .......... .......... .......... .......... .......... 10% 2.13M 1s
   300K .......... .......... .......... .......... .......... 12% 1.49M 1s
   350K .......... .......... .......... .......... .......... 14% 3.21M 1s
   400K .......... .......... .......... .......... .......... 16% 2.15M 1s
   450K .......... .......... .......... .......... .......... 17% 2.56M 1s
   500K .......... .......... .......... .......... .......... 19% 1.95M 1s
   550K .......... .......... .......... .......... .......... 21% 1.19M 1s
   600K .......... .......... .......... .......... .......... 23% 3.09M 1s
   650K .......... .......... .......... .......... .......... 24% 3.13M 1s
   700K .......... .......... .......... .......... .......... 26% 1.44M 1s
   750K .......... .......... .......... .......... .......... 28% 1.69M 1s
   800K .......... .......... .......... .......... .......... 30% 4.10M 1s
   850K .......... .......... .......... .......... .......... 32%  949K 1s
   900K .......... .......... .......... .......... .......... 33% 1.74M 1s
   950K .......... .......... .......... .......... .......... 35%  981K 1s
  1000K .......... .......... .......... .......... .......... 37% 2.20M 1s
  1050K .......... .......... .......... .......... .......... 39% 1.27M 1s
  1100K .......... .......... .......... .......... .......... 40% 1.19M 1s
  1150K .......... .......... .......... .......... .......... 42% 5.36M 1s
  1200K .......... .......... .......... .......... .......... 44% 1.74M 1s
  1250K .......... .......... .......... .......... .......... 46% 2.07M 1s
  1300K .......... .......... .......... .......... .......... 48% 3.27M 1s
  1350K .......... .......... .......... .......... .......... 49% 3.20M 1s
  1400K .......... .......... .......... .......... .......... 51% 1.17M 1s
  1450K .......... .......... .......... .......... .......... 53% 1.76M 1s
  1500K .......... .......... .......... .......... .......... 55% 1.53M 1s
  1550K .......... .......... .......... .......... .......... 57% 2.70M 1s
  1600K .......... .......... .......... .......... .......... 58% 1.85M 1s
  1650K .......... .......... .......... .......... .......... 60% 2.13M 1s
  1700K .......... .......... .......... .......... .......... 62% 2.11M 1s
  1750K .......... .......... .......... .......... .......... 64% 1.79M 1s
  1800K .......... .......... .......... .......... .......... 65% 4.62M 0s
  1850K .......... .......... .......... .......... .......... 67% 1.62M 0s
  1900K .......... .......... .......... .......... .......... 69%  822K 0s
  1950K .......... .......... .......... .......... .......... 71%  702K 0s
  2000K .......... .......... .......... .......... .......... 73% 3.03M 0s
  2050K .......... .......... .......... .......... .......... 74% 1.81M 0s
  2100K .......... .......... .......... .......... .......... 76% 1.55M 0s
  2150K .......... .......... .......... .......... .......... 78%  698K 0s
  2200K .......... .......... .......... .......... .......... 80% 1.19M 0s
  2250K .......... .......... .......... .......... .......... 81% 2.71M 0s
  2300K .......... .......... .......... .......... .......... 83%  556K 0s
  2350K .......... .......... .......... .......... .......... 85% 3.37M 0s
  2400K .......... .......... .......... .......... .......... 87% 1.32M 0s
  2450K .......... .......... .......... .......... .......... 89% 1.03M 0s
  2500K .......... .......... .......... .......... .......... 90% 2.58M 0s
  2550K .......... .......... .......... .......... .......... 92%  792K 0s
  2600K .......... .......... .......... .......... .......... 94% 1.40M 0s
  2650K .......... .......... .......... .......... .......... 96% 1.73M 0s
  2700K .......... .......... .......... .......... .......... 97% 2.00M 0s
  2750K .......... .......... .......... .......... .......... 99% 1.96M 0s
  2800K ......                                                100% 8.38M=1.7s

2026-05-28 15:09:24 (1.60 MB/s) - ‘mirror/web.engr.oregonstate.edu/~mjb/vulkan/Handouts/Intro.1pp.pdf’ saved [2873855/2873855]

--2026-05-28 15:09:24--  https://web.engr.oregonstate.edu/~mjb/vulkan/Handouts/Intro.2pp.pdf
Reusing existing connection to web.engr.oregonstate.edu:443.
HTTP request sent, awaiting response... 200 OK
Length: 2517192 (2.4M) [application/pdf]
Saving to: ‘mirror/web.engr.oregonstate.edu/~mjb/vulkan/Handouts/Intro.2pp.pdf’

     0K .......... .......... .......... .......... ..........  2% 2.82M 1s
    50K .......... .......... .......... .......... ..........  4%  831K 2s
   100K .......... .......... .......... .......... ..........  6% 1.38M 2s
   150K .......... .......... .......... .......... ..........  8% 3.96M 1s
   200K .......... .......... .......... .......... .......... 10% 4.30M 1s
   250K .......... .......... .......... .......... .......... 12% 2.17M 1s
   300K .......... .......... .......... .......... .......... 14% 1.17M 1s
   350K .......... .......... .......... .......... .......... 16% 1.54M 1s
   400K .......... .......... .......... .......... .......... 18% 4.73M 1s
   450K .......... .......... .......... .......... .......... 20% 3.96M 1s
   500K .......... .......... .......... .......... .......... 22% 1.08M 1s
   550K .......... .......... .......... .......... .......... 24% 2.34M 1s
   600K .......... .......... .......... .......... .......... 26%  749K 1s
   650K .......... .......... .......... .......... .......... 28% 1.84M 1s
   700K .......... .......... .......... .......... .......... 30% 1.50M 1s
   750K .......... .......... .......... .......... .......... 32% 2.21M 1s
   800K .......... .......... .......... .......... .......... 34% 1.16M 1s
   850K .......... .......... .......... .......... .......... 36%  921K 1s
   900K .......... .......... .......... .......... .......... 38% 1.68M 1s
   950K .......... .......... .......... .......... .......... 40% 1.88M 1s
  1000K .......... .......... .......... .......... .......... 42%  781K 1s
  1050K .......... .......... .......... .......... .......... 44% 1.30M 1s
  1100K .......... .......... .......... .......... .......... 46% 1.12M 1s
  1150K .......... .......... .......... .......... .......... 48% 1.88M 1s
  1200K .......... .......... .......... .......... .......... 50% 1.85M 1s
  1250K .......... .......... .......... .......... .......... 52%  979K 1s
  1300K .......... .......... .......... .......... .......... 54% 1.62M 1s
  1350K .......... .......... .......... .......... .......... 56% 1.37M 1s
  1400K .......... .......... .......... .......... .......... 58%  611K 1s
  1450K .......... .......... .......... .......... .......... 61%  775K 1s
  1500K .......... .......... .......... .......... .......... 63% 3.53M 1s
  1550K .......... .......... .......... .......... .......... 65% 2.44M 1s
  1600K .......... .......... .......... .......... .......... 67%  826K 1s
  1650K .......... .......... .......... .......... .......... 69% 3.61M 1s
  1700K .......... .......... .......... .......... .......... 71%  902K 1s
  1750K .......... .......... .......... .......... .......... 73% 1.28M 0s
  1800K .......... .......... .......... .......... .......... 75% 1.39M 0s
  1850K .......... .......... .......... .......... .......... 77% 1.54M 0s
  1900K .......... .......... .......... .......... .......... 79% 1.83M 0s
  1950K .......... .......... .......... .......... .......... 81% 4.51M 0s
  2000K .......... .......... .......... .......... .......... 83% 1.48M 0s
  2050K .......... .......... .......... .......... .......... 85% 2.10M 0s
  2100K .......... .......... .......... .......... .......... 87% 3.44M 0s
  2150K .......... .......... .......... .......... .......... 89% 1.54M 0s
  2200K .......... .......... .......... .......... .......... 91% 1.67M 0s
  2250K .......... .......... .......... .......... .......... 93% 1.89M 0s
  2300K .......... .......... .......... .......... .......... 95% 2.03M 0s
  2350K .......... .......... .......... .......... .......... 97% 2.26M 0s
  2400K .......... .......... .......... .......... .......... 99% 1.24M 0s
  2450K ........                                              100% 11.8M=1.6s

2026-05-28 15:09:26 (1.47 MB/s) - ‘mirror/web.engr.oregonstate.edu/~mjb/vulkan/Handouts/Intro.2pp.pdf’ saved [2517192/2517192]

--2026-05-28 15:09:26--  https://web.engr.oregonstate.edu/~mjb/vulkan/Handouts/Intro.4pp.pdf
Reusing existing connection to web.engr.oregonstate.edu:443.
HTTP request sent, awaiting response... 200 OK
Length: 2442838 (2.3M) [application/pdf]
Saving to: ‘mirror/web.engr.oregonstate.edu/~mjb/vulkan/Handouts/Intro.4pp.pdf’

     0K .......... .......... .......... .......... ..........  2%  988K 2s
    50K .......... .......... .......... .......... ..........  4% 1.05M 2s
   100K .......... .......... .......... .......... ..........  6%  854K 2s
   150K .......... .......... .......... .......... ..........  8% 1.66M 2s
   200K .......... .......... .......... .......... .......... 10% 29.0M 2s
   250K .......... .......... .......... .......... .......... 12% 2.40M 1s
   300K .......... .......... .......... .......... .......... 14% 2.47M 1s
   350K .......... .......... .......... .......... .......... 16% 1.68M 1s
   400K .......... .......... .......... .......... .......... 18% 1.31M 1s
   450K .......... .......... .......... .......... .......... 20%  821K 1s
   500K .......... .......... .......... .......... .......... 23% 2.17M 1s
   550K .......... .......... .......... .......... .......... 25% 1.15M 1s
   600K .......... .......... .......... .......... .......... 27% 2.47M 1s
   650K .......... .......... .......... .......... .......... 29%  509K 1s
   700K .......... .......... .......... .......... .......... 31%  967K 1s
   750K .......... .......... .......... .......... .......... 33% 1.49M 1s
   800K .......... .......... .......... .......... .......... 35% 2.25M 1s
   850K .......... .......... .......... .......... .......... 37%  833K 1s
   900K .......... .......... .......... .......... .......... 39% 2.11M 1s
   950K .......... .......... .......... .......... .......... 41% 1.85M 1s
  1000K .......... .......... .......... .......... .......... 44% 1.86M 1s
  1050K .......... .......... .......... .......... .......... 46% 2.35M 1s
  1100K .......... .......... .......... .......... .......... 48% 3.41M 1s
  1150K .......... .......... .......... .......... .......... 50% 1.33M 1s
  1200K .......... .......... .......... .......... .......... 52% 1.40M 1s
  1250K .......... .......... .......... .......... .......... 54% 1.52M 1s
  1300K .......... .......... .......... .......... .......... 56% 1.94M 1s
  1350K .......... .......... .......... .......... .......... 58% 1.37M 1s
  1400K .......... .......... .......... .......... .......... 60% 1.39M 1s
  1450K .......... .......... .......... .......... .......... 62%  832K 1s
  1500K .......... .......... .......... .......... .......... 64% 1.36M 1s
  1550K .......... .......... .......... .......... .......... 67% 2.38M 1s
  1600K .......... .......... .......... .......... .......... 69% 1.26M 1s
  1650K .......... .......... .......... .......... .......... 71% 1.82M 0s
  1700K .......... .......... .......... .......... .......... 73% 1.91M 0s
  1750K .......... .......... .......... .......... .......... 75% 1.36M 0s
  1800K .......... .......... .......... .......... .......... 77% 1.68M 0s
  1850K .......... .......... .......... .......... .......... 79% 4.39M 0s
  1900K .......... .......... .......... .......... .......... 81% 1.10M 0s
  1950K .......... .......... .......... .......... .......... 83% 2.29M 0s
  2000K .......... .......... .......... .......... .......... 85%  346K 0s
  2050K .......... .......... .......... .......... .......... 88% 2.40M 0s
  2100K .......... .......... .......... .......... .......... 90% 1.33M 0s
  2150K .......... .......... .......... .......... .......... 92% 1.36M 0s
  2200K .......... .......... .......... .......... .......... 94% 1.39M 0s
  2250K .......... .......... .......... .......... .......... 96% 1.44M 0s
  2300K .......... .......... .......... .......... .......... 98% 1.38M 0s
  2350K .......... .......... .......... .....                100% 2.39M=1.7s

2026-05-28 15:09:28 (1.35 MB/s) - ‘mirror/web.engr.oregonstate.edu/~mjb/vulkan/Handouts/Intro.4pp.pdf’ saved [2442838/2442838]

--2026-05-28 15:09:28--  https://web.engr.oregonstate.edu/~mjb/vulkan/Handouts/Intro.6pp.pdf
Reusing existing connection to web.engr.oregonstate.edu:443.
HTTP request sent, awaiting response... 200 OK
Length: 2376450 (2.3M) [application/pdf]
Saving to: ‘mirror/web.engr.oregonstate.edu/~mjb/vulkan/Handouts/Intro.6pp.pdf’

     0K .......... .......... .......... .......... ..........  2% 3.85M 1s
    50K .......... .......... .......... .......... ..........  4% 1.29M 1s
   100K .......... .......... .......... .......... ..........  6% 1.00M 1s
   150K .......... .......... .......... .......... ..........  8% 2.64M 1s
   200K .......... .......... .......... .......... .......... 10% 1.59M 1s
   250K .......... .......... .......... .......... .......... 12% 1.61M 1s
   300K .......... .......... .......... .......... .......... 15% 2.87M 1s
   350K .......... .......... .......... .......... .......... 17% 3.33M 1s
   400K .......... .......... .......... .......... .......... 19% 1.32M 1s
   450K .......... .......... .......... .......... .......... 21% 1.98M 1s
   500K .......... .......... .......... .......... .......... 23% 1.31M 1s
   550K .......... .......... .......... .......... .......... 25% 2.57M 1s
   600K .......... .......... .......... .......... .......... 28%  936K 1s
   650K .......... .......... .......... .......... .......... 30%  605K 1s
   700K .......... .......... .......... .......... .......... 32% 2.55M 1s
   750K .......... .......... .......... .......... .......... 34% 1.75M 1s
   800K .......... .......... .......... .......... .......... 36%  837K 1s
   850K .......... .......... .......... .......... .......... 38% 1.00M 1s
   900K .......... .......... .......... .......... .......... 40% 1.24M 1s
   950K .......... .......... .......... .......... .......... 43% 1.63M 1s
  1000K .......... .......... .......... .......... .......... 45% 2.76M 1s
  1050K .......... .......... .......... .......... .......... 47%  977K 1s
  1100K .......... .......... .......... .......... .......... 49% 2.13M 1s
  1150K .......... .......... .......... .......... .......... 51% 1020K 1s
  1200K .......... .......... .......... .......... .......... 53%  918K 1s
  1250K .......... .......... .......... .......... .......... 56%  864K 1s
  1300K .......... .......... .......... .......... .......... 58% 5.48M 1s
  1350K .......... .......... .......... .......... .......... 60% 1.36M 1s
  1400K .......... .......... .......... .......... .......... 62% 3.06M 1s
  1450K .......... .......... .......... .......... .......... 64% 3.14M 1s
  1500K .......... .......... .......... .......... .......... 66% 1.25M 1s
  1550K .......... .......... .......... .......... .......... 68% 1.94M 0s
  1600K .......... .......... .......... .......... .......... 71% 2.46M 0s
  1650K .......... .......... .......... .......... .......... 73% 1.68M 0s
  1700K .......... .......... .......... .......... .......... 75% 3.62M 0s
  1750K .......... .......... .......... .......... .......... 77% 3.47M 0s
  1800K .......... .......... .......... .......... .......... 79% 1.68M 0s
  1850K .......... .......... .......... .......... .......... 81% 1.99M 0s
  1900K .......... .......... .......... .......... .......... 84% 5.24M 0s
  1950K .......... .......... .......... .......... .......... 86% 1.28M 0s
  2000K .......... .......... .......... .......... .......... 88% 1.63M 0s
  2050K .......... .......... .......... .......... .......... 90% 2.94M 0s
  2100K .......... .......... .......... .......... .......... 92%  935K 0s
  2150K .......... .......... .......... .......... .......... 94% 1.66M 0s
  2200K .......... .......... .......... .......... .......... 96%  628K 0s
  2250K .......... .......... .......... .......... .......... 99% 2.00M 0s
  2300K .......... ..........                                 100% 6.04M=1.5s

2026-05-28 15:09:29 (1.51 MB/s) - ‘mirror/web.engr.oregonstate.edu/~mjb/vulkan/Handouts/Intro.6pp.pdf’ saved [2376450/2376450]

--2026-05-28 15:09:29--  https://web.engr.oregonstate.edu/~mjb/vulkan/Handouts/LogicalDevices.1pp.pdf
Reusing existing connection to web.engr.oregonstate.edu:443.
HTTP request sent, awaiting response... 200 OK
Length: 670030 (654K) [application/pdf]
Saving to: ‘mirror/web.engr.oregonstate.edu/~mjb/vulkan/Handouts/LogicalDevices.1pp.pdf’

     0K .......... .......... .......... .......... ..........  7% 2.17M 0s
    50K .......... .......... .......... .......... .......... 15% 1.61M 0s
   100K .......... .......... .......... .......... .......... 22% 2.54M 0s
   150K .......... .......... .......... .......... .......... 30% 5.73M 0s
   200K .......... .......... .......... .......... .......... 38% 1.62M 0s
   250K .......... .......... .......... .......... .......... 45% 2.31M 0s
   300K .......... .......... .......... .......... .......... 53% 1.67M 0s
   350K .......... .......... .......... .......... .......... 61% 2.05M 0s
   400K .......... .......... .......... .......... .......... 68% 1.68M 0s
   450K .......... .......... .......... .......... .......... 76% 1.57M 0s
   500K .......... .......... .......... .......... .......... 84% 2.14M 0s
   550K .......... .......... .......... .......... .......... 91% 3.38M 0s
   600K .......... .......... .......... .......... .......... 99%  653K 0s
   650K ....                                                  100% 8.06T=0.4s

2026-05-28 15:09:30 (1.78 MB/s) - ‘mirror/web.engr.oregonstate.edu/~mjb/vulkan/Handouts/LogicalDevices.1pp.pdf’ saved [670030/670030]

--2026-05-28 15:09:30--  https://web.engr.oregonstate.edu/~mjb/vulkan/Handouts/LogicalDevices.2pp.pdf
Reusing existing connection to web.engr.oregonstate.edu:443.
HTTP request sent, awaiting response... 200 OK
Length: 784627 (766K) [application/pdf]
Saving to: ‘mirror/web.engr.oregonstate.edu/~mjb/vulkan/Handouts/LogicalDevices.2pp.pdf’

     0K .......... .......... .......... .......... ..........  6% 1.91M 0s
    50K .......... .......... .......... .......... .......... 13% 3.16M 0s
   100K .......... .......... .......... .......... .......... 19%  796K 0s
   150K .......... .......... .......... .......... .......... 26%  664K 1s
   200K .......... .......... .......... .......... .......... 32%  680K 1s
   250K .......... .......... .......... .......... .......... 39% 1012K 0s
   300K .......... .......... .......... .......... .......... 45% 2.01M 0s
   350K .......... .......... .......... .......... .......... 52%  583K 0s
   400K .......... .......... .......... .......... .......... 58% 1.04M 0s
   450K .......... .......... .......... .......... .......... 65% 1.31M 0s
   500K .......... .......... .......... .......... .......... 71% 2.12M 0s
   550K .......... .......... .......... .......... .......... 78% 1.41M 0s
   600K .......... .......... .......... .......... .......... 84% 1.14M 0s
   650K .......... .......... .......... .......... .......... 91% 1.30M 0s
   700K .......... .......... .......... .......... .......... 97% 1.74M 0s
   750K .......... ......                                     100% 3.12M=0.7s

2026-05-28 15:09:31 (1.12 MB/s) - ‘mirror/web.engr.oregonstate.edu/~mjb/vulkan/Handouts/LogicalDevices.2pp.pdf’ saved [784627/784627]

--2026-05-28 15:09:31--  https://web.engr.oregonstate.edu/~mjb/vulkan/Handouts/LogicalDevices.4pp.pdf
Reusing existing connection to web.engr.oregonstate.edu:443.
HTTP request sent, awaiting response... 200 OK
Length: 761986 (744K) [application/pdf]
Saving to: ‘mirror/web.engr.oregonstate.edu/~mjb/vulkan/Handouts/LogicalDevices.4pp.pdf’

     0K .......... .......... .......... .......... ..........  6% 2.82M 0s
    50K .......... .......... .......... .......... .......... 13%  607K 1s
   100K .......... .......... .......... .......... .......... 20%  853K 1s
   150K .......... .......... .......... .......... .......... 26% 3.04M 0s
   200K .......... .......... .......... .......... .......... 33% 2.06M 0s
   250K .......... .......... .......... .......... .......... 40% 1.89M 0s
   300K .......... .......... .......... .......... .......... 47% 2.07M 0s
   350K .......... .......... .......... .......... .......... 53%  268K 0s
   400K .......... .......... .......... .......... .......... 60% 3.82M 0s
   450K .......... .......... .......... .......... .......... 67% 48.8M 0s
   500K .......... .......... .......... .......... .......... 73% 1.87M 0s
   550K .......... .......... .......... .......... .......... 80% 1.92M 0s
   600K .......... .......... .......... .......... .......... 87%  764K 0s
   650K .......... .......... .......... .......... .......... 94%  864K 0s
   700K .......... .......... .......... .......... ....      100% 1.77M=0.6s

2026-05-28 15:09:31 (1.12 MB/s) - ‘mirror/web.engr.oregonstate.edu/~mjb/vulkan/Handouts/LogicalDevices.4pp.pdf’ saved [761986/761986]

--2026-05-28 15:09:31--  https://web.engr.oregonstate.edu/~mjb/vulkan/Handouts/LogicalDevices.6pp.pdf
Reusing existing connection to web.engr.oregonstate.edu:443.
HTTP request sent, awaiting response... 200 OK
Length: 743067 (726K) [application/pdf]
Saving to: ‘mirror/web.engr.oregonstate.edu/~mjb/vulkan/Handouts/LogicalDevices.6pp.pdf’

     0K .......... .......... .......... .......... ..........  6% 2.29M 0s
    50K .......... .......... .......... .......... .......... 13% 2.17M 0s
   100K .......... .......... .......... .......... .......... 20% 3.22M 0s
   150K .......... .......... .......... .......... .......... 27% 1.60M 0s
   200K .......... .......... .......... .......... .......... 34% 3.10M 0s
   250K .......... .......... .......... .......... .......... 41% 2.47M 0s
   300K .......... .......... .......... .......... .......... 48% 3.82M 0s
   350K .......... .......... .......... .......... .......... 55% 1.46M 0s
   400K .......... .......... .......... .......... .......... 62% 3.49M 0s
   450K .......... .......... .......... .......... .......... 68% 1.98M 0s
   500K .......... .......... .......... .......... .......... 75% 1.61M 0s
   550K .......... .......... .......... .......... .......... 82% 1.56M 0s
   600K .......... .......... .......... .......... .......... 89% 2.28M 0s
   650K .......... .......... .......... .......... .......... 96% 2.17M 0s
   700K .......... .......... .....                           100% 2.13M=0.3s

2026-05-28 15:09:32 (2.17 MB/s) - ‘mirror/web.engr.oregonstate.edu/~mjb/vulkan/Handouts/LogicalDevices.6pp.pdf’ saved [743067/743067]

--2026-05-28 15:09:32--  https://web.engr.oregonstate.edu/~mjb/vulkan/Handouts/MultiPass.1pp.pdf
Reusing existing connection to web.engr.oregonstate.edu:443.
HTTP request sent, awaiting response... 200 OK
Length: 737891 (721K) [application/pdf]
Saving to: ‘mirror/web.engr.oregonstate.edu/~mjb/vulkan/Handouts/MultiPass.1pp.pdf’

     0K .......... .......... .......... .......... ..........  6% 4.71M 0s
    50K .......... .......... .......... .......... .......... 13% 1.32M 0s
   100K .......... .......... .......... .......... .......... 20% 3.55M 0s
   150K .......... .......... .......... .......... .......... 27% 3.03M 0s
   200K .......... .......... .......... .......... .......... 34% 1.68M 0s
   250K .......... .......... .......... .......... .......... 41% 1.55M 0s
   300K .......... .......... .......... .......... .......... 48% 1.17M 0s
   350K .......... .......... .......... .......... .......... 55% 1.80M 0s
   400K .......... .......... .......... .......... .......... 62% 3.38M 0s
   450K .......... .......... .......... .......... .......... 69%  899K 0s
   500K .......... .......... .......... .......... .......... 76% 3.01M 0s
   550K .......... .......... .......... .......... .......... 83% 1.72M 0s
   600K .......... .......... .......... .......... .......... 90% 1.19M 0s
   650K .......... .......... .......... .......... .......... 97% 2.46M 0s
   700K .......... ..........                                 100% 3.25M=0.4s

2026-05-28 15:09:32 (1.81 MB/s) - ‘mirror/web.engr.oregonstate.edu/~mjb/vulkan/Handouts/MultiPass.1pp.pdf’ saved [737891/737891]

--2026-05-28 15:09:32--  https://web.engr.oregonstate.edu/~mjb/vulkan/Handouts/MultiPass.2pp.pdf
Reusing existing connection to web.engr.oregonstate.edu:443.
HTTP request sent, awaiting response... 200 OK
Length: 385946 (377K) [application/pdf]
Saving to: ‘mirror/web.engr.oregonstate.edu/~mjb/vulkan/Handouts/MultiPass.2pp.pdf’

     0K .......... .......... .......... .......... .......... 13% 2.78M 0s
    50K .......... .......... .......... .......... .......... 26%  868K 0s
   100K .......... .......... .......... .......... .......... 39% 1.27M 0s
   150K .......... .......... .......... .......... .......... 53%  835K 0s
   200K .......... .......... .......... .......... .......... 66% 2.69M 0s
   250K .......... .......... .......... .......... .......... 79% 1.53M 0s
   300K .......... .......... .......... .......... .......... 92% 3.14M 0s
   350K .......... .......... ......                          100% 1.69M=0.3s

2026-05-28 15:09:32 (1.45 MB/s) - ‘mirror/web.engr.oregonstate.edu/~mjb/vulkan/Handouts/MultiPass.2pp.pdf’ saved [385946/385946]

--2026-05-28 15:09:32--  https://web.engr.oregonstate.edu/~mjb/vulkan/Handouts/MultiPass.4pp.pdf
Reusing existing connection to web.engr.oregonstate.edu:443.
HTTP request sent, awaiting response... 200 OK
Length: 317458 (310K) [application/pdf]
Saving to: ‘mirror/web.engr.oregonstate.edu/~mjb/vulkan/Handouts/MultiPass.4pp.pdf’

     0K .......... .......... .......... .......... .......... 16% 2.13M 0s
    50K .......... .......... .......... .......... .......... 32%  770K 0s
   100K .......... .......... .......... .......... .......... 48% 1.00M 0s
   150K .......... .......... .......... .......... .......... 64% 3.53M 0s
   200K .......... .......... .......... .......... .......... 80% 1.16M 0s
   250K .......... .......... .......... .......... .......... 96%  865K 0s
   300K ..........                                            100% 5.99M=0.3s

2026-05-28 15:09:33 (1.20 MB/s) - ‘mirror/web.engr.oregonstate.edu/~mjb/vulkan/Handouts/MultiPass.4pp.pdf’ saved [317458/317458]

--2026-05-28 15:09:33--  https://web.engr.oregonstate.edu/~mjb/vulkan/Handouts/MultiPass.6pp.pdf
Reusing existing connection to web.engr.oregonstate.edu:443.
HTTP request sent, awaiting response... 200 OK
Length: 261698 (256K) [application/pdf]
Saving to: ‘mirror/web.engr.oregonstate.edu/~mjb/vulkan/Handouts/MultiPass.6pp.pdf’

     0K .......... .......... .......... .......... .......... 19% 2.92M 0s
    50K .......... .......... .......... .......... .......... 39% 1.51M 0s
   100K .......... .......... .......... .......... .......... 58% 2.73M 0s
   150K .......... .......... .......... .......... .......... 78% 2.34M 0s
   200K .......... .......... .......... .......... .......... 97%  789K 0s
   250K .....                                                 100% 10.5M=0.2s

2026-05-28 15:09:33 (1.65 MB/s) - ‘mirror/web.engr.oregonstate.edu/~mjb/vulkan/Handouts/MultiPass.6pp.pdf’ saved [261698/261698]

--2026-05-28 15:09:33--  https://web.engr.oregonstate.edu/~mjb/vulkan/Handouts/MultiSampling.1pp.pdf
Reusing existing connection to web.engr.oregonstate.edu:443.
HTTP request sent, awaiting response... 200 OK
Length: 1416173 (1.3M) [application/pdf]
Saving to: ‘mirror/web.engr.oregonstate.edu/~mjb/vulkan/Handouts/MultiSampling.1pp.pdf’

     0K .......... .......... .......... .......... ..........  3% 2.14M 1s
    50K .......... .......... .......... .......... ..........  7% 3.24M 0s
   100K .......... .......... .......... .......... .......... 10% 1.07M 1s
   150K .......... .......... .......... .......... .......... 14% 4.91M 1s
   200K .......... .......... .......... .......... .......... 18%  928K 1s
   250K .......... .......... .......... .......... .......... 21% 1.65M 1s
   300K .......... .......... .......... .......... .......... 25% 1.49M 1s
   350K .......... .......... .......... .......... .......... 28% 4.32M 1s
   400K .......... .......... .......... .......... .......... 32%  955K 1s
   450K .......... .......... .......... .......... .......... 36% 4.27M 1s
   500K .......... .......... .......... .......... .......... 39% 1.52M 0s
   550K .......... .......... .......... .......... .......... 43%  659K 1s
   600K .......... .......... .......... .......... .......... 46% 2.70M 0s
   650K .......... .......... .......... .......... .......... 50% 2.15M 0s
   700K .......... .......... .......... .......... .......... 54% 3.85M 0s
   750K .......... .......... .......... .......... .......... 57% 2.41M 0s
   800K .......... .......... .......... .......... .......... 61% 1.68M 0s
   850K .......... .......... .......... .......... .......... 65% 1.00M 0s
   900K .......... .......... .......... .......... .......... 68% 4.72M 0s
   950K .......... .......... .......... .......... .......... 72% 3.82M 0s
  1000K .......... .......... .......... .......... .......... 75% 1.96M 0s
  1050K .......... .......... .......... .......... .......... 79% 1.31M 0s
  1100K .......... .......... .......... .......... .......... 83% 3.45M 0s
  1150K .......... .......... .......... .......... .......... 86% 2.66M 0s
  1200K .......... .......... .......... .......... .......... 90% 1.07M 0s
  1250K .......... .......... .......... .......... .......... 93% 2.40M 0s
  1300K .......... .......... .......... .......... .......... 97% 1.15M 0s
  1350K .......... .......... .......... ..                   100% 1.83M=0.8s

2026-05-28 15:09:34 (1.71 MB/s) - ‘mirror/web.engr.oregonstate.edu/~mjb/vulkan/Handouts/MultiSampling.1pp.pdf’ saved [1416173/1416173]

--2026-05-28 15:09:34--  https://web.engr.oregonstate.edu/~mjb/vulkan/Handouts/MultiSampling.2pp.pdf
Reusing existing connection to web.engr.oregonstate.edu:443.
HTTP request sent, awaiting response... 200 OK
Length: 1165259 (1.1M) [application/pdf]
Saving to: ‘mirror/web.engr.oregonstate.edu/~mjb/vulkan/Handouts/MultiSampling.2pp.pdf’

     0K .......... .......... .......... .......... ..........  4% 1.08M 1s
    50K .......... .......... .......... .......... ..........  8% 1.56M 1s
   100K .......... .......... .......... .......... .......... 13%  611K 1s
   150K .......... .......... .......... .......... .......... 17% 5.02M 1s
   200K .......... .......... .......... .......... .......... 21% 1.63M 1s
   250K .......... .......... .......... .......... .......... 26% 1.42M 1s
   300K .......... .......... .......... .......... .......... 30% 1.86M 1s
   350K .......... .......... .......... .......... .......... 35% 2.61M 1s
   400K .......... .......... .......... .......... .......... 39% 2.01M 0s
   450K .......... .......... .......... .......... .......... 43%  644K 0s
   500K .......... .......... .......... .......... .......... 48% 3.16M 0s
   550K .......... .......... .......... .......... .......... 52% 3.21M 0s
   600K .......... .......... .......... .......... .......... 57%  725K 0s
   650K .......... .......... .......... .......... .......... 61% 2.50M 0s
   700K .......... .......... .......... .......... .......... 65% 1.26M 0s
   750K .......... .......... .......... .......... .......... 70% 1.36M 0s
   800K .......... .......... .......... .......... .......... 74% 4.65M 0s
   850K .......... .......... .......... .......... .......... 79% 1.36M 0s
   900K .......... .......... .......... .......... .......... 83% 1.43M 0s
   950K .......... .......... .......... .......... .......... 87% 1.79M 0s
  1000K .......... .......... .......... .......... .......... 92% 2.63M 0s
  1050K .......... .......... .......... .......... .......... 96% 1.39M 0s
  1100K .......... .......... .......... .......              100%  950K=0.8s

2026-05-28 15:09:35 (1.43 MB/s) - ‘mirror/web.engr.oregonstate.edu/~mjb/vulkan/Handouts/MultiSampling.2pp.pdf’ saved [1165259/1165259]

--2026-05-28 15:09:35--  https://web.engr.oregonstate.edu/~mjb/vulkan/Handouts/MultiSampling.4pp.pdf
Reusing existing connection to web.engr.oregonstate.edu:443.
HTTP request sent, awaiting response... 200 OK
Length: 1152875 (1.1M) [application/pdf]
Saving to: ‘mirror/web.engr.oregonstate.edu/~mjb/vulkan/Handouts/MultiSampling.4pp.pdf’

     0K .......... .......... .......... .......... ..........  4% 3.43M 0s
    50K .......... .......... .......... .......... ..........  8% 4.59M 0s
   100K .......... .......... .......... .......... .......... 13%  661K 1s
   150K .......... .......... .......... .......... .......... 17% 1.25M 1s
   200K .......... .......... .......... .......... .......... 22% 1.42M 1s
   250K .......... .......... .......... .......... .......... 26% 2.10M 1s
   300K .......... .......... .......... .......... .......... 31%  472K 1s
   350K .......... .......... .......... .......... .......... 35% 2.80M 1s
   400K .......... .......... .......... .......... .......... 39% 3.33M 1s
   450K .......... .......... .......... .......... .......... 44%  809K 0s
   500K .......... .......... .......... .......... .......... 48% 2.68M 0s
   550K .......... .......... .......... .......... .......... 53% 2.21M 0s
   600K .......... .......... .......... .......... .......... 57% 1.24M 0s
   650K .......... .......... .......... .......... .......... 62% 3.20M 0s
   700K .......... .......... .......... .......... .......... 66% 1.47M 0s
   750K .......... .......... .......... .......... .......... 71% 1.28M 0s
   800K .......... .......... .......... .......... .......... 75% 4.58M 0s
   850K .......... .......... .......... .......... .......... 79% 1.94M 0s
   900K .......... .......... .......... .......... .......... 84% 2.81M 0s
   950K .......... .......... .......... .......... .......... 88% 2.01M 0s
  1000K .......... .......... .......... .......... .......... 93%  930K 0s
  1050K .......... .......... .......... .......... .......... 97% 2.23M 0s
  1100K .......... .......... .....                           100% 5.53M=0.7s

2026-05-28 15:09:35 (1.53 MB/s) - ‘mirror/web.engr.oregonstate.edu/~mjb/vulkan/Handouts/MultiSampling.4pp.pdf’ saved [1152875/1152875]

--2026-05-28 15:09:36--  https://web.engr.oregonstate.edu/~mjb/vulkan/Handouts/MultiSampling.6pp.pdf
Reusing existing connection to web.engr.oregonstate.edu:443.
HTTP request sent, awaiting response... 200 OK
Length: 1085223 (1.0M) [application/pdf]
Saving to: ‘mirror/web.engr.oregonstate.edu/~mjb/vulkan/Handouts/MultiSampling.6pp.pdf’

     0K .......... .......... .......... .......... ..........  4% 3.35M 0s
    50K .......... .......... .......... .......... ..........  9% 1.82M 0s
   100K .......... .......... .......... .......... .......... 14% 3.93M 0s
   150K .......... .......... .......... .......... .......... 18% 2.03M 0s
   200K .......... .......... .......... .......... .......... 23% 3.01M 0s
   250K .......... .......... .......... .......... .......... 28% 1.73M 0s
   300K .......... .......... .......... .......... .......... 33% 3.87M 0s
   350K .......... .......... .......... .......... .......... 37% 2.27M 0s
   400K .......... .......... .......... .......... .......... 42% 2.65M 0s
   450K .......... .......... .......... .......... .......... 47% 1.61M 0s
   500K .......... .......... .......... .......... .......... 51% 1.39M 0s
   550K .......... .......... .......... .......... .......... 56% 3.23M 0s
   600K .......... .......... .......... .......... .......... 61% 2.61M 0s
   650K .......... .......... .......... .......... .......... 66% 2.62M 0s
   700K .......... .......... .......... .......... .......... 70% 2.18M 0s
   750K .......... .......... .......... .......... .......... 75% 1.46M 0s
   800K .......... .......... .......... .......... .......... 80% 2.23M 0s
   850K .......... .......... .......... .......... .......... 84% 1.48M 0s
   900K .......... .......... .......... .......... .......... 89% 2.23M 0s
   950K .......... .......... .......... .......... .......... 94%  431K 0s
  1000K .......... .......... .......... .......... .......... 99% 2.23M 0s
  1050K .........                                             100% 1.37M=0.6s

2026-05-28 15:09:36 (1.82 MB/s) - ‘mirror/web.engr.oregonstate.edu/~mjb/vulkan/Handouts/MultiSampling.6pp.pdf’ saved [1085223/1085223]

--2026-05-28 15:09:36--  https://web.engr.oregonstate.edu/~mjb/vulkan/Handouts/OpenglComputeShaders.1pp.pdf
Reusing existing connection to web.engr.oregonstate.edu:443.
HTTP request sent, awaiting response... 200 OK
Length: 1695425 (1.6M) [application/pdf]
Saving to: ‘mirror/web.engr.oregonstate.edu/~mjb/vulkan/Handouts/OpenglComputeShaders.1pp.pdf’

     0K .......... .......... .......... .......... ..........  3% 2.69M 1s
    50K .......... .......... .......... .......... ..........  6%  858K 1s
   100K .......... .......... .......... .......... ..........  9% 1.03M 1s
   150K .......... .......... .......... .......... .......... 12% 2.99M 1s
   200K .......... .......... .......... .......... .......... 15%  680K 1s
   250K .......... .......... .......... .......... .......... 18% 1.63M 1s
   300K .......... .......... .......... .......... .......... 21%  848K 1s
   350K .......... .......... .......... .......... .......... 24% 1.85M 1s
   400K .......... .......... .......... .......... .......... 27%  836K 1s
   450K .......... .......... .......... .......... .......... 30% 2.42M 1s
   500K .......... .......... .......... .......... .......... 33% 2.08M 1s
   550K .......... .......... .......... .......... .......... 36% 2.88M 1s
   600K .......... .......... .......... .......... .......... 39% 1.74M 1s
   650K .......... .......... .......... .......... .......... 42% 3.25M 1s
   700K .......... .......... .......... .......... .......... 45% 1.90M 1s
   750K .......... .......... .......... .......... .......... 48% 4.21M 1s
   800K .......... .......... .......... .......... .......... 51% 4.38M 1s
   850K .......... .......... .......... .......... .......... 54% 3.92M 0s
   900K .......... .......... .......... .......... .......... 57%  575K 0s
   950K .......... .......... .......... .......... .......... 60%  494K 0s
  1000K .......... .......... .......... .......... .......... 63% 1.28M 0s
  1050K .......... .......... .......... .......... .......... 66% 4.04M 0s
  1100K .......... .......... .......... .......... .......... 69%  856K 0s
  1150K .......... .......... .......... .......... .......... 72% 2.64M 0s
  1200K .......... .......... .......... .......... .......... 75% 1.73M 0s
  1250K .......... .......... .......... .......... .......... 78% 2.12M 0s
  1300K .......... .......... .......... .......... .......... 81%  772K 0s
  1350K .......... .......... .......... .......... .......... 84% 1.26M 0s
  1400K .......... .......... .......... .......... .......... 87% 1.90M 0s
  1450K .......... .......... .......... .......... .......... 90% 3.52M 0s
  1500K .......... .......... .......... .......... .......... 93% 1.57M 0s
  1550K .......... .......... .......... .......... .......... 96% 1.20M 0s
  1600K .......... .......... .......... .......... .......... 99% 1.37M 0s
  1650K .....                                                 100% 11.2M=1.2s

2026-05-28 15:09:37 (1.38 MB/s) - ‘mirror/web.engr.oregonstate.edu/~mjb/vulkan/Handouts/OpenglComputeShaders.1pp.pdf’ saved [1695425/1695425]

--2026-05-28 15:09:37--  https://web.engr.oregonstate.edu/~mjb/vulkan/Handouts/OpenglComputeShaders.2pp.pdf
Reusing existing connection to web.engr.oregonstate.edu:443.
HTTP request sent, awaiting response... 200 OK
Length: 1614251 (1.5M) [application/pdf]
Saving to: ‘mirror/web.engr.oregonstate.edu/~mjb/vulkan/Handouts/OpenglComputeShaders.2pp.pdf’

     0K .......... .......... .......... .......... ..........  3% 1.66M 1s
    50K .......... .......... .......... .......... ..........  6% 1.79M 1s
   100K .......... .......... .......... .......... ..........  9% 1.32M 1s
   150K .......... .......... .......... .......... .......... 12% 1.66M 1s
   200K .......... .......... .......... .......... .......... 15% 2.61M 1s
   250K .......... .......... .......... .......... .......... 19% 1.77M 1s
   300K .......... .......... .......... .......... .......... 22% 2.15M 1s
   350K .......... .......... .......... .......... .......... 25%  655K 1s
   400K .......... .......... .......... .......... .......... 28% 1.30M 1s
   450K .......... .......... .......... .......... .......... 31% 1.43M 1s
   500K .......... .......... .......... .......... .......... 34% 1.44M 1s
   550K .......... .......... .......... .......... .......... 38% 1.34M 1s
   600K .......... .......... .......... .......... .......... 41% 1.74M 1s
   650K .......... .......... .......... .......... .......... 44% 1.46M 1s
   700K .......... .......... .......... .......... .......... 47% 1.29M 1s
   750K .......... .......... .......... .......... .......... 50%  895K 1s
   800K .......... .......... .......... .......... .......... 53% 1.78M 1s
   850K .......... .......... .......... .......... .......... 57%  697K 0s
   900K .......... .......... .......... .......... .......... 60% 1.23M 0s
   950K .......... .......... .......... .......... .......... 63% 1.98M 0s
  1000K .......... .......... .......... .......... .......... 66% 1.14M 0s
  1050K .......... .......... .......... .......... .......... 69% 12.8M 0s
  1100K .......... .......... .......... .......... .......... 72% 1.11M 0s
  1150K .......... .......... .......... .......... .......... 76% 3.62M 0s
  1200K .......... .......... .......... .......... .......... 79%  845K 0s
  1250K .......... .......... .......... .......... .......... 82% 2.16M 0s
  1300K .......... .......... .......... .......... .......... 85% 1.51M 0s
  1350K .......... .......... .......... .......... .......... 88% 1.18M 0s
  1400K .......... .......... .......... .......... .......... 91% 1.32M 0s
  1450K .......... .......... .......... .......... .......... 95% 2.49M 0s
  1500K .......... .......... .......... .......... .......... 98%  826K 0s
  1550K .......... .......... ......                          100%  589K=1.2s

2026-05-28 15:09:39 (1.34 MB/s) - ‘mirror/web.engr.oregonstate.edu/~mjb/vulkan/Handouts/OpenglComputeShaders.2pp.pdf’ saved [1614251/1614251]

--2026-05-28 15:09:39--  https://web.engr.oregonstate.edu/~mjb/vulkan/Handouts/OpenglComputeShaders.4pp.pdf
Reusing existing connection to web.engr.oregonstate.edu:443.
HTTP request sent, awaiting response... 200 OK
Length: 1576706 (1.5M) [application/pdf]
Saving to: ‘mirror/web.engr.oregonstate.edu/~mjb/vulkan/Handouts/OpenglComputeShaders.4pp.pdf’

     0K .......... .......... .......... .......... ..........  3% 1.97M 1s
    50K .......... .......... .......... .......... ..........  6% 1.93M 1s
   100K .......... .......... .......... .......... ..........  9% 1.23M 1s
   150K .......... .......... .......... .......... .......... 12%  838K 1s
   200K .......... .......... .......... .......... .......... 16%  830K 1s
   250K .......... .......... .......... .......... .......... 19%  882K 1s
   300K .......... .......... .......... .......... .......... 22% 1.10M 1s
   350K .......... .......... .......... .......... .......... 25%  550K 1s
   400K .......... .......... .......... .......... .......... 29% 1.11M 1s
   450K .......... .......... .......... .......... .......... 32% 1.96M 1s
   500K .......... .......... .......... .......... .......... 35% 1.64M 1s
   550K .......... .......... .......... .......... .......... 38%  793K 1s
   600K .......... .......... .......... .......... .......... 42% 2.50M 1s
   650K .......... .......... .......... .......... .......... 45% 1.08M 1s
   700K .......... .......... .......... .......... .......... 48%  940K 1s
   750K .......... .......... .......... .......... .......... 51% 1.31M 1s
   800K .......... .......... .......... .......... .......... 55% 1.69M 1s
   850K .......... .......... .......... .......... .......... 58% 1.74M 1s
   900K .......... .......... .......... .......... .......... 61% 1.25M 1s
   950K .......... .......... .......... .......... .......... 64% 1.65M 0s
  1000K .......... .......... .......... .......... .......... 68% 1.11M 0s
  1050K .......... .......... .......... .......... .......... 71% 1.06M 0s
  1100K .......... .......... .......... .......... .......... 74% 1.75M 0s
  1150K .......... .......... .......... .......... .......... 77% 1.13M 0s
  1200K .......... .......... .......... .......... .......... 81%  253K 0s
  1250K .......... .......... .......... .......... .......... 84%  159M 0s
  1300K .......... .......... .......... .......... .......... 87% 2.51M 0s
  1350K .......... .......... .......... .......... .......... 90%  472K 0s
  1400K .......... .......... .......... .......... .......... 94% 60.6M 0s
  1450K .......... .......... .......... .......... .......... 97% 1.53M 0s
  1500K .......... .......... .......... .........            100% 1.56M=1.4s

2026-05-28 15:09:40 (1.08 MB/s) - ‘mirror/web.engr.oregonstate.edu/~mjb/vulkan/Handouts/OpenglComputeShaders.4pp.pdf’ saved [1576706/1576706]

--2026-05-28 15:09:40--  https://web.engr.oregonstate.edu/~mjb/vulkan/Handouts/OpenglComputeShaders.6pp.pdf
Reusing existing connection to web.engr.oregonstate.edu:443.
HTTP request sent, awaiting response... 200 OK
Length: 1549016 (1.5M) [application/pdf]
Saving to: ‘mirror/web.engr.oregonstate.edu/~mjb/vulkan/Handouts/OpenglComputeShaders.6pp.pdf’

     0K .......... .......... .......... .......... ..........  3% 1.48M 1s
    50K .......... .......... .......... .......... ..........  6%  598K 2s
   100K .......... .......... .......... .......... ..........  9% 1.09M 1s
   150K .......... .......... .......... .......... .......... 13% 1.25M 1s
   200K .......... .......... .......... .......... .......... 16%  942K 1s
   250K .......... .......... .......... .......... .......... 19%  312K 2s
   300K .......... .......... .......... .......... .......... 23%  114M 1s
   350K .......... .......... .......... .......... .......... 26% 2.95M 1s
   400K .......... .......... .......... .......... .......... 29%  873K 1s
   450K .......... .......... .......... .......... .......... 33% 1.16M 1s
   500K .......... .......... .......... .......... .......... 36% 2.90M 1s
   550K .......... .......... .......... .......... .......... 39% 1.04M 1s
   600K .......... .......... .......... .......... .......... 42% 1.48M 1s
   650K .......... .......... .......... .......... .......... 46% 1.42M 1s
   700K .......... .......... .......... .......... .......... 49% 1.61M 1s
   750K .......... .......... .......... .......... .......... 52% 2.36M 1s
   800K .......... .......... .......... .......... .......... 56%  884K 1s
   850K .......... .......... .......... .......... .......... 59%  820K 1s
   900K .......... .......... .......... .......... .......... 62% 1.04M 1s
   950K .......... .......... .......... .......... .......... 66%  433K 1s
  1000K .......... .......... .......... .......... .......... 69% 1.02M 0s
  1050K .......... .......... .......... .......... .......... 72%  835K 0s
  1100K .......... .......... .......... .......... .......... 76% 2.27M 0s
  1150K .......... .......... .......... .......... .......... 79%  973K 0s
  1200K .......... .......... .......... .......... .......... 82% 1.33M 0s
  1250K .......... .......... .......... .......... .......... 85% 1.81M 0s
  1300K .......... .......... .......... .......... .......... 89% 1.18M 0s
  1350K .......... .......... .......... .......... .......... 92% 1.96M 0s
  1400K .......... .......... .......... .......... .......... 95% 1.96M 0s
  1450K .......... .......... .......... .......... .......... 99% 1.47M 0s
  1500K .......... ..                                         100%  226K=1.4s

2026-05-28 15:09:41 (1.04 MB/s) - ‘mirror/web.engr.oregonstate.edu/~mjb/vulkan/Handouts/OpenglComputeShaders.6pp.pdf’ saved [1549016/1549016]

--2026-05-28 15:09:42--  https://web.engr.oregonstate.edu/~mjb/vulkan/Handouts/PhysicalDevices.1pp.pdf
Reusing existing connection to web.engr.oregonstate.edu:443.
HTTP request sent, awaiting response... 200 OK
Length: 687022 (671K) [application/pdf]
Saving to: ‘mirror/web.engr.oregonstate.edu/~mjb/vulkan/Handouts/PhysicalDevices.1pp.pdf’

     0K .......... .......... .......... .......... ..........  7% 1.47M 0s
    50K .......... .......... .......... .......... .......... 14% 1.80M 0s
   100K .......... .......... .......... .......... .......... 22% 1.17M 0s
   150K .......... .......... .......... .......... .......... 29% 2.06M 0s
   200K .......... .......... .......... .......... .......... 37% 1.66M 0s
   250K .......... .......... .......... .......... .......... 44% 1.65M 0s
   300K .......... .......... .......... .......... .......... 52% 1.09M 0s
   350K .......... .......... .......... .......... .......... 59% 3.85M 0s
   400K .......... .......... .......... .......... .......... 67%  761K 0s
   450K .......... .......... .......... .......... .......... 74% 1.04M 0s
   500K .......... .......... .......... .......... .......... 81% 2.73M 0s
   550K .......... .......... .......... .......... .......... 89% 1.42M 0s
   600K .......... .......... .......... .......... .......... 96%  576K 0s
   650K .......... ..........                                 100% 4.00M=0.5s

2026-05-28 15:09:42 (1.31 MB/s) - ‘mirror/web.engr.oregonstate.edu/~mjb/vulkan/Handouts/PhysicalDevices.1pp.pdf’ saved [687022/687022]

--2026-05-28 15:09:42--  https://web.engr.oregonstate.edu/~mjb/vulkan/Handouts/PhysicalDevices.2pp.pdf
Reusing existing connection to web.engr.oregonstate.edu:443.
HTTP request sent, awaiting response... 200 OK
Length: 806791 (788K) [application/pdf]
Saving to: ‘mirror/web.engr.oregonstate.edu/~mjb/vulkan/Handouts/PhysicalDevices.2pp.pdf’

     0K .......... .......... .......... .......... ..........  6% 3.01M 0s
    50K .......... .......... .......... .......... .......... 12% 1.01M 0s
   100K .......... .......... .......... .......... .......... 19%  908K 1s
   150K .......... .......... .......... .......... .......... 25% 1.33M 0s
   200K .......... .......... .......... .......... .......... 31% 2.11M 0s
   250K .......... .......... .......... .......... .......... 38% 1.27M 0s
   300K .......... .......... .......... .......... .......... 44% 2.05M 0s
   350K .......... .......... .......... .......... .......... 50% 1.77M 0s
   400K .......... .......... .......... .......... .......... 57%  587K 0s
   450K .......... .......... .......... .......... .......... 63%  539K 0s
   500K .......... .......... .......... .......... .......... 69% 3.96M 0s
   550K .......... .......... .......... .......... .......... 76% 1.61M 0s
   600K .......... .......... .......... .......... .......... 82% 3.45M 0s
   650K .......... .......... .......... .......... .......... 88% 1.15M 0s
   700K .......... .......... .......... .......... .......... 95%  937K 0s
   750K .......... .......... .......... .......              100% 1.71M=0.6s

2026-05-28 15:09:43 (1.24 MB/s) - ‘mirror/web.engr.oregonstate.edu/~mjb/vulkan/Handouts/PhysicalDevices.2pp.pdf’ saved [806791/806791]

--2026-05-28 15:09:43--  https://web.engr.oregonstate.edu/~mjb/vulkan/Handouts/PhysicalDevices.4pp.pdf
Reusing existing connection to web.engr.oregonstate.edu:443.
HTTP request sent, awaiting response... 200 OK
Length: 780262 (762K) [application/pdf]
Saving to: ‘mirror/web.engr.oregonstate.edu/~mjb/vulkan/Handouts/PhysicalDevices.4pp.pdf’

     0K .......... .......... .......... .......... ..........  6% 4.77M 0s
    50K .......... .......... .......... .......... .......... 13% 2.00M 0s
   100K .......... .......... .......... .......... .......... 19% 1.48M 0s
   150K .......... .......... .......... .......... .......... 26% 1.50M 0s
   200K .......... .......... .......... .......... .......... 32%  607K 0s
   250K .......... .......... .......... .......... .......... 39% 2.24M 0s
   300K .......... .......... .......... .......... .......... 45% 1.10M 0s
   350K .......... .......... .......... .......... .......... 52% 1.48M 0s
   400K .......... .......... .......... .......... .......... 59% 4.75M 0s
   450K .......... .......... .......... .......... .......... 65% 1.56M 0s
   500K .......... .......... .......... .......... .......... 72% 1.47M 0s
   550K .......... .......... .......... .......... .......... 78% 2.27M 0s
   600K .......... .......... .......... .......... .......... 85% 1.74M 0s
   650K .......... .......... .......... .......... .......... 91% 47.4K 0s
   700K .......... .......... .......... .......... .......... 98% 2.61M 0s
   750K .......... .                                          100% 2.82M=1.5s

2026-05-28 15:09:44 (513 KB/s) - ‘mirror/web.engr.oregonstate.edu/~mjb/vulkan/Handouts/PhysicalDevices.4pp.pdf’ saved [780262/780262]

--2026-05-28 15:09:44--  https://web.engr.oregonstate.edu/~mjb/vulkan/Handouts/PhysicalDevices.6pp.pdf
Reusing existing connection to web.engr.oregonstate.edu:443.
HTTP request sent, awaiting response... 200 OK
Length: 759220 (741K) [application/pdf]
Saving to: ‘mirror/web.engr.oregonstate.edu/~mjb/vulkan/Handouts/PhysicalDevices.6pp.pdf’

     0K .......... .......... .......... .......... ..........  6% 2.41M 0s
    50K .......... .......... .......... .......... .......... 13% 4.54M 0s
   100K .......... .......... .......... .......... .......... 20% 1.70M 0s
   150K .......... .......... .......... .......... .......... 26% 2.47M 0s
   200K .......... .......... .......... .......... .......... 33% 1.15M 0s
   250K .......... .......... .......... .......... .......... 40% 7.13M 0s
   300K .......... .......... .......... .......... .......... 47% 1.87M 0s
   350K .......... .......... .......... .......... .......... 53% 1.18M 0s
   400K .......... .......... .......... .......... .......... 60% 1.40M 0s
   450K .......... .......... .......... .......... .......... 67%  679K 0s
   500K .......... .......... .......... .......... .......... 74%  202K 0s
   550K .......... .......... .......... .......... .......... 80%  132M 0s
   600K .......... .......... .......... .......... .......... 87% 1020K 0s
   650K .......... .......... .......... .......... .......... 94%  502K 0s
   700K .......... .......... .......... .......... .         100% 1022K=0.7s

2026-05-28 15:09:45 (999 KB/s) - ‘mirror/web.engr.oregonstate.edu/~mjb/vulkan/Handouts/PhysicalDevices.6pp.pdf’ saved [759220/759220]

--2026-05-28 15:09:45--  https://web.engr.oregonstate.edu/~mjb/vulkan/Handouts/PipelineBarriers.1pp.pdf
Reusing existing connection to web.engr.oregonstate.edu:443.
HTTP request sent, awaiting response... 200 OK
Length: 1190883 (1.1M) [application/pdf]
Saving to: ‘mirror/web.engr.oregonstate.edu/~mjb/vulkan/Handouts/PipelineBarriers.1pp.pdf’

     0K .......... .......... .......... .......... ..........  4% 3.02M 0s
    50K .......... .......... .......... .......... ..........  8% 1.44M 1s
   100K .......... .......... .......... .......... .......... 12% 1.34M 1s
   150K .......... .......... .......... .......... .......... 17% 3.77M 0s
   200K .......... .......... .......... .......... .......... 21% 1.39M 0s
   250K .......... .......... .......... .......... .......... 25% 4.05M 0s
   300K .......... .......... .......... .......... .......... 30%  860K 0s
   350K .......... .......... .......... .......... .......... 34% 3.32M 0s
   400K .......... .......... .......... .......... .......... 38% 1.39M 0s
   450K .......... .......... .......... .......... .......... 42% 1.97M 0s
   500K .......... .......... .......... .......... .......... 47% 1.82M 0s
   550K .......... .......... .......... .......... .......... 51% 4.04M 0s
   600K .......... .......... .......... .......... .......... 55% 1016K 0s
   650K .......... .......... .......... .......... .......... 60% 2.62M 0s
   700K .......... .......... .......... .......... .......... 64% 1.09M 0s
   750K .......... .......... .......... .......... .......... 68% 2.31M 0s
   800K .......... .......... .......... .......... .......... 73% 2.90M 0s
   850K .......... .......... .......... .......... .......... 77% 1.75M 0s
   900K .......... .......... .......... .......... .......... 81% 4.15M 0s
   950K .......... .......... .......... .......... .......... 85% 3.32M 0s
  1000K .......... .......... .......... .......... .......... 90% 2.13M 0s
  1050K .......... .......... .......... .......... .......... 94% 1.23M 0s
  1100K .......... .......... .......... .......... .......... 98% 1.36M 0s
  1150K .......... ..                                         100% 8.95M=0.6s

2026-05-28 15:09:46 (1.82 MB/s) - ‘mirror/web.engr.oregonstate.edu/~mjb/vulkan/Handouts/PipelineBarriers.1pp.pdf’ saved [1190883/1190883]

--2026-05-28 15:09:46--  https://web.engr.oregonstate.edu/~mjb/vulkan/Handouts/PipelineBarriers.2pp.pdf
Reusing existing connection to web.engr.oregonstate.edu:443.
HTTP request sent, awaiting response... 200 OK
Length: 990354 (967K) [application/pdf]
Saving to: ‘mirror/web.engr.oregonstate.edu/~mjb/vulkan/Handouts/PipelineBarriers.2pp.pdf’

     0K .......... .......... .......... .......... ..........  5% 2.87M 0s
    50K .......... .......... .......... .......... .......... 10% 2.81M 0s
   100K .......... .......... .......... .......... .......... 15% 3.04M 0s
   150K .......... .......... .......... .......... .......... 20%  995K 0s
   200K .......... .......... .......... .......... .......... 25% 1.23M 0s
   250K .......... .......... .......... .......... .......... 31% 1.82M 0s
   300K .......... .......... .......... .......... .......... 36% 2.05M 0s
   350K .......... .......... .......... .......... .......... 41% 1.90M 0s
   400K .......... .......... .......... .......... .......... 46% 1.41M 0s
   450K .......... .......... .......... .......... .......... 51% 1.45M 0s
   500K .......... .......... .......... .......... .......... 56% 2.59M 0s
   550K .......... .......... .......... .......... .......... 62% 2.03M 0s
   600K .......... .......... .......... .......... .......... 67% 1.27M 0s
   650K .......... .......... .......... .......... .......... 72%  608K 0s
   700K .......... .......... .......... .......... .......... 77% 1.81M 0s
   750K .......... .......... .......... .......... .......... 82% 1.13M 0s
   800K .......... .......... .......... .......... .......... 87% 1.12M 0s
   850K .......... .......... .......... .......... .......... 93% 2.60M 0s
   900K .......... .......... .......... .......... .......... 98% 1002K 0s
   950K .......... .......                                    100% 11.4M=0.6s

2026-05-28 15:09:46 (1.49 MB/s) - ‘mirror/web.engr.oregonstate.edu/~mjb/vulkan/Handouts/PipelineBarriers.2pp.pdf’ saved [990354/990354]

--2026-05-28 15:09:47--  https://web.engr.oregonstate.edu/~mjb/vulkan/Handouts/PipelineBarriers.4pp.pdf
Reusing existing connection to web.engr.oregonstate.edu:443.
HTTP request sent, awaiting response... 200 OK
Length: 961773 (939K) [application/pdf]
Saving to: ‘mirror/web.engr.oregonstate.edu/~mjb/vulkan/Handouts/PipelineBarriers.4pp.pdf’

     0K .......... .......... .......... .......... ..........  5%  809K 1s
    50K .......... .......... .......... .......... .......... 10% 2.40M 1s
   100K .......... .......... .......... .......... .......... 15%  983K 1s
   150K .......... .......... .......... .......... .......... 21% 9.19M 1s
   200K .......... .......... .......... .......... .......... 26%  470K 1s
   250K .......... .......... .......... .......... .......... 31%  608K 1s
   300K .......... .......... .......... .......... .......... 37% 1.15M 1s
   350K .......... .......... .......... .......... .......... 42%  711K 1s
   400K .......... .......... .......... .......... .......... 47%  725K 1s
   450K .......... .......... .......... .......... .......... 53% 2.34M 0s
   500K .......... .......... .......... .......... .......... 58%  658K 0s
   550K .......... .......... .......... .......... .......... 63% 5.06M 0s
   600K .......... .......... .......... .......... .......... 69% 1.20M 0s
   650K .......... .......... .......... .......... .......... 74% 1.07M 0s
   700K .......... .......... .......... .......... .......... 79% 1.90M 0s
   750K .......... .......... .......... .......... .......... 85% 1.80M 0s
   800K .......... .......... .......... .......... .......... 90%  529K 0s
   850K .......... .......... .......... .......... .......... 95% 2.09M 0s
   900K .......... .......... .......... .........            100% 1.74M=0.9s

2026-05-28 15:09:47 (1.03 MB/s) - ‘mirror/web.engr.oregonstate.edu/~mjb/vulkan/Handouts/PipelineBarriers.4pp.pdf’ saved [961773/961773]

--2026-05-28 15:09:47--  https://web.engr.oregonstate.edu/~mjb/vulkan/Handouts/PipelineBarriers.6pp.pdf
Reusing existing connection to web.engr.oregonstate.edu:443.
HTTP request sent, awaiting response... 200 OK
Length: 937878 (916K) [application/pdf]
Saving to: ‘mirror/web.engr.oregonstate.edu/~mjb/vulkan/Handouts/PipelineBarriers.6pp.pdf’

     0K .......... .......... .......... .......... ..........  5% 2.13M 0s
    50K .......... .......... .......... .......... .......... 10% 1.20M 1s
   100K .......... .......... .......... .......... .......... 16%  816K 1s
   150K .......... .......... .......... .......... .......... 21% 1.81M 1s
   200K .......... .......... .......... .......... .......... 27% 1.55M 0s
   250K .......... .......... .......... .......... .......... 32% 3.21M 0s
   300K .......... .......... .......... .......... .......... 38% 1.75M 0s
   350K .......... .......... .......... .......... .......... 43% 2.71M 0s
   400K .......... .......... .......... .......... .......... 49% 3.00M 0s
   450K .......... .......... .......... .......... .......... 54% 3.05M 0s
   500K .......... .......... .......... .......... .......... 60% 1.48M 0s
   550K .......... .......... .......... .......... .......... 65%  551K 0s
   600K .......... .......... .......... .......... .......... 70%  871K 0s
   650K .......... .......... .......... .......... .......... 76% 1.74M 0s
   700K .......... .......... .......... .......... .......... 81%  992K 0s
   750K .......... .......... .......... .......... .......... 87% 1.18M 0s
   800K .......... .......... .......... .......... .......... 92% 1.04M 0s
   850K .......... .......... .......... .......... .......... 98% 2.31M 0s
   900K .......... .....                                      100% 1.50M=0.7s

2026-05-28 15:09:48 (1.36 MB/s) - ‘mirror/web.engr.oregonstate.edu/~mjb/vulkan/Handouts/PipelineBarriers.6pp.pdf’ saved [937878/937878]

--2026-05-28 15:09:48--  https://web.engr.oregonstate.edu/~mjb/vulkan/Handouts/Project.Notes.Vulkan.1pp.pdf
Reusing existing connection to web.engr.oregonstate.edu:443.
HTTP request sent, awaiting response... 200 OK
Length: 506263 (494K) [application/pdf]
Saving to: ‘mirror/web.engr.oregonstate.edu/~mjb/vulkan/Handouts/Project.Notes.Vulkan.1pp.pdf’

     0K .......... .......... .......... .......... .......... 10% 1.88M 0s
    50K .......... .......... .......... .......... .......... 20%  402K 1s
   100K .......... .......... .......... .......... .......... 30% 3.13M 0s
   150K .......... .......... .......... .......... .......... 40%  876K 0s
   200K .......... .......... .......... .......... .......... 50% 2.42M 0s
   250K .......... .......... .......... .......... .......... 60% 1.43M 0s
   300K .......... .......... .......... .......... .......... 70% 1.16M 0s
   350K .......... .......... .......... .......... .......... 80%  809K 0s
   400K .......... .......... .......... .......... .......... 91% 1.31M 0s
   450K .......... .......... .......... .......... ....      100% 2.69M=0.4s

2026-05-28 15:09:49 (1.11 MB/s) - ‘mirror/web.engr.oregonstate.edu/~mjb/vulkan/Handouts/Project.Notes.Vulkan.1pp.pdf’ saved [506263/506263]

--2026-05-28 15:09:49--  https://web.engr.oregonstate.edu/~mjb/vulkan/Handouts/Project.Notes.Vulkan.2pp.pdf
Reusing existing connection to web.engr.oregonstate.edu:443.
HTTP request sent, awaiting response... 200 OK
Length: 484810 (473K) [application/pdf]
Saving to: ‘mirror/web.engr.oregonstate.edu/~mjb/vulkan/Handouts/Project.Notes.Vulkan.2pp.pdf’

     0K .......... .......... .......... .......... .......... 10% 1.18M 0s
    50K .......... .......... .......... .......... .......... 21% 2.34M 0s
   100K .......... .......... .......... .......... .......... 31% 3.44M 0s
   150K .......... .......... .......... .......... .......... 42% 1.24M 0s
   200K .......... .......... .......... .......... .......... 52%  969K 0s
   250K .......... .......... .......... .......... .......... 63%  815K 0s
   300K .......... .......... .......... .......... .......... 73%  907K 0s
   350K .......... .......... .......... .......... .......... 84% 2.92M 0s
   400K .......... .......... .......... .......... .......... 95%  803K 0s
   450K .......... .......... ...                             100%  267K=0.5s

2026-05-28 15:09:49 (1.03 MB/s) - ‘mirror/web.engr.oregonstate.edu/~mjb/vulkan/Handouts/Project.Notes.Vulkan.2pp.pdf’ saved [484810/484810]

--2026-05-28 15:09:49--  https://web.engr.oregonstate.edu/~mjb/vulkan/Handouts/Project.Notes.Vulkan.4pp.pdf
Reusing existing connection to web.engr.oregonstate.edu:443.
HTTP request sent, awaiting response... 200 OK
Length: 476122 (465K) [application/pdf]
Saving to: ‘mirror/web.engr.oregonstate.edu/~mjb/vulkan/Handouts/Project.Notes.Vulkan.4pp.pdf’

     0K .......... .......... .......... .......... .......... 10%  400K 1s
    50K .......... .......... .......... .......... .......... 21%  154M 0s
   100K .......... .......... .......... .......... .......... 32% 4.58M 0s
   150K .......... .......... .......... .......... .......... 43% 1.41M 0s
   200K .......... .......... .......... .......... .......... 53% 1.28M 0s
   250K .......... .......... .......... .......... .......... 64% 2.28M 0s
   300K .......... .......... .......... .......... .......... 75% 1.39M 0s
   350K .......... .......... .......... .......... .......... 86% 3.86M 0s
   400K .......... .......... .......... .......... .......... 96% 1.01M 0s
   450K .......... ....                                       100% 1.05M=0.3s

2026-05-28 15:09:50 (1.33 MB/s) - ‘mirror/web.engr.oregonstate.edu/~mjb/vulkan/Handouts/Project.Notes.Vulkan.4pp.pdf’ saved [476122/476122]

--2026-05-28 15:09:50--  https://web.engr.oregonstate.edu/~mjb/vulkan/Handouts/Project.Notes.Vulkan.6pp.pdf
Reusing existing connection to web.engr.oregonstate.edu:443.
HTTP request sent, awaiting response... 200 OK
Length: 471403 (460K) [application/pdf]
Saving to: ‘mirror/web.engr.oregonstate.edu/~mjb/vulkan/Handouts/Project.Notes.Vulkan.6pp.pdf’

     0K .......... .......... .......... .......... .......... 10% 1.54M 0s
    50K .......... .......... .......... .......... .......... 21% 2.23M 0s
   100K .......... .......... .......... .......... .......... 32% 1.04M 0s
   150K .......... .......... .......... .......... .......... 43% 2.47M 0s
   200K .......... .......... .......... .......... .......... 54% 1.04M 0s
   250K .......... .......... .......... .......... .......... 65% 3.10M 0s
   300K .......... .......... .......... .......... .......... 76% 1.17M 0s
   350K .......... .......... .......... .......... .......... 86% 2.70M 0s
   400K .......... .......... .......... .......... .......... 97% 2.22M 0s
   450K ..........                                            100% 14.5M=0.3s

2026-05-28 15:09:50 (1.69 MB/s) - ‘mirror/web.engr.oregonstate.edu/~mjb/vulkan/Handouts/Project.Notes.Vulkan.6pp.pdf’ saved [471403/471403]

--2026-05-28 15:09:50--  https://web.engr.oregonstate.edu/~mjb/vulkan/Handouts/PushConstants.1pp.pdf
Reusing existing connection to web.engr.oregonstate.edu:443.
HTTP request sent, awaiting response... 200 OK
Length: 1361130 (1.3M) [application/pdf]
Saving to: ‘mirror/web.engr.oregonstate.edu/~mjb/vulkan/Handouts/PushConstants.1pp.pdf’

     0K .......... .......... .......... .......... ..........  3% 1.79M 1s
    50K .......... .......... .......... .......... ..........  7% 1.45M 1s
   100K .......... .......... .......... .......... .......... 11% 1.95M 1s
   150K .......... .......... .......... .......... .......... 15% 1.29M 1s
   200K .......... .......... .......... .......... .......... 18% 1.30M 1s
   250K .......... .......... .......... .......... .......... 22% 2.05M 1s
   300K .......... .......... .......... .......... .......... 26% 1.94M 1s
   350K .......... .......... .......... .......... .......... 30% 1.28M 1s
   400K .......... .......... .......... .......... .......... 33% 1.13M 1s
   450K .......... .......... .......... .......... .......... 37% 2.18M 1s
   500K .......... .......... .......... .......... .......... 41% 2.26M 0s
   550K .......... .......... .......... .......... .......... 45% 1.96M 0s
   600K .......... .......... .......... .......... .......... 48% 1.06M 0s
   650K .......... .......... .......... .......... .......... 52%  862K 0s
   700K .......... .......... .......... .......... .......... 56%  762K 0s
   750K .......... .......... .......... .......... .......... 60%  738K 0s
   800K .......... .......... .......... .......... .......... 63% 2.37M 0s
   850K .......... .......... .......... .......... .......... 67% 2.05M 0s
   900K .......... .......... .......... .......... .......... 71% 1.54M 0s
   950K .......... .......... .......... .......... .......... 75% 3.15M 0s
  1000K .......... .......... .......... .......... .......... 78% 1.27M 0s
  1050K .......... .......... .......... .......... .......... 82%  885K 0s
  1100K .......... .......... .......... .......... .......... 86%  676K 0s
  1150K .......... .......... .......... .......... .......... 90% 4.27M 0s
  1200K .......... .......... .......... .......... .......... 94% 1.12M 0s
  1250K .......... .......... .......... .......... .......... 97% 1.95M 0s
  1300K .......... .......... .........                       100% 1.27M=1.0s

2026-05-28 15:09:51 (1.35 MB/s) - ‘mirror/web.engr.oregonstate.edu/~mjb/vulkan/Handouts/PushConstants.1pp.pdf’ saved [1361130/1361130]

--2026-05-28 15:09:51--  https://web.engr.oregonstate.edu/~mjb/vulkan/Handouts/PushConstants.2pp.pdf
Reusing existing connection to web.engr.oregonstate.edu:443.
HTTP request sent, awaiting response... 200 OK
Length: 1177162 (1.1M) [application/pdf]
Saving to: ‘mirror/web.engr.oregonstate.edu/~mjb/vulkan/Handouts/PushConstants.2pp.pdf’

     0K .......... .......... .......... .......... ..........  4% 1.51M 1s
    50K .......... .......... .......... .......... ..........  8% 1.52M 1s
   100K .......... .......... .......... .......... .......... 13%  426K 1s
   150K .......... .......... .......... .......... .......... 17%  305K 2s
   200K .......... .......... .......... .......... .......... 21%  154M 1s
   250K .......... .......... .......... .......... .......... 26% 1.17M 1s
   300K .......... .......... .......... .......... .......... 30%  415K 1s
   350K .......... .......... .......... .......... .......... 34%  155M 1s
   400K .......... .......... .......... .......... .......... 39% 1.59M 1s
   450K .......... .......... .......... .......... .......... 43% 2.10M 1s
   500K .......... .......... .......... .......... .......... 47%  887K 1s
   550K .......... .......... .......... .......... .......... 52% 1.42M 1s
   600K .......... .......... .......... .......... .......... 56%  833K 1s
   650K .......... .......... .......... .......... .......... 60% 3.38M 0s
   700K .......... .......... .......... .......... .......... 65% 1.74M 0s
   750K .......... .......... .......... .......... .......... 69%  782K 0s
   800K .......... .......... .......... .......... .......... 73% 1.10M 0s
   850K .......... .......... .......... .......... .......... 78% 1.13M 0s
   900K .......... .......... .......... .......... .......... 82% 1.21M 0s
   950K .......... .......... .......... .......... .......... 86% 1.13M 0s
  1000K .......... .......... .......... .......... .......... 91% 2.00M 0s
  1050K .......... .......... .......... .......... .......... 95% 2.96M 0s
  1100K .......... .......... .......... .......... ......... 100%  545K=1.1s

2026-05-28 15:09:52 (1024 KB/s) - ‘mirror/web.engr.oregonstate.edu/~mjb/vulkan/Handouts/PushConstants.2pp.pdf’ saved [1177162/1177162]

--2026-05-28 15:09:52--  https://web.engr.oregonstate.edu/~mjb/vulkan/Handouts/PushConstants.4pp.pdf
Reusing existing connection to web.engr.oregonstate.edu:443.
HTTP request sent, awaiting response... 200 OK
Length: 1137637 (1.1M) [application/pdf]
Saving to: ‘mirror/web.engr.oregonstate.edu/~mjb/vulkan/Handouts/PushConstants.4pp.pdf’

     0K .......... .......... .......... .......... ..........  4% 2.90M 0s
    50K .......... .......... .......... .......... ..........  9% 1.41M 1s
   100K .......... .......... .......... .......... .......... 13% 1.94M 0s
   150K .......... .......... .......... .......... .......... 18% 1003K 1s
   200K .......... .......... .......... .......... .......... 22% 2.04M 1s
   250K .......... .......... .......... .......... .......... 27% 1.68M 0s
   300K .......... .......... .......... .......... .......... 31% 1.73M 0s
   350K .......... .......... .......... .......... .......... 36% 2.53M 0s
   400K .......... .......... .......... .......... .......... 40%  635K 0s
   450K .......... .......... .......... .......... .......... 45% 1.55M 0s
   500K .......... .......... .......... .......... .......... 49% 1.90M 0s
   550K .......... .......... .......... .......... .......... 54% 2.97M 0s
   600K .......... .......... .......... .......... .......... 58%  710K 0s
   650K .......... .......... .......... .......... .......... 63% 2.97M 0s
   700K .......... .......... .......... .......... .......... 67% 3.33M 0s
   750K .......... .......... .......... .......... .......... 72% 1.73M 0s
   800K .......... .......... .......... .......... .......... 76% 1.05M 0s
   850K .......... .......... .......... .......... .......... 81%  813K 0s
   900K .......... .......... .......... .......... .......... 85%  195K 0s
   950K .......... .......... .......... .......... .......... 90%  657K 0s
  1000K .......... .......... .......... .......... .......... 94% 2.91M 0s
  1050K .......... .......... .......... .......... .......... 99%  652K 0s
  1100K ..........                                            100% 13.3M=1.0s

2026-05-28 15:09:53 (1.04 MB/s) - ‘mirror/web.engr.oregonstate.edu/~mjb/vulkan/Handouts/PushConstants.4pp.pdf’ saved [1137637/1137637]

--2026-05-28 15:09:53--  https://web.engr.oregonstate.edu/~mjb/vulkan/Handouts/PushConstants.6pp.pdf
Reusing existing connection to web.engr.oregonstate.edu:443.
HTTP request sent, awaiting response... 200 OK
Length: 1117444 (1.1M) [application/pdf]
Saving to: ‘mirror/web.engr.oregonstate.edu/~mjb/vulkan/Handouts/PushConstants.6pp.pdf’

     0K .......... .......... .......... .......... ..........  4% 2.08M 0s
    50K .......... .......... .......... .......... ..........  9%  864K 1s
   100K .......... .......... .......... .......... .......... 13% 2.12M 1s
   150K .......... .......... .......... .......... .......... 18% 1.70M 1s
   200K .......... .......... .......... .......... .......... 22% 1.19M 1s
   250K .......... .......... .......... .......... .......... 27% 1.01M 1s
   300K .......... .......... .......... .......... .......... 32% 1.06M 1s
   350K .......... .......... .......... .......... .......... 36% 1.18M 1s
   400K .......... .......... .......... .......... .......... 41% 1.74M 0s
   450K .......... .......... .......... .......... .......... 45% 1.10M 0s
   500K .......... .......... .......... .......... .......... 50%  693K 0s
   550K .......... .......... .......... .......... .......... 54% 2.66M 0s
   600K .......... .......... .......... .......... .......... 59% 1.69M 0s
   650K .......... .......... .......... .......... .......... 64% 1.39M 0s
   700K .......... .......... .......... .......... .......... 68% 1.57M 0s
   750K .......... .......... .......... .......... .......... 73% 1.16M 0s
   800K .......... .......... .......... .......... .......... 77% 1.95M 0s
   850K .......... .......... .......... .......... .......... 82% 1.69M 0s
   900K .......... .......... .......... .......... .......... 87%  296K 0s
   950K .......... .......... .......... .......... .......... 91% 1.76M 0s
  1000K .......... .......... .......... .......... .......... 96% 1.24M 0s
  1050K .......... .......... .......... .......... .         100% 1.61M=0.9s

2026-05-28 15:09:54 (1.15 MB/s) - ‘mirror/web.engr.oregonstate.edu/~mjb/vulkan/Handouts/PushConstants.6pp.pdf’ saved [1117444/1117444]

--2026-05-28 15:09:54--  https://web.engr.oregonstate.edu/~mjb/vulkan/Handouts/QueuesAndCommandBuffers.1pp.pdf
Reusing existing connection to web.engr.oregonstate.edu:443.
HTTP request sent, awaiting response... 200 OK
Length: 1186797 (1.1M) [application/pdf]
Saving to: ‘mirror/web.engr.oregonstate.edu/~mjb/vulkan/Handouts/QueuesAndCommandBuffers.1pp.pdf’

     0K .......... .......... .......... .......... ..........  4% 2.12M 1s
    50K .......... .......... .......... .......... ..........  8% 1.09M 1s
   100K .......... .......... .......... .......... .......... 12% 1.64M 1s
   150K .......... .......... .......... .......... .......... 17%  868K 1s
   200K .......... .......... .......... .......... .......... 21% 1.57M 1s
   250K .......... .......... .......... .......... .......... 25%  674K 1s
   300K .......... .......... .......... .......... .......... 30%  861K 1s
   350K .......... .......... .......... .......... .......... 34% 1.17M 1s
   400K .......... .......... .......... .......... .......... 38% 1.60M 1s
   450K .......... .......... .......... .......... .......... 43% 1.00M 1s
   500K .......... .......... .......... .......... .......... 47%  816K 1s
   550K .......... .......... .......... .......... .......... 51% 1.42M 0s
   600K .......... .......... .......... .......... .......... 56%  678K 0s
   650K .......... .......... .......... .......... .......... 60% 1.23M 0s
   700K .......... .......... .......... .......... .......... 64% 2.13M 0s
   750K .......... .......... .......... .......... .......... 69% 1.42M 0s
   800K .......... .......... .......... .......... .......... 73% 2.17M 0s
   850K .......... .......... .......... .......... .......... 77% 1.01M 0s
   900K .......... .......... .......... .......... .......... 81% 1.57M 0s
   950K .......... .......... .......... .......... .......... 86%  683K 0s
  1000K .......... .......... .......... .......... .......... 90% 1020K 0s
  1050K .......... .......... .......... .......... .......... 94%  811K 0s
  1100K .......... .......... .......... .......... .......... 99% 2.00M 0s
  1150K ........                                              100% 12.8M=1.0s

2026-05-28 15:09:55 (1.11 MB/s) - ‘mirror/web.engr.oregonstate.edu/~mjb/vulkan/Handouts/QueuesAndCommandBuffers.1pp.pdf’ saved [1186797/1186797]

--2026-05-28 15:09:55--  https://web.engr.oregonstate.edu/~mjb/vulkan/Handouts/QueuesAndCommandBuffers.2pp.pdf
Reusing existing connection to web.engr.oregonstate.edu:443.
HTTP request sent, awaiting response... 200 OK
Length: 1074961 (1.0M) [application/pdf]
Saving to: ‘mirror/web.engr.oregonstate.edu/~mjb/vulkan/Handouts/QueuesAndCommandBuffers.2pp.pdf’

     0K .......... .......... .......... .......... ..........  4% 1.99M 0s
    50K .......... .......... .......... .......... ..........  9% 2.11M 0s
   100K .......... .......... .......... .......... .......... 14% 1.59M 0s
   150K .......... .......... .......... .......... .......... 19%  300K 1s
   200K .......... .......... .......... .......... .......... 23%  155M 1s
   250K .......... .......... .......... .......... .......... 28% 1.30M 1s
   300K .......... .......... .......... .......... .......... 33% 1.91M 1s
   350K .......... .......... .......... .......... .......... 38% 1.52M 1s
   400K .......... .......... .......... .......... .......... 42% 1013K 1s
   450K .......... .......... .......... .......... .......... 47% 1.27M 0s
   500K .......... .......... .......... .......... .......... 52% 1.45M 0s
   550K .......... .......... .......... .......... .......... 57% 1.47M 0s
   600K .......... .......... .......... .......... .......... 61% 2.33M 0s
   650K .......... .......... .......... .......... .......... 66% 1.05M 0s
   700K .......... .......... .......... .......... .......... 71% 2.44M 0s
   750K .......... .......... .......... .......... .......... 76% 1.18M 0s
   800K .......... .......... .......... .......... .......... 80% 1.11M 0s
   850K .......... .......... .......... .......... .......... 85% 1.32M 0s
   900K .......... .......... .......... .......... .......... 90% 1.46M 0s
   950K .......... .......... .......... .......... .......... 95% 1.12M 0s
  1000K .......... .......... .......... .......... ......... 100% 1.76M=0.8s

2026-05-28 15:09:56 (1.27 MB/s) - ‘mirror/web.engr.oregonstate.edu/~mjb/vulkan/Handouts/QueuesAndCommandBuffers.2pp.pdf’ saved [1074961/1074961]

--2026-05-28 15:09:56--  https://web.engr.oregonstate.edu/~mjb/vulkan/Handouts/QueuesAndCommandBuffers.4pp.pdf
Reusing existing connection to web.engr.oregonstate.edu:443.
HTTP request sent, awaiting response... 200 OK
Length: 1039288 (1015K) [application/pdf]
Saving to: ‘mirror/web.engr.oregonstate.edu/~mjb/vulkan/Handouts/QueuesAndCommandBuffers.4pp.pdf’

     0K .......... .......... .......... .......... ..........  4% 1.36M 1s
    50K .......... .......... .......... .......... ..........  9% 4.45M 0s
   100K .......... .......... .......... .......... .......... 14% 1.53M 0s
   150K .......... .......... .......... .......... .......... 19% 1.39M 0s
   200K .......... .......... .......... .......... .......... 24% 1.04M 0s
   250K .......... .......... .......... .......... .......... 29% 2.47M 0s
   300K .......... .......... .......... .......... .......... 34%  755K 0s
   350K .......... .......... .......... .......... .......... 39% 1.60M 0s
   400K .......... .......... .......... .......... .......... 44%  807K 0s
   450K .......... .......... .......... .......... .......... 49%  843K 0s
   500K .......... .......... .......... .......... .......... 54%  925K 0s
   550K .......... .......... .......... .......... .......... 59% 1.51M 0s
   600K .......... .......... .......... .......... .......... 64% 1.21M 0s
   650K .......... .......... .......... .......... .......... 68% 1.51M 0s
   700K .......... .......... .......... .......... .......... 73% 1011K 0s
   750K .......... .......... .......... .......... .......... 78% 3.13M 0s
   800K .......... .......... .......... .......... .......... 83% 1.21M 0s
   850K .......... .......... .......... .......... .......... 88%  889K 0s
   900K .......... .......... .......... .......... .......... 93% 1.29M 0s
   950K .......... .......... .......... .......... .......... 98% 1.34M 0s
  1000K .......... ....                                       100% 1.93M=0.8s

2026-05-28 15:09:57 (1.24 MB/s) - ‘mirror/web.engr.oregonstate.edu/~mjb/vulkan/Handouts/QueuesAndCommandBuffers.4pp.pdf’ saved [1039288/1039288]

--2026-05-28 15:09:57--  https://web.engr.oregonstate.edu/~mjb/vulkan/Handouts/QueuesAndCommandBuffers.6pp.pdf
Reusing existing connection to web.engr.oregonstate.edu:443.
HTTP request sent, awaiting response... 200 OK
Length: 1005337 (982K) [application/pdf]
Saving to: ‘mirror/web.engr.oregonstate.edu/~mjb/vulkan/Handouts/QueuesAndCommandBuffers.6pp.pdf’

     0K .......... .......... .......... .......... ..........  5% 89.8M 0s
    50K .......... .......... .......... .......... .......... 10%  148M 0s
   100K .......... .......... .......... .......... .......... 15%  975K 0s
   150K .......... .......... .......... .......... .......... 20%  992K 0s
   200K .......... .......... .......... .......... .......... 25% 1.08M 0s
   250K .......... .......... .......... .......... .......... 30% 1.40M 0s
   300K .......... .......... .......... .......... .......... 35%  833K 0s
   350K .......... .......... .......... .......... .......... 40% 3.66M 0s
   400K .......... .......... .......... .......... .......... 45% 1.36M 0s
   450K .......... .......... .......... .......... .......... 50% 1.12M 0s
   500K .......... .......... .......... .......... .......... 56% 2.91M 0s
   550K .......... .......... .......... .......... .......... 61%  792K 0s
   600K .......... .......... .......... .......... .......... 66% 1.95M 0s
   650K .......... .......... .......... .......... .......... 71% 2.13M 0s
   700K .......... .......... .......... .......... .......... 76%  825K 0s
   750K .......... .......... .......... .......... .......... 81% 2.78M 0s
   800K .......... .......... .......... .......... .......... 86% 2.28M 0s
   850K .......... .......... .......... .......... .......... 91% 1.68M 0s
   900K .......... .......... .......... .......... .......... 96% 2.33M 0s
   950K .......... .......... .......... .                    100% 1.44M=0.6s

2026-05-28 15:09:58 (1.51 MB/s) - ‘mirror/web.engr.oregonstate.edu/~mjb/vulkan/Handouts/QueuesAndCommandBuffers.6pp.pdf’ saved [1005337/1005337]

--2026-05-28 15:09:58--  https://web.engr.oregonstate.edu/~mjb/vulkan/Handouts/RayTracePipeline.1pp.pdf
Reusing existing connection to web.engr.oregonstate.edu:443.
HTTP request sent, awaiting response... 200 OK
Length: 652117 (637K) [application/pdf]
Saving to: ‘mirror/web.engr.oregonstate.edu/~mjb/vulkan/Handouts/RayTracePipeline.1pp.pdf’

     0K .......... .......... .......... .......... ..........  7% 2.34M 0s
    50K .......... .......... .......... .......... .......... 15% 1.60M 0s
   100K .......... .......... .......... .......... .......... 23%  895K 0s
   150K .......... .......... .......... .......... .......... 31% 1.59M 0s
   200K .......... .......... .......... .......... .......... 39% 1.31M 0s
   250K .......... .......... .......... .......... .......... 47% 1.83M 0s
   300K .......... .......... .......... .......... .......... 54% 1.62M 0s
   350K .......... .......... .......... .......... .......... 62% 3.32M 0s
   400K .......... .......... .......... .......... .......... 70%  593K 0s
   450K .......... .......... .......... .......... .......... 78% 5.74M 0s
   500K .......... .......... .......... .......... .......... 86% 1.38M 0s
   550K .......... .......... .......... .......... .......... 94% 2.30M 0s
   600K .......... .......... .......... ......               100% 3.66M=0.4s

2026-05-28 15:09:58 (1.53 MB/s) - ‘mirror/web.engr.oregonstate.edu/~mjb/vulkan/Handouts/RayTracePipeline.1pp.pdf’ saved [652117/652117]

--2026-05-28 15:09:58--  https://web.engr.oregonstate.edu/~mjb/vulkan/Handouts/RayTracePipeline.2pp.pdf
Reusing existing connection to web.engr.oregonstate.edu:443.
HTTP request sent, awaiting response... 200 OK
Length: 757164 (739K) [application/pdf]
Saving to: ‘mirror/web.engr.oregonstate.edu/~mjb/vulkan/Handouts/RayTracePipeline.2pp.pdf’

     0K .......... .......... .......... .......... ..........  6%  843K 1s
    50K .......... .......... .......... .......... .......... 13% 4.09M 0s
   100K .......... .......... .......... .......... .......... 20% 2.07M 0s
   150K .......... .......... .......... .......... .......... 27% 2.23M 0s
   200K .......... .......... .......... .......... .......... 33% 2.66M 0s
   250K .......... .......... .......... .......... .......... 40% 1.49M 0s
   300K .......... .......... .......... .......... .......... 47%  678K 0s
   350K .......... .......... .......... .......... .......... 54% 1.66M 0s
   400K .......... .......... .......... .......... .......... 60%  726K 0s
   450K .......... .......... .......... .......... .......... 67% 1.17M 0s
   500K .......... .......... .......... .......... .......... 74% 1.00M 0s
   550K .......... .......... .......... .......... .......... 81% 3.67M 0s
   600K .......... .......... .......... .......... .......... 87% 1.44M 0s
   650K .......... .......... .......... .......... .......... 94%  678K 0s
   700K .......... .......... .......... .........            100% 2.50M=0.6s

2026-05-28 15:09:59 (1.27 MB/s) - ‘mirror/web.engr.oregonstate.edu/~mjb/vulkan/Handouts/RayTracePipeline.2pp.pdf’ saved [757164/757164]

--2026-05-28 15:09:59--  https://web.engr.oregonstate.edu/~mjb/vulkan/Handouts/RayTracePipeline.4pp.pdf
Reusing existing connection to web.engr.oregonstate.edu:443.
HTTP request sent, awaiting response... 200 OK
Length: 744512 (727K) [application/pdf]
Saving to: ‘mirror/web.engr.oregonstate.edu/~mjb/vulkan/Handouts/RayTracePipeline.4pp.pdf’

     0K .......... .......... .......... .......... ..........  6% 4.87M 0s
    50K .......... .......... .......... .......... .......... 13% 1.00M 0s
   100K .......... .......... .......... .......... .......... 20%  928K 0s
   150K .......... .......... .......... .......... .......... 27% 3.96M 0s
   200K .......... .......... .......... .......... .......... 34% 1.47M 0s
   250K .......... .......... .......... .......... .......... 41% 1.15M 0s
   300K .......... .......... .......... .......... .......... 48% 1.97M 0s
   350K .......... .......... .......... .......... .......... 55% 1.22M 0s
   400K .......... .......... .......... .......... .......... 61% 4.10M 0s
   450K .......... .......... .......... .......... .......... 68% 1.16M 0s
   500K .......... .......... .......... .......... .......... 75%  921K 0s
   550K .......... .......... .......... .......... .......... 82%  453K 0s
   600K .......... .......... .......... .......... .......... 89%  139M 0s
   650K .......... .......... .......... .......... .......... 96% 5.19M 0s
   700K .......... .......... .......                         100% 1.59M=0.5s

2026-05-28 15:10:00 (1.39 MB/s) - ‘mirror/web.engr.oregonstate.edu/~mjb/vulkan/Handouts/RayTracePipeline.4pp.pdf’ saved [744512/744512]

--2026-05-28 15:10:00--  https://web.engr.oregonstate.edu/~mjb/vulkan/Handouts/RayTracePipeline.6pp.pdf
Reusing existing connection to web.engr.oregonstate.edu:443.
HTTP request sent, awaiting response... 200 OK
Length: 732240 (715K) [application/pdf]
Saving to: ‘mirror/web.engr.oregonstate.edu/~mjb/vulkan/Handouts/RayTracePipeline.6pp.pdf’

     0K .......... .......... .......... .......... ..........  6% 1.11M 1s
    50K .......... .......... .......... .......... .......... 13% 1.05M 1s
   100K .......... .......... .......... .......... .......... 20% 2.40M 0s
   150K .......... .......... .......... .......... .......... 27% 2.07M 0s
   200K .......... .......... .......... .......... .......... 34% 2.70M 0s
   250K .......... .......... .......... .......... .......... 41% 2.32M 0s
   300K .......... .......... .......... .......... .......... 48% 2.14M 0s
   350K .......... .......... .......... .......... .......... 55% 1.13M 0s
   400K .......... .......... .......... .......... .......... 62% 1.31M 0s
   450K .......... .......... .......... .......... .......... 69% 1.19M 0s
   500K .......... .......... .......... .......... .......... 76% 2.04M 0s
   550K .......... .......... .......... .......... .......... 83% 1.86M 0s
   600K .......... .......... .......... .......... .......... 90% 1.61M 0s
   650K .......... .......... .......... .......... .......... 97% 4.49M 0s
   700K .......... .....                                      100%  701K=0.4s

2026-05-28 15:10:00 (1.62 MB/s) - ‘mirror/web.engr.oregonstate.edu/~mjb/vulkan/Handouts/RayTracePipeline.6pp.pdf’ saved [732240/732240]

--2026-05-28 15:10:00--  https://web.engr.oregonstate.edu/~mjb/vulkan/Handouts/RayTriangleIntersection.1pp.pdf
Reusing existing connection to web.engr.oregonstate.edu:443.
HTTP request sent, awaiting response... 200 OK
Length: 815073 (796K) [application/pdf]
Saving to: ‘mirror/web.engr.oregonstate.edu/~mjb/vulkan/Handouts/RayTriangleIntersection.1pp.pdf’

     0K .......... .......... .......... .......... ..........  6% 2.07M 0s
    50K .......... .......... .......... .......... .......... 12% 1.31M 0s
   100K .......... .......... .......... .......... .......... 18% 3.72M 0s
   150K .......... .......... .......... .......... .......... 25% 1.13M 0s
   200K .......... .......... .......... .......... .......... 31% 1.55M 0s
   250K .......... .......... .......... .......... .......... 37% 1.51M 0s
   300K .......... .......... .......... .......... .......... 43% 2.47M 0s
   350K .......... .......... .......... .......... .......... 50% 1.43M 0s
   400K .......... .......... .......... .......... .......... 56% 3.00M 0s
   450K .......... .......... .......... .......... .......... 62% 3.44M 0s
   500K .......... .......... .......... .......... .......... 69% 2.43M 0s
   550K .......... .......... .......... .......... .......... 75% 2.87M 0s
   600K .......... .......... .......... .......... .......... 81% 2.64M 0s
   650K .......... .......... .......... .......... .......... 87% 2.40M 0s
   700K .......... .......... .......... .......... .......... 94% 1.75M 0s
   750K .......... .......... .......... .......... .....     100% 2.15M=0.4s

2026-05-28 15:10:01 (1.99 MB/s) - ‘mirror/web.engr.oregonstate.edu/~mjb/vulkan/Handouts/RayTriangleIntersection.1pp.pdf’ saved [815073/815073]

--2026-05-28 15:10:01--  https://web.engr.oregonstate.edu/~mjb/vulkan/Handouts/RayTriangleIntersection.2pp.pdf
Reusing existing connection to web.engr.oregonstate.edu:443.
HTTP request sent, awaiting response... 200 OK
Length: 808051 (789K) [application/pdf]
Saving to: ‘mirror/web.engr.oregonstate.edu/~mjb/vulkan/Handouts/RayTriangleIntersection.2pp.pdf’

     0K .......... .......... .......... .......... ..........  6% 1.02M 1s
    50K .......... .......... .......... .......... .......... 12% 3.34M 0s
   100K .......... .......... .......... .......... .......... 19% 1.10M 0s
   150K .......... .......... .......... .......... .......... 25% 1.67M 0s
   200K .......... .......... .......... .......... .......... 31% 1.20M 0s
   250K .......... .......... .......... .......... .......... 38% 2.30M 0s
   300K .......... .......... .......... .......... .......... 44% 1.20M 0s
   350K .......... .......... .......... .......... .......... 50% 1.23M 0s
   400K .......... .......... .......... .......... .......... 57% 1.89M 0s
   450K .......... .......... .......... .......... .......... 63%  809K 0s
   500K .......... .......... .......... .......... .......... 69% 1.08M 0s
   550K .......... .......... .......... .......... .......... 76% 5.27M 0s
   600K .......... .......... .......... .......... .......... 82% 1.14M 0s
   650K .......... .......... .......... .......... .......... 88% 1.97M 0s
   700K .......... .......... .......... .......... .......... 95% 2.82M 0s
   750K .......... .......... .......... .........            100% 1.84M=0.5s

2026-05-28 15:10:01 (1.46 MB/s) - ‘mirror/web.engr.oregonstate.edu/~mjb/vulkan/Handouts/RayTriangleIntersection.2pp.pdf’ saved [808051/808051]

--2026-05-28 15:10:01--  https://web.engr.oregonstate.edu/~mjb/vulkan/Handouts/RayTriangleIntersection.4pp.pdf
Reusing existing connection to web.engr.oregonstate.edu:443.
HTTP request sent, awaiting response... 200 OK
Length: 791161 (773K) [application/pdf]
Saving to: ‘mirror/web.engr.oregonstate.edu/~mjb/vulkan/Handouts/RayTriangleIntersection.4pp.pdf’

     0K .......... .......... .......... .......... ..........  6% 3.33M 0s
    50K .......... .......... .......... .......... .......... 12%  820K 1s
   100K .......... .......... .......... .......... .......... 19% 1.22M 0s
   150K .......... .......... .......... .......... .......... 25% 1.94M 0s
   200K .......... .......... .......... .......... .......... 32% 1.56M 0s
   250K .......... .......... .......... .......... .......... 38% 4.39M 0s
   300K .......... .......... .......... .......... .......... 45% 1.53M 0s
   350K .......... .......... .......... .......... .......... 51% 1.88M 0s
   400K .......... .......... .......... .......... .......... 58%  590K 0s
   450K .......... .......... .......... .......... .......... 64% 1.08M 0s
   500K .......... .......... .......... .......... .......... 71% 1.90M 0s
   550K .......... .......... .......... .......... .......... 77% 2.10M 0s
   600K .......... .......... .......... .......... .......... 84% 1.98M 0s
   650K .......... .......... .......... .......... .......... 90% 5.09M 0s
   700K .......... .......... .......... .......... .......... 97% 2.73M 0s
   750K .......... .......... ..                              100% 4.47M=0.5s

2026-05-28 15:10:02 (1.58 MB/s) - ‘mirror/web.engr.oregonstate.edu/~mjb/vulkan/Handouts/RayTriangleIntersection.4pp.pdf’ saved [791161/791161]

--2026-05-28 15:10:02--  https://web.engr.oregonstate.edu/~mjb/vulkan/Handouts/RayTriangleIntersection.6pp.pdf
Reusing existing connection to web.engr.oregonstate.edu:443.
HTTP request sent, awaiting response... 200 OK
Length: 769542 (752K) [application/pdf]
Saving to: ‘mirror/web.engr.oregonstate.edu/~mjb/vulkan/Handouts/RayTriangleIntersection.6pp.pdf’

     0K .......... .......... .......... .......... ..........  6% 4.24M 0s
    50K .......... .......... .......... .......... .......... 13% 2.69M 0s
   100K .......... .......... .......... .......... .......... 19% 1.06M 0s
   150K .......... .......... .......... .......... .......... 26% 1.79M 0s
   200K .......... .......... .......... .......... .......... 33% 1.84M 0s
   250K .......... .......... .......... .......... .......... 39% 1.30M 0s
   300K .......... .......... .......... .......... .......... 46% 4.29M 0s
   350K .......... .......... .......... .......... .......... 53% 4.16M 0s
   400K .......... .......... .......... .......... .......... 59% 1.51M 0s
   450K .......... .......... .......... .......... .......... 66% 2.09M 0s
   500K .......... .......... .......... .......... .......... 73% 3.41M 0s
   550K .......... .......... .......... .......... .......... 79% 1.58M 0s
   600K .......... .......... .......... .......... .......... 86% 1.67M 0s
   650K .......... .......... .......... .......... .......... 93% 2.18M 0s
   700K .......... .......... .......... .......... .......... 99% 3.45M 0s
   750K .                                                     100% 2.80T=0.4s

2026-05-28 15:10:02 (2.06 MB/s) - ‘mirror/web.engr.oregonstate.edu/~mjb/vulkan/Handouts/RayTriangleIntersection.6pp.pdf’ saved [769542/769542]

--2026-05-28 15:10:02--  https://web.engr.oregonstate.edu/~mjb/vulkan/Handouts/SampleCode.1pp.pdf
Reusing existing connection to web.engr.oregonstate.edu:443.
HTTP request sent, awaiting response... 200 OK
Length: 1012476 (989K) [application/pdf]
Saving to: ‘mirror/web.engr.oregonstate.edu/~mjb/vulkan/Handouts/SampleCode.1pp.pdf’

     0K .......... .......... .......... .......... ..........  5% 1.14M 1s
    50K .......... .......... .......... .......... .......... 10% 1.58M 1s
   100K .......... .......... .......... .......... .......... 15% 1.42M 1s
   150K .......... .......... .......... .......... .......... 20% 1.08M 1s
   200K .......... .......... .......... .......... .......... 25% 1.35M 1s
   250K .......... .......... .......... .......... .......... 30% 1.69M 1s
   300K .......... .......... .......... .......... .......... 35% 2.13M 0s
   350K .......... .......... .......... .......... .......... 40%  546K 0s
   400K .......... .......... .......... .......... .......... 45% 1.85M 0s
   450K .......... .......... .......... .......... .......... 50% 1.37M 0s
   500K .......... .......... .......... .......... .......... 55% 2.60M 0s
   550K .......... .......... .......... .......... .......... 60% 2.21M 0s
   600K .......... .......... .......... .......... .......... 65% 2.45M 0s
   650K .......... .......... .......... .......... .......... 70%  868K 0s
   700K .......... .......... .......... .......... .......... 75% 1.29M 0s
   750K .......... .......... .......... .......... .......... 80% 1.47M 0s
   800K .......... .......... .......... .......... .......... 85%  817K 0s
   850K .......... .......... .......... .......... .......... 91% 3.88M 0s
   900K .......... .......... .......... .......... .......... 96% 2.04M 0s
   950K .......... .......... .......... ........             100%  499K=0.8s

2026-05-28 15:10:03 (1.27 MB/s) - ‘mirror/web.engr.oregonstate.edu/~mjb/vulkan/Handouts/SampleCode.1pp.pdf’ saved [1012476/1012476]

--2026-05-28 15:10:03--  https://web.engr.oregonstate.edu/~mjb/vulkan/Handouts/SampleCode.2pp.pdf
Reusing existing connection to web.engr.oregonstate.edu:443.
HTTP request sent, awaiting response... 200 OK
Length: 1008390 (985K) [application/pdf]
Saving to: ‘mirror/web.engr.oregonstate.edu/~mjb/vulkan/Handouts/SampleCode.2pp.pdf’

     0K .......... .......... .......... .......... ..........  5% 1.12M 1s
    50K .......... .......... .......... .......... .......... 10% 1016K 1s
   100K .......... .......... .......... .......... .......... 15% 3.17M 1s
   150K .......... .......... .......... .......... .......... 20% 3.03M 0s
   200K .......... .......... .......... .......... .......... 25%  840K 1s
   250K .......... .......... .......... .......... .......... 30% 3.27M 0s
   300K .......... .......... .......... .......... .......... 35% 1.18M 0s
   350K .......... .......... .......... .......... .......... 40% 1.30M 0s
   400K .......... .......... .......... .......... .......... 45%  587K 0s
   450K .......... .......... .......... .......... .......... 50% 1.30M 0s
   500K .......... .......... .......... .......... .......... 55% 2.33M 0s
   550K .......... .......... .......... .......... .......... 60%  962K 0s
   600K .......... .......... .......... .......... .......... 66% 2.13M 0s
   650K .......... .......... .......... .......... .......... 71%  400K 0s
   700K .......... .......... .......... .......... .......... 76%  154M 0s
   750K .......... .......... .......... .......... .......... 81% 2.90M 0s
   800K .......... .......... .......... .......... .......... 86% 1.59M 0s
   850K .......... .......... .......... .......... .......... 91% 1009K 0s
   900K .......... .......... .......... .......... .......... 96% 2.43M 0s
   950K .......... .......... .......... ....                 100% 3.79M=0.7s

2026-05-28 15:10:04 (1.29 MB/s) - ‘mirror/web.engr.oregonstate.edu/~mjb/vulkan/Handouts/SampleCode.2pp.pdf’ saved [1008390/1008390]

--2026-05-28 15:10:04--  https://web.engr.oregonstate.edu/~mjb/vulkan/Handouts/SampleCode.4pp.pdf
Reusing existing connection to web.engr.oregonstate.edu:443.
HTTP request sent, awaiting response... 200 OK
Length: 958674 (936K) [application/pdf]
Saving to: ‘mirror/web.engr.oregonstate.edu/~mjb/vulkan/Handouts/SampleCode.4pp.pdf’

     0K .......... .......... .......... .......... ..........  5% 2.09M 0s
    50K .......... .......... .......... .......... .......... 10% 1.08M 1s
   100K .......... .......... .......... .......... .......... 16% 2.29M 0s
   150K .......... .......... .......... .......... .......... 21%  700K 1s
   200K .......... .......... .......... .......... .......... 26% 1.64M 1s
   250K .......... .......... .......... .......... .......... 32% 1.85M 0s
   300K .......... .......... .......... .......... .......... 37%  845K 0s
   350K .......... .......... .......... .......... .......... 42%  890K 0s
   400K .......... .......... .......... .......... .......... 48% 1.06M 0s
   450K .......... .......... .......... .......... .......... 53% 1.06M 0s
   500K .......... .......... .......... .......... .......... 58% 1.29M 0s
   550K .......... .......... .......... .......... .......... 64% 1013K 0s
   600K .......... .......... .......... .......... .......... 69% 2.42M 0s
   650K .......... .......... .......... .......... .......... 74% 1.91M 0s
   700K .......... .......... .......... .......... .......... 80% 2.28M 0s
   750K .......... .......... .......... .......... .......... 85%  848K 0s
   800K .......... .......... .......... .......... .......... 90% 1009K 0s
   850K .......... .......... .......... .......... .......... 96%  898K 0s
   900K .......... .......... .......... ......               100% 2.02M=0.8s

2026-05-28 15:10:05 (1.20 MB/s) - ‘mirror/web.engr.oregonstate.edu/~mjb/vulkan/Handouts/SampleCode.4pp.pdf’ saved [958674/958674]

--2026-05-28 15:10:05--  https://web.engr.oregonstate.edu/~mjb/vulkan/Handouts/SampleCode.6pp.pdf
Reusing existing connection to web.engr.oregonstate.edu:443.
HTTP request sent, awaiting response... 200 OK
Length: 931255 (909K) [application/pdf]
Saving to: ‘mirror/web.engr.oregonstate.edu/~mjb/vulkan/Handouts/SampleCode.6pp.pdf’

     0K .......... .......... .......... .......... ..........  5% 1.42M 1s
    50K .......... .......... .......... .......... .......... 10% 2.16M 0s
   100K .......... .......... .......... .......... .......... 16% 1024K 1s
   150K .......... .......... .......... .......... .......... 21% 1.95M 0s
   200K .......... .......... .......... .......... .......... 27% 1.22M 0s
   250K .......... .......... .......... .......... .......... 32% 1.47M 0s
   300K .......... .......... .......... .......... .......... 38% 1.06M 0s
   350K .......... .......... .......... .......... .......... 43% 1002K 0s
   400K .......... .......... .......... .......... .......... 49%  771K 0s
   450K .......... .......... .......... .......... .......... 54%  680K 0s
   500K .......... .......... .......... .......... .......... 60%  980K 0s
   550K .......... .......... .......... .......... .......... 65% 2.86M 0s
   600K .......... .......... .......... .......... .......... 71% 1.19M 0s
   650K .......... .......... .......... .......... .......... 76% 2.25M 0s
   700K .......... .......... .......... .......... .......... 82%  870K 0s
   750K .......... .......... .......... .......... .......... 87% 1.24M 0s
   800K .......... .......... .......... .......... .......... 93%  790K 0s
   850K .......... .......... .......... .......... .......... 98% 1.23M 0s
   900K .........                                             100% 12.8M=0.8s

2026-05-28 15:10:05 (1.15 MB/s) - ‘mirror/web.engr.oregonstate.edu/~mjb/vulkan/Handouts/SampleCode.6pp.pdf’ saved [931255/931255]

--2026-05-28 15:10:05--  https://web.engr.oregonstate.edu/~mjb/vulkan/Handouts/ShadersAndSpirv.1pp.pdf
Reusing existing connection to web.engr.oregonstate.edu:443.
HTTP request sent, awaiting response... 200 OK
Length: 1473452 (1.4M) [application/pdf]
Saving to: ‘mirror/web.engr.oregonstate.edu/~mjb/vulkan/Handouts/ShadersAndSpirv.1pp.pdf’

     0K .......... .......... .......... .......... ..........  3% 1.27M 1s
    50K .......... .......... .......... .......... ..........  6% 2.10M 1s
   100K .......... .......... .......... .......... .......... 10% 1.99M 1s
   150K .......... .......... .......... .......... .......... 13% 1.52M 1s
   200K .......... .......... .......... .......... .......... 17% 1012K 1s
   250K .......... .......... .......... .......... .......... 20% 1.14M 1s
   300K .......... .......... .......... .......... .......... 24% 2.37M 1s
   350K .......... .......... .......... .......... .......... 27% 1.19M 1s
   400K .......... .......... .......... .......... .......... 31% 1.41M 1s
   450K .......... .......... .......... .......... .......... 34% 1.52M 1s
   500K .......... .......... .......... .......... .......... 38% 3.89M 1s
   550K .......... .......... .......... .......... .......... 41% 1.49M 1s
   600K .......... .......... .......... .......... .......... 45% 1.54M 1s
   650K .......... .......... .......... .......... .......... 48% 2.04M 0s
   700K .......... .......... .......... .......... .......... 52%  782K 0s
   750K .......... .......... .......... .......... .......... 55% 2.32M 0s
   800K .......... .......... .......... .......... .......... 59% 1.59M 0s
   850K .......... .......... .......... .......... .......... 62% 1.28M 0s
   900K .......... .......... .......... .......... .......... 66% 1.12M 0s
   950K .......... .......... .......... .......... .......... 69% 3.26M 0s
  1000K .......... .......... .......... .......... .......... 72% 1.59M 0s
  1050K .......... .......... .......... .......... .......... 76% 2.11M 0s
  1100K .......... .......... .......... .......... .......... 79% 1.09M 0s
  1150K .......... .......... .......... .......... .......... 83% 3.41M 0s
  1200K .......... .......... .......... .......... .......... 86% 1.23M 0s
  1250K .......... .......... .......... .......... .......... 90% 3.68M 0s
  1300K .......... .......... .......... .......... .......... 93% 2.14M 0s
  1350K .......... .......... .......... .......... .......... 97% 1.40M 0s
  1400K .......... .......... .......... ........             100% 5.75M=0.9s

2026-05-28 15:10:06 (1.59 MB/s) - ‘mirror/web.engr.oregonstate.edu/~mjb/vulkan/Handouts/ShadersAndSpirv.1pp.pdf’ saved [1473452/1473452]

--2026-05-28 15:10:06--  https://web.engr.oregonstate.edu/~mjb/vulkan/Handouts/ShadersAndSpirv.2pp.pdf
Reusing existing connection to web.engr.oregonstate.edu:443.
HTTP request sent, awaiting response... 200 OK
Length: 1218809 (1.2M) [application/pdf]
Saving to: ‘mirror/web.engr.oregonstate.edu/~mjb/vulkan/Handouts/ShadersAndSpirv.2pp.pdf’

     0K .......... .......... .......... .......... ..........  4% 1.22M 1s
    50K .......... .......... .......... .......... ..........  8% 3.34M 1s
   100K .......... .......... .......... .......... .......... 12% 5.38M 0s
   150K .......... .......... .......... .......... .......... 16% 1.53M 0s
   200K .......... .......... .......... .......... .......... 21% 3.20M 0s
   250K .......... .......... .......... .......... .......... 25% 2.61M 0s
   300K .......... .......... .......... .......... .......... 29% 1.35M 0s
   350K .......... .......... .......... .......... .......... 33% 1.45M 0s
   400K .......... .......... .......... .......... .......... 37% 1.51M 0s
   450K .......... .......... .......... .......... .......... 42% 2.65M 0s
   500K .......... .......... .......... .......... .......... 46% 1.99M 0s
   550K .......... .......... .......... .......... .......... 50% 1.84M 0s
   600K .......... .......... .......... .......... .......... 54% 2.06M 0s
   650K .......... .......... .......... .......... .......... 58% 2.20M 0s
   700K .......... .......... .......... .......... .......... 63%  711K 0s
   750K .......... .......... .......... .......... .......... 67% 3.97M 0s
   800K .......... .......... .......... .......... .......... 71%  573K 0s
   850K .......... .......... .......... .......... .......... 75% 2.81M 0s
   900K .......... .......... .......... .......... .......... 79% 2.47M 0s
   950K .......... .......... .......... .......... .......... 84% 2.88M 0s
  1000K .......... .......... .......... .......... .......... 88% 1.20M 0s
  1050K .......... .......... .......... .......... .......... 92% 1.39M 0s
  1100K .......... .......... .......... .......... .......... 96% 5.38M 0s
  1150K .......... .......... .......... ..........           100% 4.81M=0.7s

2026-05-28 15:10:07 (1.75 MB/s) - ‘mirror/web.engr.oregonstate.edu/~mjb/vulkan/Handouts/ShadersAndSpirv.2pp.pdf’ saved [1218809/1218809]

--2026-05-28 15:10:07--  https://web.engr.oregonstate.edu/~mjb/vulkan/Handouts/ShadersAndSpirv.4pp.pdf
Reusing existing connection to web.engr.oregonstate.edu:443.
HTTP request sent, awaiting response... 200 OK
Length: 1146147 (1.1M) [application/pdf]
Saving to: ‘mirror/web.engr.oregonstate.edu/~mjb/vulkan/Handouts/ShadersAndSpirv.4pp.pdf’

     0K .......... .......... .......... .......... ..........  4% 2.11M 0s
    50K .......... .......... .......... .......... ..........  8% 1.77M 1s
   100K .......... .......... .......... .......... .......... 13% 3.93M 0s
   150K .......... .......... .......... .......... .......... 17% 1.22M 0s
   200K .......... .......... .......... .......... .......... 22% 3.00M 0s
   250K .......... .......... .......... .......... .......... 26% 1.32M 0s
   300K .......... .......... .......... .......... .......... 31% 2.73M 0s
   350K .......... .......... .......... .......... .......... 35% 1.68M 0s
   400K .......... .......... .......... .......... .......... 40% 9.37M 0s
   450K .......... .......... .......... .......... .......... 44% 1.91M 0s
   500K .......... .......... .......... .......... .......... 49%  734K 0s
   550K .......... .......... .......... .......... .......... 53% 2.33M 0s
   600K .......... .......... .......... .......... .......... 58% 2.08M 0s
   650K .......... .......... .......... .......... .......... 62% 1.14M 0s
   700K .......... .......... .......... .......... .......... 67% 2.43M 0s
   750K .......... .......... .......... .......... .......... 71% 1.15M 0s
   800K .......... .......... .......... .......... .......... 75% 1.25M 0s
   850K .......... .......... .......... .......... .......... 80% 1.03M 0s
   900K .......... .......... .......... .......... .......... 84% 1.68M 0s
   950K .......... .......... .......... .......... .......... 89%  791K 0s
  1000K .......... .......... .......... .......... .......... 93% 46.7M 0s
  1050K .......... .......... .......... .......... .......... 98%  849K 0s
  1100K .......... .........                                  100% 11.2M=0.7s

2026-05-28 15:10:08 (1.58 MB/s) - ‘mirror/web.engr.oregonstate.edu/~mjb/vulkan/Handouts/ShadersAndSpirv.4pp.pdf’ saved [1146147/1146147]

--2026-05-28 15:10:08--  https://web.engr.oregonstate.edu/~mjb/vulkan/Handouts/ShadersAndSpirv.6pp.pdf
Reusing existing connection to web.engr.oregonstate.edu:443.
HTTP request sent, awaiting response... 200 OK
Length: 1108353 (1.1M) [application/pdf]
Saving to: ‘mirror/web.engr.oregonstate.edu/~mjb/vulkan/Handouts/ShadersAndSpirv.6pp.pdf’

     0K .......... .......... .......... .......... ..........  4% 1.01M 1s
    50K .......... .......... .......... .......... ..........  9% 2.79M 1s
   100K .......... .......... .......... .......... .......... 13% 1.17M 1s
   150K .......... .......... .......... .......... .......... 18% 1.96M 1s
   200K .......... .......... .......... .......... .......... 23% 2.94M 0s
   250K .......... .......... .......... .......... .......... 27%  976K 1s
   300K .......... .......... .......... .......... .......... 32% 2.64M 0s
   350K .......... .......... .......... .......... .......... 36% 2.29M 0s
   400K .......... .......... .......... .......... .......... 41% 1.18M 0s
   450K .......... .......... .......... .......... .......... 46% 1.63M 0s
   500K .......... .......... .......... .......... .......... 50% 1.39M 0s
   550K .......... .......... .......... .......... .......... 55%  968K 0s
   600K .......... .......... .......... .......... .......... 60% 1.58M 0s
   650K .......... .......... .......... .......... .......... 64%  727K 0s
   700K .......... .......... .......... .......... .......... 69%  904K 0s
   750K .......... .......... .......... .......... .......... 73%  798K 0s
   800K .......... .......... .......... .......... .......... 78% 1.94M 0s
   850K .......... .......... .......... .......... .......... 83% 2.51M 0s
   900K .......... .......... .......... .......... .......... 87%  808K 0s
   950K .......... .......... .......... .......... .......... 92%  832K 0s
  1000K .......... .......... .......... .......... .......... 97%  669K 0s
  1050K .......... .......... .......... ..                   100%  787K=0.9s

2026-05-28 15:10:09 (1.18 MB/s) - ‘mirror/web.engr.oregonstate.edu/~mjb/vulkan/Handouts/ShadersAndSpirv.6pp.pdf’ saved [1108353/1108353]

--2026-05-28 15:10:09--  https://web.engr.oregonstate.edu/~mjb/vulkan/Handouts/SpecializationConstants.1pp.pdf
Reusing existing connection to web.engr.oregonstate.edu:443.
HTTP request sent, awaiting response... 200 OK
Length: 696856 (681K) [application/pdf]
Saving to: ‘mirror/web.engr.oregonstate.edu/~mjb/vulkan/Handouts/SpecializationConstants.1pp.pdf’

     0K .......... .......... .......... .......... ..........  7% 1.21M 1s
    50K .......... .......... .......... .......... .......... 14% 1.46M 0s
   100K .......... .......... .......... .......... .......... 22%  868K 0s
   150K .......... .......... .......... .......... .......... 29% 1.45M 0s
   200K .......... .......... .......... .......... .......... 36% 1007K 0s
   250K .......... .......... .......... .......... .......... 44% 2.42M 0s
   300K .......... .......... .......... .......... .......... 51% 1.74M 0s
   350K .......... .......... .......... .......... .......... 58% 1.33M 0s
   400K .......... .......... .......... .......... .......... 66%  743K 0s
   450K .......... .......... .......... .......... .......... 73% 2.21M 0s
   500K .......... .......... .......... .......... .......... 80%  712K 0s
   550K .......... .......... .......... .......... .......... 88% 4.23M 0s
   600K .......... .......... .......... .......... .......... 95% 1.82M 0s
   650K .......... .......... ..........                      100% 4.18M=0.5s

2026-05-28 15:10:09 (1.32 MB/s) - ‘mirror/web.engr.oregonstate.edu/~mjb/vulkan/Handouts/SpecializationConstants.1pp.pdf’ saved [696856/696856]

--2026-05-28 15:10:09--  https://web.engr.oregonstate.edu/~mjb/vulkan/Handouts/SpecializationConstants.2pp.pdf
Reusing existing connection to web.engr.oregonstate.edu:443.
HTTP request sent, awaiting response... 200 OK
Length: 822910 (804K) [application/pdf]
Saving to: ‘mirror/web.engr.oregonstate.edu/~mjb/vulkan/Handouts/SpecializationConstants.2pp.pdf’

     0K .......... .......... .......... .......... ..........  6% 1.10M 1s
    50K .......... .......... .......... .......... .......... 12% 1.89M 0s
   100K .......... .......... .......... .......... .......... 18% 3.32M 0s
   150K .......... .......... .......... .......... .......... 24% 1.03M 0s
   200K .......... .......... .......... .......... .......... 31% 2.16M 0s
   250K .......... .......... .......... .......... .......... 37% 2.40M 0s
   300K .......... .......... .......... .......... .......... 43% 1.14M 0s
   350K .......... .......... .......... .......... .......... 49% 1.19M 0s
   400K .......... .......... .......... .......... .......... 55% 1.87M 0s
   450K .......... .......... .......... .......... .......... 62% 1.76M 0s
   500K .......... .......... .......... .......... .......... 68% 2.18M 0s
   550K .......... .......... .......... .......... .......... 74%  762K 0s
   600K .......... .......... .......... .......... .......... 80% 1.04M 0s
   650K .......... .......... .......... .......... .......... 87%  996K 0s
   700K .......... .......... .......... .......... .......... 93% 3.24M 0s
   750K .......... .......... .......... .......... .......... 99% 1.34M 0s
   800K ...                                                   100% 78.9M=0.5s

2026-05-28 15:10:10 (1.43 MB/s) - ‘mirror/web.engr.oregonstate.edu/~mjb/vulkan/Handouts/SpecializationConstants.2pp.pdf’ saved [822910/822910]

--2026-05-28 15:10:10--  https://web.engr.oregonstate.edu/~mjb/vulkan/Handouts/SpecializationConstants.4pp.pdf
Reusing existing connection to web.engr.oregonstate.edu:443.
HTTP request sent, awaiting response... 200 OK
Length: 806050 (787K) [application/pdf]
Saving to: ‘mirror/web.engr.oregonstate.edu/~mjb/vulkan/Handouts/SpecializationConstants.4pp.pdf’

     0K .......... .......... .......... .......... ..........  6% 1.97M 0s
    50K .......... .......... .......... .......... .......... 12% 1.98M 0s
   100K .......... .......... .......... .......... .......... 19%  809K 0s
   150K .......... .......... .......... .......... .......... 25% 1.92M 0s
   200K .......... .......... .......... .......... .......... 31% 1.20M 0s
   250K .......... .......... .......... .......... .......... 38% 2.82M 0s
   300K .......... .......... .......... .......... .......... 44% 1.56M 0s
   350K .......... .......... .......... .......... .......... 50% 1.48M 0s
   400K .......... .......... .......... .......... .......... 57% 2.13M 0s
   450K .......... .......... .......... .......... .......... 63% 1.49M 0s
   500K .......... .......... .......... .......... .......... 69% 1.76M 0s
   550K .......... .......... .......... .......... .......... 76%  986K 0s
   600K .......... .......... .......... .......... .......... 82% 2.88M 0s
   650K .......... .......... .......... .......... .......... 88% 1.22M 0s
   700K .......... .......... .......... .......... .......... 95% 2.38M 0s
   750K .......... .......... .......... .......              100% 6.32M=0.5s

2026-05-28 15:10:11 (1.61 MB/s) - ‘mirror/web.engr.oregonstate.edu/~mjb/vulkan/Handouts/SpecializationConstants.4pp.pdf’ saved [806050/806050]

--2026-05-28 15:10:11--  https://web.engr.oregonstate.edu/~mjb/vulkan/Handouts/SpecializationConstants.6pp.pdf
Reusing existing connection to web.engr.oregonstate.edu:443.
HTTP request sent, awaiting response... 200 OK
Length: 793022 (774K) [application/pdf]
Saving to: ‘mirror/web.engr.oregonstate.edu/~mjb/vulkan/Handouts/SpecializationConstants.6pp.pdf’

     0K .......... .......... .......... .......... ..........  6% 1.30M 1s
    50K .......... .......... .......... .......... .......... 12% 1.37M 0s
   100K .......... .......... .......... .......... .......... 19% 2.58M 0s
   150K .......... .......... .......... .......... .......... 25% 2.96M 0s
   200K .......... .......... .......... .......... .......... 32% 1.90M 0s
   250K .......... .......... .......... .......... .......... 38%  837K 0s
   300K .......... .......... .......... .......... .......... 45% 20.5M 0s
   350K .......... .......... .......... .......... .......... 51% 1.34M 0s
   400K .......... .......... .......... .......... .......... 58% 1.32M 0s
   450K .......... .......... .......... .......... .......... 64% 1.84M 0s
   500K .......... .......... .......... .......... .......... 71% 3.96M 0s
   550K .......... .......... .......... .......... .......... 77%  436K 0s
   600K .......... .......... .......... .......... .......... 83% 1.79M 0s
   650K .......... .......... .......... .......... .......... 90% 3.13M 0s
   700K .......... .......... .......... .......... .......... 96% 1.02M 0s
   750K .......... .......... ....                            100% 1.75M=0.5s

2026-05-28 15:10:11 (1.43 MB/s) - ‘mirror/web.engr.oregonstate.edu/~mjb/vulkan/Handouts/SpecializationConstants.6pp.pdf’ saved [793022/793022]

--2026-05-28 15:10:11--  https://web.engr.oregonstate.edu/~mjb/vulkan/Handouts/SwapChain.1pp.pdf
Reusing existing connection to web.engr.oregonstate.edu:443.
HTTP request sent, awaiting response... 200 OK
Length: 1299656 (1.2M) [application/pdf]
Saving to: ‘mirror/web.engr.oregonstate.edu/~mjb/vulkan/Handouts/SwapChain.1pp.pdf’

     0K .......... .......... .......... .......... ..........  3% 1.78M 1s
    50K .......... .......... .......... .......... ..........  7% 1.88M 1s
   100K .......... .......... .......... .......... .......... 11%  658K 1s
   150K .......... .......... .......... .......... .......... 15%  222K 2s
   200K .......... .......... .......... .......... .......... 19%  108M 1s
   250K .......... .......... .......... .......... .......... 23%  169M 1s
   300K .......... .......... .......... .......... .......... 27% 1.97M 1s
   350K .......... .......... .......... .......... .......... 31% 1.21M 1s
   400K .......... .......... .......... .......... .......... 35% 1.48M 1s
   450K .......... .......... .......... .......... .......... 39%  915K 1s
   500K .......... .......... .......... .......... .......... 43% 2.14M 1s
   550K .......... .......... .......... .......... .......... 47%  510K 1s
   600K .......... .......... .......... .......... .......... 51%  710K 1s
   650K .......... .......... .......... .......... .......... 55% 1.50M 1s
   700K .......... .......... .......... .......... .......... 59% 1011K 1s
   750K .......... .......... .......... .......... .......... 63%  968K 0s
   800K .......... .......... .......... .......... .......... 66% 1.04M 0s
   850K .......... .......... .......... .......... .......... 70% 1.21M 0s
   900K .......... .......... .......... .......... .......... 74% 1.63M 0s
   950K .......... .......... .......... .......... .......... 78% 1.88M 0s
  1000K .......... .......... .......... .......... .......... 82% 2.26M 0s
  1050K .......... .......... .......... .......... .......... 86%  931K 0s
  1100K .......... .......... .......... .......... .......... 90%  826K 0s
  1150K .......... .......... .......... .......... .......... 94%  998K 0s
  1200K .......... .......... .......... .......... .......... 98%  495K 0s
  1250K .......... .........                                  100% 4.75M=1.3s

2026-05-28 15:10:12 (1001 KB/s) - ‘mirror/web.engr.oregonstate.edu/~mjb/vulkan/Handouts/SwapChain.1pp.pdf’ saved [1299656/1299656]

--2026-05-28 15:10:13--  https://web.engr.oregonstate.edu/~mjb/vulkan/Handouts/SwapChain.2pp.pdf
Reusing existing connection to web.engr.oregonstate.edu:443.
HTTP request sent, awaiting response... 200 OK
Length: 1110319 (1.1M) [application/pdf]
Saving to: ‘mirror/web.engr.oregonstate.edu/~mjb/vulkan/Handouts/SwapChain.2pp.pdf’

     0K .......... .......... .......... .......... ..........  4% 2.95M 0s
    50K .......... .......... .......... .......... ..........  9% 1.58M 0s
   100K .......... .......... .......... .......... .......... 13% 1.13M 1s
   150K .......... .......... .......... .......... .......... 18% 2.32M 0s
   200K .......... .......... .......... .......... .......... 23% 1.16M 1s
   250K .......... .......... .......... .......... .......... 27% 1.18M 1s
   300K .......... .......... .......... .......... .......... 32% 1.00M 1s
   350K .......... .......... .......... .......... .......... 36% 1.12M 0s
   400K .......... .......... .......... .......... .......... 41% 1.62M 0s
   450K .......... .......... .......... .......... .......... 46% 1.35M 0s
   500K .......... .......... .......... .......... .......... 50% 1.98M 0s
   550K .......... .......... .......... .......... .......... 55%  806K 0s
   600K .......... .......... .......... .......... .......... 59% 1.67M 0s
   650K .......... .......... .......... .......... .......... 64% 1.22M 0s
   700K .......... .......... .......... .......... .......... 69% 1.54M 0s
   750K .......... .......... .......... .......... .......... 73%  867K 0s
   800K .......... .......... .......... .......... .......... 78%  523K 0s
   850K .......... .......... .......... .......... .......... 83% 2.54M 0s
   900K .......... .......... .......... .......... .......... 87% 1.40M 0s
   950K .......... .......... .......... .......... .......... 92%  648K 0s
  1000K .......... .......... .......... .......... .......... 96% 4.31M 0s
  1050K .......... .......... .......... ....                 100% 1.17M=0.9s

2026-05-28 15:10:13 (1.22 MB/s) - ‘mirror/web.engr.oregonstate.edu/~mjb/vulkan/Handouts/SwapChain.2pp.pdf’ saved [1110319/1110319]

--2026-05-28 15:10:13--  https://web.engr.oregonstate.edu/~mjb/vulkan/Handouts/SwapChain.4pp.pdf
Reusing existing connection to web.engr.oregonstate.edu:443.
HTTP request sent, awaiting response... 200 OK
Length: 1068999 (1.0M) [application/pdf]
Saving to: ‘mirror/web.engr.oregonstate.edu/~mjb/vulkan/Handouts/SwapChain.4pp.pdf’

     0K .......... .......... .......... .......... ..........  4% 4.50M 0s
    50K .......... .......... .......... .......... ..........  9% 2.98M 0s
   100K .......... .......... .......... .......... .......... 14%  642K 1s
   150K .......... .......... .......... .......... .......... 19% 2.93M 1s
   200K .......... .......... .......... .......... .......... 23% 1.34M 1s
   250K .......... .......... .......... .......... .......... 28% 3.35M 0s
   300K .......... .......... .......... .......... .......... 33%  896K 0s
   350K .......... .......... .......... .......... .......... 38% 1.52M 0s
   400K .......... .......... .......... .......... .......... 43% 3.01M 0s
   450K .......... .......... .......... .......... .......... 47% 1.36M 0s
   500K .......... .......... .......... .......... .......... 52%  641K 0s
   550K .......... .......... .......... .......... .......... 57% 1.76M 0s
   600K .......... .......... .......... .......... .......... 62% 1.48M 0s
   650K .......... .......... .......... .......... .......... 67% 3.45M 0s
   700K .......... .......... .......... .......... .......... 71% 2.27M 0s
   750K .......... .......... .......... .......... .......... 76% 2.58M 0s
   800K .......... .......... .......... .......... .......... 81% 2.05M 0s
   850K .......... .......... .......... .......... .......... 86% 1.57M 0s
   900K .......... .......... .......... .......... .......... 91% 2.81M 0s
   950K .......... .......... .......... .......... .......... 95% 3.94M 0s
  1000K .......... .......... .......... .......... ...       100% 1.97M=0.6s

2026-05-28 15:10:14 (1.66 MB/s) - ‘mirror/web.engr.oregonstate.edu/~mjb/vulkan/Handouts/SwapChain.4pp.pdf’ saved [1068999/1068999]

--2026-05-28 15:10:14--  https://web.engr.oregonstate.edu/~mjb/vulkan/Handouts/SwapChain.6pp.pdf
Reusing existing connection to web.engr.oregonstate.edu:443.
HTTP request sent, awaiting response... 200 OK
Length: 1044177 (1020K) [application/pdf]
Saving to: ‘mirror/web.engr.oregonstate.edu/~mjb/vulkan/Handouts/SwapChain.6pp.pdf’

     0K .......... .......... .......... .......... ..........  4% 1.97M 0s
    50K .......... .......... .......... .......... ..........  9% 1.64M 1s
   100K .......... .......... .......... .......... .......... 14% 5.48M 0s
   150K .......... .......... .......... .......... .......... 19%  958K 0s
   200K .......... .......... .......... .......... .......... 24% 1.40M 0s
   250K .......... .......... .......... .......... .......... 29%  782K 1s
   300K .......... .......... .......... .......... .......... 34% 1.03M 1s
   350K .......... .......... .......... .......... .......... 39% 1.64M 0s
   400K .......... .......... .......... .......... .......... 44% 1.46M 0s
   450K .......... .......... .......... .......... .......... 49% 1.99M 0s
   500K .......... .......... .......... .......... .......... 53% 1.96M 0s
   550K .......... .......... .......... .......... .......... 58% 2.04M 0s
   600K .......... .......... .......... .......... .......... 63%  617K 0s
   650K .......... .......... .......... .......... .......... 68% 1.00M 0s
   700K .......... .......... .......... .......... .......... 73% 1.91M 0s
   750K .......... .......... .......... .......... .......... 78% 1.18M 0s
   800K .......... .......... .......... .......... .......... 83% 1.51M 0s
   850K .......... .......... .......... .......... .......... 88% 1.38M 0s
   900K .......... .......... .......... .......... .......... 93% 2.21M 0s
   950K .......... .......... .......... .......... .......... 98%  892K 0s
  1000K .......... .........                                  100% 1.16M=0.8s

2026-05-28 15:10:15 (1.31 MB/s) - ‘mirror/web.engr.oregonstate.edu/~mjb/vulkan/Handouts/SwapChain.6pp.pdf’ saved [1044177/1044177]

--2026-05-28 15:10:15--  https://web.engr.oregonstate.edu/~mjb/vulkan/Handouts/Synchronization.1pp.pdf
Reusing existing connection to web.engr.oregonstate.edu:443.
HTTP request sent, awaiting response... 200 OK
Length: 987712 (965K) [application/pdf]
Saving to: ‘mirror/web.engr.oregonstate.edu/~mjb/vulkan/Handouts/Synchronization.1pp.pdf’

     0K .......... .......... .......... .......... ..........  5% 1.60M 1s
    50K .......... .......... .......... .......... .......... 10%  521K 1s
   100K .......... .......... .......... .......... .......... 15% 1.21M 1s
   150K .......... .......... .......... .......... .......... 20% 1.15M 1s
   200K .......... .......... .......... .......... .......... 25%  684K 1s
   250K .......... .......... .......... .......... .......... 31%  634K 1s
   300K .......... .......... .......... .......... .......... 36%  975K 1s
   350K .......... .......... .......... .......... .......... 41% 2.60M 1s
   400K .......... .......... .......... .......... .......... 46% 2.35M 1s
   450K .......... .......... .......... .......... .......... 51% 1.43M 0s
   500K .......... .......... .......... .......... .......... 57% 3.88M 0s
   550K .......... .......... .......... .......... .......... 62% 1.20M 0s
   600K .......... .......... .......... .......... .......... 67% 1.24M 0s
   650K .......... .......... .......... .......... .......... 72% 1.13M 0s
   700K .......... .......... .......... .......... .......... 77% 1.51M 0s
   750K .......... .......... .......... .......... .......... 82%  878K 0s
   800K .......... .......... .......... .......... .......... 88% 1.36M 0s
   850K .......... .......... .......... .......... .......... 93% 1.42M 0s
   900K .......... .......... .......... .......... .......... 98% 6.79M 0s
   950K .......... ....                                       100%  980K=0.8s

2026-05-28 15:10:16 (1.17 MB/s) - ‘mirror/web.engr.oregonstate.edu/~mjb/vulkan/Handouts/Synchronization.1pp.pdf’ saved [987712/987712]

--2026-05-28 15:10:16--  https://web.engr.oregonstate.edu/~mjb/vulkan/Handouts/Synchronization.2pp.pdf
Reusing existing connection to web.engr.oregonstate.edu:443.
HTTP request sent, awaiting response... 200 OK
Length: 929922 (908K) [application/pdf]
Saving to: ‘mirror/web.engr.oregonstate.edu/~mjb/vulkan/Handouts/Synchronization.2pp.pdf’

     0K .......... .......... .......... .......... ..........  5%  306K 3s
    50K .......... .......... .......... .......... .......... 11% 51.1M 1s
   100K .......... .......... .......... .......... .......... 16% 10.2M 1s
   150K .......... .......... .......... .......... .......... 22% 3.77M 1s
   200K .......... .......... .......... .......... .......... 27% 1.82M 1s
   250K .......... .......... .......... .......... .......... 33% 1.91M 0s
   300K .......... .......... .......... .......... .......... 38% 3.73M 0s
   350K .......... .......... .......... .......... .......... 44% 1.91M 0s
   400K .......... .......... .......... .......... .......... 49% 2.42M 0s
   450K .......... .......... .......... .......... .......... 55% 1.86M 0s
   500K .......... .......... .......... .......... .......... 60% 1.85M 0s
   550K .......... .......... .......... .......... .......... 66% 1.77M 0s
   600K .......... .......... .......... .......... .......... 71% 2.00M 0s
   650K .......... .......... .......... .......... .......... 77% 2.75M 0s
   700K .......... .......... .......... .......... .......... 82% 2.63M 0s
   750K .......... .......... .......... .......... .......... 88% 1.31M 0s
   800K .......... .......... .......... .......... .......... 93% 1.95M 0s
   850K .......... .......... .......... .......... .......... 99% 4.05M 0s
   900K ........                                              100% 2.07M=0.5s

2026-05-28 15:10:16 (1.73 MB/s) - ‘mirror/web.engr.oregonstate.edu/~mjb/vulkan/Handouts/Synchronization.2pp.pdf’ saved [929922/929922]

--2026-05-28 15:10:16--  https://web.engr.oregonstate.edu/~mjb/vulkan/Handouts/Synchronization.4pp.pdf
Reusing existing connection to web.engr.oregonstate.edu:443.
HTTP request sent, awaiting response... 200 OK
Length: 908827 (888K) [application/pdf]
Saving to: ‘mirror/web.engr.oregonstate.edu/~mjb/vulkan/Handouts/Synchronization.4pp.pdf’

     0K .......... .......... .......... .......... ..........  5% 1.89M 0s
    50K .......... .......... .......... .......... .......... 11% 1.77M 0s
   100K .......... .......... .......... .......... .......... 16% 1009K 1s
   150K .......... .......... .......... .......... .......... 22%  588K 1s
   200K .......... .......... .......... .......... .......... 28% 1.36M 1s
   250K .......... .......... .......... .......... .......... 33%  764K 1s
   300K .......... .......... .......... .......... .......... 39%  142M 0s
   350K .......... .......... .......... .......... .......... 45% 1.16M 0s
   400K .......... .......... .......... .......... .......... 50% 1.28M 0s
   450K .......... .......... .......... .......... .......... 56% 2.81M 0s
   500K .......... .......... .......... .......... .......... 61% 1.00M 0s
   550K .......... .......... .......... .......... .......... 67% 1.14M 0s
   600K .......... .......... .......... .......... .......... 73% 1.25M 0s
   650K .......... .......... .......... .......... .......... 78% 2.80M 0s
   700K .......... .......... .......... .......... .......... 84% 1.38M 0s
   750K .......... .......... .......... .......... .......... 90% 16.7M 0s
   800K .......... .......... .......... .......... .......... 95% 3.14M 0s
   850K .......... .......... .......... .......              100% 1.26M=0.6s

2026-05-28 15:10:17 (1.40 MB/s) - ‘mirror/web.engr.oregonstate.edu/~mjb/vulkan/Handouts/Synchronization.4pp.pdf’ saved [908827/908827]

--2026-05-28 15:10:17--  https://web.engr.oregonstate.edu/~mjb/vulkan/Handouts/Synchronization.6pp.pdf
Reusing existing connection to web.engr.oregonstate.edu:443.
HTTP request sent, awaiting response... 200 OK
Length: 891711 (871K) [application/pdf]
Saving to: ‘mirror/web.engr.oregonstate.edu/~mjb/vulkan/Handouts/Synchronization.6pp.pdf’

     0K .......... .......... .......... .......... ..........  5%  743K 1s
    50K .......... .......... .......... .......... .......... 11%  561K 1s
   100K .......... .......... .......... .......... .......... 17% 2.32M 1s
   150K .......... .......... .......... .......... .......... 22%  866K 1s
   200K .......... .......... .......... .......... .......... 28% 3.13M 1s
   250K .......... .......... .......... .......... .......... 34%  757K 1s
   300K .......... .......... .......... .......... .......... 40%  203K 1s
   350K .......... .......... .......... .......... .......... 45%  239M 1s
   400K .......... .......... .......... .......... .......... 51% 2.32M 1s
   450K .......... .......... .......... .......... .......... 57% 1.31M 0s
   500K .......... .......... .......... .......... .......... 63%  766K 0s
   550K .......... .......... .......... .......... .......... 68%  992K 0s
   600K .......... .......... .......... .......... .......... 74%  750K 0s
   650K .......... .......... .......... .......... .......... 80% 1.27M 0s
   700K .......... .......... .......... .......... .......... 86%  847K 0s
   750K .......... .......... .......... .......... .......... 91%  760K 0s
   800K .......... .......... .......... .......... .......... 97% 1.39M 0s
   850K .......... ..........                                 100%  946K=1.0s

2026-05-28 15:10:18 (850 KB/s) - ‘mirror/web.engr.oregonstate.edu/~mjb/vulkan/Handouts/Synchronization.6pp.pdf’ saved [891711/891711]

--2026-05-28 15:10:18--  https://web.engr.oregonstate.edu/~mjb/vulkan/Handouts/Textures.1pp.pdf
Reusing existing connection to web.engr.oregonstate.edu:443.
HTTP request sent, awaiting response... 200 OK
Length: 2177852 (2.1M) [application/pdf]
Saving to: ‘mirror/web.engr.oregonstate.edu/~mjb/vulkan/Handouts/Textures.1pp.pdf’

     0K .......... .......... .......... .......... ..........  2% 3.04M 1s
    50K .......... .......... .......... .......... ..........  4% 2.45M 1s
   100K .......... .......... .......... .......... ..........  7% 1.80M 1s
   150K .......... .......... .......... .......... ..........  9% 1.07M 1s
   200K .......... .......... .......... .......... .......... 11% 1.89M 1s
   250K .......... .......... .......... .......... .......... 14% 1.40M 1s
   300K .......... .......... .......... .......... .......... 16% 1.62M 1s
   350K .......... .......... .......... .......... .......... 18% 2.88M 1s
   400K .......... .......... .......... .......... .......... 21% 1.93M 1s
   450K .......... .......... .......... .......... .......... 23%  980K 1s
   500K .......... .......... .......... .......... .......... 25% 4.76M 1s
   550K .......... .......... .......... .......... .......... 28%  847K 1s
   600K .......... .......... .......... .......... .......... 30% 2.94M 1s
   650K .......... .......... .......... .......... .......... 32% 1.39M 1s
   700K .......... .......... .......... .......... .......... 35% 1.46M 1s
   750K .......... .......... .......... .......... .......... 37% 1.69M 1s
   800K .......... .......... .......... .......... .......... 39% 2.34M 1s
   850K .......... .......... .......... .......... .......... 42% 2.16M 1s
   900K .......... .......... .......... .......... .......... 44%  401K 1s
   950K .......... .......... .......... .......... .......... 47% 1.47M 1s
  1000K .......... .......... .......... .......... .......... 49% 2.99M 1s
  1050K .......... .......... .......... .......... .......... 51% 2.82M 1s
  1100K .......... .......... .......... .......... .......... 54%  902K 1s
  1150K .......... .......... .......... .......... .......... 56% 1.54M 1s
  1200K .......... .......... .......... .......... .......... 58% 2.66M 1s
  1250K .......... .......... .......... .......... .......... 61% 1.14M 1s
  1300K .......... .......... .......... .......... .......... 63% 1.39M 1s
  1350K .......... .......... .......... .......... .......... 65%  879K 0s
  1400K .......... .......... .......... .......... .......... 68%  807K 0s
  1450K .......... .......... .......... .......... .......... 70%  815K 0s
  1500K .......... .......... .......... .......... .......... 72% 1.84M 0s
  1550K .......... .......... .......... .......... .......... 75%  678K 0s
  1600K .......... .......... .......... .......... .......... 77% 1.17M 0s
  1650K .......... .......... .......... .......... .......... 79% 2.16M 0s
  1700K .......... .......... .......... .......... .......... 82% 2.09M 0s
  1750K .......... .......... .......... .......... .......... 84% 1.95M 0s
  1800K .......... .......... .......... .......... .......... 86% 1.63M 0s
  1850K .......... .......... .......... .......... .......... 89% 1.35M 0s
  1900K .......... .......... .......... .......... .......... 91%  703K 0s
  1950K .......... .......... .......... .......... .......... 94%  717K 0s
  2000K .......... .......... .......... .......... .......... 96%  785K 0s
  2050K .......... .......... .......... .......... .......... 98%  576K 0s
  2100K .......... .......... ......                          100%  182M=1.6s

2026-05-28 15:10:20 (1.26 MB/s) - ‘mirror/web.engr.oregonstate.edu/~mjb/vulkan/Handouts/Textures.1pp.pdf’ saved [2177852/2177852]

--2026-05-28 15:10:20--  https://web.engr.oregonstate.edu/~mjb/vulkan/Handouts/Textures.2pp.pdf
Reusing existing connection to web.engr.oregonstate.edu:443.
HTTP request sent, awaiting response... 200 OK
Length: 2036256 (1.9M) [application/pdf]
Saving to: ‘mirror/web.engr.oregonstate.edu/~mjb/vulkan/Handouts/Textures.2pp.pdf’

     0K .......... .......... .......... .......... ..........  2% 4.06M 0s
    50K .......... .......... .......... .......... ..........  5% 1.74M 1s
   100K .......... .......... .......... .......... ..........  7%  699K 1s
   150K .......... .......... .......... .......... .......... 10% 1.38M 1s
   200K .......... .......... .......... .......... .......... 12% 2.45M 1s
   250K .......... .......... .......... .......... .......... 15%  727K 1s
   300K .......... .......... .......... .......... .......... 17% 1.97M 1s
   350K .......... .......... .......... .......... .......... 20% 1.52M 1s
   400K .......... .......... .......... .......... .......... 22% 1.44M 1s
   450K .......... .......... .......... .......... .......... 25%  885K 1s
   500K .......... .......... .......... .......... .......... 27% 2.09M 1s
   550K .......... .......... .......... .......... .......... 30% 2.09M 1s
   600K .......... .......... .......... .......... .......... 32%  968K 1s
   650K .......... .......... .......... .......... .......... 35% 1.77M 1s
   700K .......... .......... .......... .......... .......... 37% 1.26M 1s
   750K .......... .......... .......... .......... .......... 40% 2.10M 1s
   800K .......... .......... .......... .......... .......... 42% 1.12M 1s
   850K .......... .......... .......... .......... .......... 45% 2.34M 1s
   900K .......... .......... .......... .......... .......... 47% 1.67M 1s
   950K .......... .......... .......... .......... .......... 50% 1.34M 1s
  1000K .......... .......... .......... .......... .......... 52% 2.35M 1s
  1050K .......... .......... .......... .......... .......... 55% 1.31M 1s
  1100K .......... .......... .......... .......... .......... 57% 1.15M 1s
  1150K .......... .......... .......... .......... .......... 60% 2.74M 1s
  1200K .......... .......... .......... .......... .......... 62% 2.33M 0s
  1250K .......... .......... .......... .......... .......... 65% 1.87M 0s
  1300K .......... .......... .......... .......... .......... 67% 3.31M 0s
  1350K .......... .......... .......... .......... .......... 70% 1.00M 0s
  1400K .......... .......... .......... .......... .......... 72% 1.51M 0s
  1450K .......... .......... .......... .......... .......... 75% 1.24M 0s
  1500K .......... .......... .......... .......... .......... 77% 1.97M 0s
  1550K .......... .......... .......... .......... .......... 80% 1.36M 0s
  1600K .......... .......... .......... .......... .......... 82% 2.45M 0s
  1650K .......... .......... .......... .......... .......... 85% 2.70M 0s
  1700K .......... .......... .......... .......... .......... 88% 1.01M 0s
  1750K .......... .......... .......... .......... .......... 90% 6.45M 0s
  1800K .......... .......... .......... .......... .......... 93% 1.34M 0s
  1850K .......... .......... .......... .......... .......... 95%  498K 0s
  1900K .......... .......... .......... .......... .......... 98% 3.24M 0s
  1950K .......... .......... .......... ........             100%  828K=1.4s

2026-05-28 15:10:21 (1.43 MB/s) - ‘mirror/web.engr.oregonstate.edu/~mjb/vulkan/Handouts/Textures.2pp.pdf’ saved [2036256/2036256]

--2026-05-28 15:10:21--  https://web.engr.oregonstate.edu/~mjb/vulkan/Handouts/Textures.4pp.pdf
Reusing existing connection to web.engr.oregonstate.edu:443.
HTTP request sent, awaiting response... 200 OK
Length: 1735191 (1.7M) [application/pdf]
Saving to: ‘mirror/web.engr.oregonstate.edu/~mjb/vulkan/Handouts/Textures.4pp.pdf’

     0K .......... .......... .......... .......... ..........  2%  939K 2s
    50K .......... .......... .......... .......... ..........  5% 1.24M 1s
   100K .......... .......... .......... .......... ..........  8% 1.73M 1s
   150K .......... .......... .......... .......... .......... 11% 1.64M 1s
   200K .......... .......... .......... .......... .......... 14% 1.38M 1s
   250K .......... .......... .......... .......... .......... 17% 1.04M 1s
   300K .......... .......... .......... .......... .......... 20% 1.24M 1s
   350K .......... .......... .......... .......... .......... 23%  901K 1s
   400K .......... .......... .......... .......... .......... 26% 1.67M 1s
   450K .......... .......... .......... .......... .......... 29% 1.71M 1s
   500K .......... .......... .......... .......... .......... 32% 1.24M 1s
   550K .......... .......... .......... .......... .......... 35% 1.18M 1s
   600K .......... .......... .......... .......... .......... 38% 2.32M 1s
   650K .......... .......... .......... .......... .......... 41%  744K 1s
   700K .......... .......... .......... .......... .......... 44% 1.62M 1s
   750K .......... .......... .......... .......... .......... 47% 1.60M 1s
   800K .......... .......... .......... .......... .......... 50%  828K 1s
   850K .......... .......... .......... .......... .......... 53% 2.29M 1s
   900K .......... .......... .......... .......... .......... 56%  288K 1s
   950K .......... .......... .......... .......... .......... 59%  132M 1s
  1000K .......... .......... .......... .......... .......... 61% 5.37M 1s
  1050K .......... .......... .......... .......... .......... 64% 1.52M 0s
  1100K .......... .......... .......... .......... .......... 67%  713K 0s
  1150K .......... .......... .......... .......... .......... 70% 1.89M 0s
  1200K .......... .......... .......... .......... .......... 73% 1.32M 0s
  1250K .......... .......... .......... .......... .......... 76% 1.16M 0s
  1300K .......... .......... .......... .......... .......... 79% 2.41M 0s
  1350K .......... .......... .......... .......... .......... 82% 1.46M 0s
  1400K .......... .......... .......... .......... .......... 85% 1.91M 0s
  1450K .......... .......... .......... .......... .......... 88% 1.13M 0s
  1500K .......... .......... .......... .......... .......... 91% 1.65M 0s
  1550K .......... .......... .......... .......... .......... 94% 1.38M 0s
  1600K .......... .......... .......... .......... .......... 97% 1.38M 0s
  1650K .......... .......... .......... .......... ....      100% 1.62M=1.3s

2026-05-28 15:10:23 (1.24 MB/s) - ‘mirror/web.engr.oregonstate.edu/~mjb/vulkan/Handouts/Textures.4pp.pdf’ saved [1735191/1735191]

--2026-05-28 15:10:23--  https://web.engr.oregonstate.edu/~mjb/vulkan/Handouts/Textures.6pp.pdf
Reusing existing connection to web.engr.oregonstate.edu:443.
HTTP request sent, awaiting response... 200 OK
Length: 1713410 (1.6M) [application/pdf]
Saving to: ‘mirror/web.engr.oregonstate.edu/~mjb/vulkan/Handouts/Textures.6pp.pdf’

     0K .......... .......... .......... .......... ..........  2% 1.25M 1s
    50K .......... .......... .......... .......... ..........  5% 1.04M 1s
   100K .......... .......... .......... .......... ..........  8% 1.98M 1s
   150K .......... .......... .......... .......... .......... 11% 1.47M 1s
   200K .......... .......... .......... .......... .......... 14% 2.32M 1s
   250K .......... .......... .......... .......... .......... 17% 1.63M 1s
   300K .......... .......... .......... .......... .......... 20% 2.11M 1s
   350K .......... .......... .......... .......... .......... 23%  682K 1s
   400K .......... .......... .......... .......... .......... 26% 1.09M 1s
   450K .......... .......... .......... .......... .......... 29% 1.49M 1s
   500K .......... .......... .......... .......... .......... 32% 1.58M 1s
   550K .......... .......... .......... .......... .......... 35%  682K 1s
   600K .......... .......... .......... .......... .......... 38% 1.45M 1s
   650K .......... .......... .......... .......... .......... 41% 1.21M 1s
   700K .......... .......... .......... .......... .......... 44% 1.32M 1s
   750K .......... .......... .......... .......... .......... 47% 1.61M 1s
   800K .......... .......... .......... .......... .......... 50%  658K 1s
   850K .......... .......... .......... .......... .......... 53% 2.12M 1s
   900K .......... .......... .......... .......... .......... 56% 3.13M 1s
   950K .......... .......... .......... .......... .......... 59% 2.28M 1s
  1000K .......... .......... .......... .......... .......... 62% 1.05M 0s
  1050K .......... .......... .......... .......... .......... 65%  825K 0s
  1100K .......... .......... .......... .......... .......... 68% 1.80M 0s
  1150K .......... .......... .......... .......... .......... 71%  778K 0s
  1200K .......... .......... .......... .......... .......... 74% 1.17M 0s
  1250K .......... .......... .......... .......... .......... 77% 1.82M 0s
  1300K .......... .......... .......... .......... .......... 80% 1.37M 0s
  1350K .......... .......... .......... .......... .......... 83% 1.24M 0s
  1400K .......... .......... .......... .......... .......... 86% 1.50M 0s
  1450K .......... .......... .......... .......... .......... 89% 1.03M 0s
  1500K .......... .......... .......... .......... .......... 92%  653K 0s
  1550K .......... .......... .......... .......... .......... 95% 2.01M 0s
  1600K .......... .......... .......... .......... .......... 98% 1.41M 0s
  1650K .......... .......... ...                             100% 3.16M=1.3s

2026-05-28 15:10:24 (1.24 MB/s) - ‘mirror/web.engr.oregonstate.edu/~mjb/vulkan/Handouts/Textures.6pp.pdf’ saved [1713410/1713410]

--2026-05-28 15:10:24--  https://web.engr.oregonstate.edu/~mjb/vulkan/Handouts/VMA.1pp.pdf
Reusing existing connection to web.engr.oregonstate.edu:443.
HTTP request sent, awaiting response... 200 OK
Length: 630972 (616K) [application/pdf]
Saving to: ‘mirror/web.engr.oregonstate.edu/~mjb/vulkan/Handouts/VMA.1pp.pdf’

     0K .......... .......... .......... .......... ..........  8% 1.83M 0s
    50K .......... .......... .......... .......... .......... 16%  885K 0s
   100K .......... .......... .......... .......... .......... 24% 1.92M 0s
   150K .......... .......... .......... .......... .......... 32%  956K 0s
   200K .......... .......... .......... .......... .......... 40%  644K 0s
   250K .......... .......... .......... .......... .......... 48% 1.64M 0s
   300K .......... .......... .......... .......... .......... 56% 1.87M 0s
   350K .......... .......... .......... .......... .......... 64%  726K 0s
   400K .......... .......... .......... .......... .......... 73%  863K 0s
   450K .......... .......... .......... .......... .......... 81% 1.82M 0s
   500K .......... .......... .......... .......... .......... 89%  278K 0s
   550K .......... .......... .......... .......... .......... 97% 9.50M 0s
   600K .......... ......                                     100%  194M=0.6s

2026-05-28 15:10:25 (974 KB/s) - ‘mirror/web.engr.oregonstate.edu/~mjb/vulkan/Handouts/VMA.1pp.pdf’ saved [630972/630972]

--2026-05-28 15:10:25--  https://web.engr.oregonstate.edu/~mjb/vulkan/Handouts/VMA.2pp.pdf
Reusing existing connection to web.engr.oregonstate.edu:443.
HTTP request sent, awaiting response... 200 OK
Length: 793938 (775K) [application/pdf]
Saving to: ‘mirror/web.engr.oregonstate.edu/~mjb/vulkan/Handouts/VMA.2pp.pdf’

     0K .......... .......... .......... .......... ..........  6% 2.83M 0s
    50K .......... .......... .......... .......... .......... 12% 3.62M 0s
   100K .......... .......... .......... .......... .......... 19% 1.52M 0s
   150K .......... .......... .......... .......... .......... 25%  720K 0s
   200K .......... .......... .......... .......... .......... 32% 3.77M 0s
   250K .......... .......... .......... .......... .......... 38% 1.46M 0s
   300K .......... .......... .......... .......... .......... 45% 1.17M 0s
   350K .......... .......... .......... .......... .......... 51% 1.58M 0s
   400K .......... .......... .......... .......... .......... 58%  717K 0s
   450K .......... .......... .......... .......... .......... 64% 3.73M 0s
   500K .......... .......... .......... .......... .......... 70% 1024K 0s
   550K .......... .......... .......... .......... .......... 77% 2.63M 0s
   600K .......... .......... .......... .......... .......... 83% 1.75M 0s
   650K .......... .......... .......... .......... .......... 90%  687K 0s
   700K .......... .......... .......... .......... .......... 96%  615K 0s
   750K .......... .......... .....                           100%  517K=0.6s

2026-05-28 15:10:25 (1.20 MB/s) - ‘mirror/web.engr.oregonstate.edu/~mjb/vulkan/Handouts/VMA.2pp.pdf’ saved [793938/793938]

--2026-05-28 15:10:25--  https://web.engr.oregonstate.edu/~mjb/vulkan/Handouts/VMA.4pp.pdf
Reusing existing connection to web.engr.oregonstate.edu:443.
HTTP request sent, awaiting response... 200 OK
Length: 781358 (763K) [application/pdf]
Saving to: ‘mirror/web.engr.oregonstate.edu/~mjb/vulkan/Handouts/VMA.4pp.pdf’

     0K .......... .......... .......... .......... ..........  6% 1.65M 0s
    50K .......... .......... .......... .......... .......... 13%  959K 1s
   100K .......... .......... .......... .......... .......... 19% 1.06M 1s
   150K .......... .......... .......... .......... .......... 26% 1.17M 0s
   200K .......... .......... .......... .......... .......... 32% 3.71M 0s
   250K .......... .......... .......... .......... .......... 39%  799K 0s
   300K .......... .......... .......... .......... .......... 45%  877K 0s
   350K .......... .......... .......... .......... .......... 52% 1.37M 0s
   400K .......... .......... .......... .......... .......... 58% 1.01M 0s
   450K .......... .......... .......... .......... .......... 65% 2.02M 0s
   500K .......... .......... .......... .......... .......... 72%  998K 0s
   550K .......... .......... .......... .......... .......... 78% 2.72M 0s
   600K .......... .......... .......... .......... .......... 85% 1.04M 0s
   650K .......... .......... .......... .......... .......... 91% 1.26M 0s
   700K .......... .......... .......... .......... .......... 98% 1.09M 0s
   750K .......... ...                                        100% 1.30M=0.6s

2026-05-28 15:10:26 (1.21 MB/s) - ‘mirror/web.engr.oregonstate.edu/~mjb/vulkan/Handouts/VMA.4pp.pdf’ saved [781358/781358]

--2026-05-28 15:10:26--  https://web.engr.oregonstate.edu/~mjb/vulkan/Handouts/VMA.6pp.pdf
Reusing existing connection to web.engr.oregonstate.edu:443.
HTTP request sent, awaiting response... 200 OK
Length: 774568 (756K) [application/pdf]
Saving to: ‘mirror/web.engr.oregonstate.edu/~mjb/vulkan/Handouts/VMA.6pp.pdf’

     0K .......... .......... .......... .......... ..........  6%  780K 1s
    50K .......... .......... .......... .......... .......... 13% 1.12M 1s
   100K .......... .......... .......... .......... .......... 19% 1024K 1s
   150K .......... .......... .......... .......... .......... 26% 1.95M 1s
   200K .......... .......... .......... .......... .......... 33%  215K 1s
   250K .......... .......... .......... .......... .......... 39%  126M 1s
   300K .......... .......... .......... .......... .......... 46%  118M 0s
   350K .......... .......... .......... .......... .......... 52% 1.75M 0s
   400K .......... .......... .......... .......... .......... 59%  770K 0s
   450K .......... .......... .......... .......... .......... 66% 2.07M 0s
   500K .......... .......... .......... .......... .......... 72%  704K 0s
   550K .......... .......... .......... .......... .......... 79% 1.25M 0s
   600K .......... .......... .......... .......... .......... 85% 1.28M 0s
   650K .......... .......... .......... .......... .......... 92% 1.33M 0s
   700K .......... .......... .......... .......... .......... 99% 1.32M 0s
   750K ......                                                100%  240K=0.8s

2026-05-28 15:10:27 (970 KB/s) - ‘mirror/web.engr.oregonstate.edu/~mjb/vulkan/Handouts/VMA.6pp.pdf’ saved [774568/774568]

--2026-05-28 15:10:27--  https://web.engr.oregonstate.edu/~mjb/vulkan/Handouts/VertexBuffers.1pp.pdf
Reusing existing connection to web.engr.oregonstate.edu:443.
HTTP request sent, awaiting response... 200 OK
Length: 1413397 (1.3M) [application/pdf]
Saving to: ‘mirror/web.engr.oregonstate.edu/~mjb/vulkan/Handouts/VertexBuffers.1pp.pdf’

     0K .......... .......... .......... .......... ..........  3% 4.33M 0s
    50K .......... .......... .......... .......... ..........  7% 2.68M 0s
   100K .......... .......... .......... .......... .......... 10% 1.87M 0s
   150K .......... .......... .......... .......... .......... 14% 4.37M 0s
   200K .......... .......... .......... .......... .......... 18% 1.14M 0s
   250K .......... .......... .......... .......... .......... 21% 3.13M 0s
   300K .......... .......... .......... .......... .......... 25% 2.20M 0s
   350K .......... .......... .......... .......... .......... 28% 2.79M 0s
   400K .......... .......... .......... .......... .......... 32% 2.97M 0s
   450K .......... .......... .......... .......... .......... 36% 1.36M 0s
   500K .......... .......... .......... .......... .......... 39% 4.45M 0s
   550K .......... .......... .......... .......... .......... 43% 3.58M 0s
   600K .......... .......... .......... .......... .......... 47% 1.11M 0s
   650K .......... .......... .......... .......... .......... 50%  985K 0s
   700K .......... .......... .......... .......... .......... 54%  823K 0s
   750K .......... .......... .......... .......... .......... 57% 6.83M 0s
   800K .......... .......... .......... .......... .......... 61%  863K 0s
   850K .......... .......... .......... .......... .......... 65% 1.38M 0s
   900K .......... .......... .......... .......... .......... 68% 3.28M 0s
   950K .......... .......... .......... .......... .......... 72% 1.24M 0s
  1000K .......... .......... .......... .......... .......... 76% 1.80M 0s
  1050K .......... .......... .......... .......... .......... 79% 1.15M 0s
  1100K .......... .......... .......... .......... .......... 83% 1.03M 0s
  1150K .......... .......... .......... .......... .......... 86% 1.29M 0s
  1200K .......... .......... .......... .......... .......... 90%  796K 0s
  1250K .......... .......... .......... .......... .......... 94% 5.01M 0s
  1300K .......... .......... .......... .......... .......... 97% 2.12M 0s
  1350K .......... .......... ..........                      100% 2.23M=0.8s

2026-05-28 15:10:28 (1.65 MB/s) - ‘mirror/web.engr.oregonstate.edu/~mjb/vulkan/Handouts/VertexBuffers.1pp.pdf’ saved [1413397/1413397]

--2026-05-28 15:10:28--  https://web.engr.oregonstate.edu/~mjb/vulkan/Handouts/VertexBuffers.2pp.pdf
Reusing existing connection to web.engr.oregonstate.edu:443.
HTTP request sent, awaiting response... 200 OK
Length: 1291633 (1.2M) [application/pdf]
Saving to: ‘mirror/web.engr.oregonstate.edu/~mjb/vulkan/Handouts/VertexBuffers.2pp.pdf’

     0K .......... .......... .......... .......... ..........  3% 1.74M 1s
    50K .......... .......... .......... .......... ..........  7% 4.31M 0s
   100K .......... .......... .......... .......... .......... 11% 1.79M 0s
   150K .......... .......... .......... .......... .......... 15% 2.41M 0s
   200K .......... .......... .......... .......... .......... 19%  635K 1s
   250K .......... .......... .......... .......... .......... 23% 5.76M 1s
   300K .......... .......... .......... .......... .......... 27% 1.18M 1s
   350K .......... .......... .......... .......... .......... 31% 2.67M 1s
   400K .......... .......... .......... .......... .......... 35%  570K 1s
   450K .......... .......... .......... .......... .......... 39% 1.71M 1s
   500K .......... .......... .......... .......... .......... 43% 1.46M 0s
   550K .......... .......... .......... .......... .......... 47% 1.04M 0s
   600K .......... .......... .......... .......... .......... 51% 1.13M 0s
   650K .......... .......... .......... .......... .......... 55% 2.32M 0s
   700K .......... .......... .......... .......... .......... 59%  962K 0s
   750K .......... .......... .......... .......... .......... 63% 1.25M 0s
   800K .......... .......... .......... .......... .......... 67% 1.69M 0s
   850K .......... .......... .......... .......... .......... 71% 2.63M 0s
   900K .......... .......... .......... .......... .......... 75% 2.03M 0s
   950K .......... .......... .......... .......... .......... 79% 3.26M 0s
  1000K .......... .......... .......... .......... .......... 83%  707K 0s
  1050K .......... .......... .......... .......... .......... 87% 2.31M 0s
  1100K .......... .......... .......... .......... .......... 91% 1.91M 0s
  1150K .......... .......... .......... .......... .......... 95% 3.44M 0s
  1200K .......... .......... .......... .......... .......... 99% 1.96M 0s
  1250K .......... .                                          100% 9.88M=0.8s

2026-05-28 15:10:29 (1.48 MB/s) - ‘mirror/web.engr.oregonstate.edu/~mjb/vulkan/Handouts/VertexBuffers.2pp.pdf’ saved [1291633/1291633]

--2026-05-28 15:10:29--  https://web.engr.oregonstate.edu/~mjb/vulkan/Handouts/VertexBuffers.4pp.pdf
Reusing existing connection to web.engr.oregonstate.edu:443.
HTTP request sent, awaiting response... 200 OK
Length: 1257376 (1.2M) [application/pdf]
Saving to: ‘mirror/web.engr.oregonstate.edu/~mjb/vulkan/Handouts/VertexBuffers.4pp.pdf’

     0K .......... .......... .......... .......... ..........  4% 4.12M 0s
    50K .......... .......... .......... .......... ..........  8% 1005K 1s
   100K .......... .......... .......... .......... .......... 12% 6.24M 0s
   150K .......... .......... .......... .......... .......... 16% 2.13M 0s
   200K .......... .......... .......... .......... .......... 20% 3.20M 0s
   250K .......... .......... .......... .......... .......... 24% 4.73M 0s
   300K .......... .......... .......... .......... .......... 28% 1.04M 0s
   350K .......... .......... .......... .......... .......... 32% 1.66M 0s
   400K .......... .......... .......... .......... .......... 36% 2.98M 0s
   450K .......... .......... .......... .......... .......... 40% 4.81M 0s
   500K .......... .......... .......... .......... .......... 44% 1.85M 0s
   550K .......... .......... .......... .......... .......... 48% 1.80M 0s
   600K .......... .......... .......... .......... .......... 52% 1.13M 0s
   650K .......... .......... .......... .......... .......... 57% 2.81M 0s
   700K .......... .......... .......... .......... .......... 61% 1.48M 0s
   750K .......... .......... .......... .......... .......... 65% 4.63M 0s
   800K .......... .......... .......... .......... .......... 69% 1.49M 0s
   850K .......... .......... .......... .......... .......... 73% 2.02M 0s
   900K .......... .......... .......... .......... .......... 77%  783K 0s
   950K .......... .......... .......... .......... .......... 81% 2.26M 0s
  1000K .......... .......... .......... .......... .......... 85% 1.91M 0s
  1050K .......... .......... .......... .......... .......... 89% 1.09M 0s
  1100K .......... .......... .......... .......... .......... 93% 4.24M 0s
  1150K .......... .......... .......... .......... .......... 97%  463K 0s
  1200K .......... .......... .......                         100% 1001K=0.7s

2026-05-28 15:10:29 (1.62 MB/s) - ‘mirror/web.engr.oregonstate.edu/~mjb/vulkan/Handouts/VertexBuffers.4pp.pdf’ saved [1257376/1257376]

--2026-05-28 15:10:30--  https://web.engr.oregonstate.edu/~mjb/vulkan/Handouts/VertexBuffers.6pp.pdf
Reusing existing connection to web.engr.oregonstate.edu:443.
HTTP request sent, awaiting response... 200 OK
Length: 1231453 (1.2M) [application/pdf]
Saving to: ‘mirror/web.engr.oregonstate.edu/~mjb/vulkan/Handouts/VertexBuffers.6pp.pdf’

     0K .......... .......... .......... .......... ..........  4% 4.10M 0s
    50K .......... .......... .......... .......... ..........  8%  537K 1s
   100K .......... .......... .......... .......... .......... 12% 1.41M 1s
   150K .......... .......... .......... .......... .......... 16% 1.07M 1s
   200K .......... .......... .......... .......... .......... 20% 1.89M 1s
   250K .......... .......... .......... .......... .......... 24% 2.04M 1s
   300K .......... .......... .......... .......... .......... 29% 1.57M 1s
   350K .......... .......... .......... .......... .......... 33% 3.61M 1s
   400K .......... .......... .......... .......... .......... 37% 3.36M 0s
   450K .......... .......... .......... .......... .......... 41% 1.49M 0s
   500K .......... .......... .......... .......... .......... 45%  689K 0s
   550K .......... .......... .......... .......... .......... 49% 2.22M 0s
   600K .......... .......... .......... .......... .......... 54%  753K 0s
   650K .......... .......... .......... .......... .......... 58% 1.47M 0s
   700K .......... .......... .......... .......... .......... 62% 1.89M 0s
   750K .......... .......... .......... .......... .......... 66% 3.63M 0s
   800K .......... .......... .......... .......... .......... 70% 3.99M 0s
   850K .......... .......... .......... .......... .......... 74% 4.10M 0s
   900K .......... .......... .......... .......... .......... 78% 1.59M 0s
   950K .......... .......... .......... .......... .......... 83% 4.89M 0s
  1000K .......... .......... .......... .......... .......... 87%  272K 0s
  1050K .......... .......... .......... .......... .......... 91% 6.62M 0s
  1100K .......... .......... .......... .......... .......... 95%  125M 0s
  1150K .......... .......... .......... .......... .......... 99% 2.87M 0s
  1200K ..                                                    100% 4.83T=0.8s

2026-05-28 15:10:30 (1.41 MB/s) - ‘mirror/web.engr.oregonstate.edu/~mjb/vulkan/Handouts/VertexBuffers.6pp.pdf’ saved [1231453/1231453]

--2026-05-28 15:10:30--  https://web.engr.oregonstate.edu/~mjb/vulkan/Handouts/VulkanRayTracing.1pp.pdf
Reusing existing connection to web.engr.oregonstate.edu:443.
HTTP request sent, awaiting response... 200 OK
Length: 2097845 (2.0M) [application/pdf]
Saving to: ‘mirror/web.engr.oregonstate.edu/~mjb/vulkan/Handouts/VulkanRayTracing.1pp.pdf’

     0K .......... .......... .......... .......... ..........  2% 2.70M 1s
    50K .......... .......... .......... .......... ..........  4% 1.73M 1s
   100K .......... .......... .......... .......... ..........  7% 1.25M 1s
   150K .......... .......... .......... .......... ..........  9% 1.17M 1s
   200K .......... .......... .......... .......... .......... 12%  834K 1s
   250K .......... .......... .......... .......... .......... 14% 1.03M 1s
   300K .......... .......... .......... .......... .......... 17% 1.40M 1s
   350K .......... .......... .......... .......... .......... 19% 1.54M 1s
   400K .......... .......... .......... .......... .......... 21% 1.42M 1s
   450K .......... .......... .......... .......... .......... 24% 3.00M 1s
   500K .......... .......... .......... .......... .......... 26% 1.80M 1s
   550K .......... .......... .......... .......... .......... 29% 1.86M 1s
   600K .......... .......... .......... .......... .......... 31% 1.81M 1s
   650K .......... .......... .......... .......... .......... 34% 2.59M 1s
   700K .......... .......... .......... .......... .......... 36% 1.47M 1s
   750K .......... .......... .......... .......... .......... 39% 1.39M 1s
   800K .......... .......... .......... .......... .......... 41% 2.93M 1s
   850K .......... .......... .......... .......... .......... 43% 4.03M 1s
   900K .......... .......... .......... .......... .......... 46% 2.79M 1s
   950K .......... .......... .......... .......... .......... 48% 2.97M 1s
  1000K .......... .......... .......... .......... .......... 51%  879K 1s
  1050K .......... .......... .......... .......... .......... 53% 2.17M 1s
  1100K .......... .......... .......... .......... .......... 56% 1.62M 1s
  1150K .......... .......... .......... .......... .......... 58% 5.37M 0s
  1200K .......... .......... .......... .......... .......... 61% 2.43M 0s
  1250K .......... .......... .......... .......... .......... 63% 2.29M 0s
  1300K .......... .......... .......... .......... .......... 65%  617K 0s
  1350K .......... .......... .......... .......... .......... 68% 2.85M 0s
  1400K .......... .......... .......... .......... .......... 70% 2.18M 0s
  1450K .......... .......... .......... .......... .......... 73% 1.48M 0s
  1500K .......... .......... .......... .......... .......... 75%  527K 0s
  1550K .......... .......... .......... .......... .......... 78% 4.03M 0s
  1600K .......... .......... .......... .......... .......... 80% 1.39M 0s
  1650K .......... .......... .......... .......... .......... 82%  986K 0s
  1700K .......... .......... .......... .......... .......... 85% 5.78M 0s
  1750K .......... .......... .......... .......... .......... 87%  825K 0s
  1800K .......... .......... .......... .......... .......... 90% 1.39M 0s
  1850K .......... .......... .......... .......... .......... 92% 1.73M 0s
  1900K .......... .......... .......... .......... .......... 95% 2.31M 0s
  1950K .......... .......... .......... .......... .......... 97%  995K 0s
  2000K .......... .......... .......... .......... ........  100% 4.46M=1.3s

2026-05-28 15:10:32 (1.54 MB/s) - ‘mirror/web.engr.oregonstate.edu/~mjb/vulkan/Handouts/VulkanRayTracing.1pp.pdf’ saved [2097845/2097845]

--2026-05-28 15:10:32--  https://web.engr.oregonstate.edu/~mjb/vulkan/Handouts/VulkanRayTracing.2pp.pdf
Reusing existing connection to web.engr.oregonstate.edu:443.
HTTP request sent, awaiting response... 200 OK
Length: 1492695 (1.4M) [application/pdf]
Saving to: ‘mirror/web.engr.oregonstate.edu/~mjb/vulkan/Handouts/VulkanRayTracing.2pp.pdf’

     0K .......... .......... .......... .......... ..........  3% 2.58M 1s
    50K .......... .......... .......... .......... ..........  6% 2.61M 1s
   100K .......... .......... .......... .......... .......... 10% 2.94M 0s
   150K .......... .......... .......... .......... .......... 13% 2.17M 0s
   200K .......... .......... .......... .......... .......... 17% 1.48M 1s
   250K .......... .......... .......... .......... .......... 20% 1.40M 1s
   300K .......... .......... .......... .......... .......... 24% 1.62M 1s
   350K .......... .......... .......... .......... .......... 27% 9.49M 0s
   400K .......... .......... .......... .......... .......... 30% 2.24M 0s
   450K .......... .......... .......... .......... .......... 34% 1.19M 0s
   500K .......... .......... .......... .......... .......... 37% 1.99M 0s
   550K .......... .......... .......... .......... .......... 41%  691K 0s
   600K .......... .......... .......... .......... .......... 44% 1.11M 0s
   650K .......... .......... .......... .......... .......... 48% 2.39M 0s
   700K .......... .......... .......... .......... .......... 51%  868K 0s
   750K .......... .......... .......... .......... .......... 54%  895K 0s
   800K .......... .......... .......... .......... .......... 58% 1.27M 0s
   850K .......... .......... .......... .......... .......... 61% 1.89M 0s
   900K .......... .......... .......... .......... .......... 65%  623K 0s
   950K .......... .......... .......... .......... .......... 68% 2.03M 0s
  1000K .......... .......... .......... .......... .......... 72%  603K 0s
  1050K .......... .......... .......... .......... .......... 75% 1.59M 0s
  1100K .......... .......... .......... .......... .......... 78%  661K 0s
  1150K .......... .......... .......... .......... .......... 82%  907K 0s
  1200K .......... .......... .......... .......... .......... 85% 2.21M 0s
  1250K .......... .......... .......... .......... .......... 89%  714K 0s
  1300K .......... .......... .......... .......... .......... 92% 2.79M 0s
  1350K .......... .......... .......... .......... .......... 96% 1.16M 0s
  1400K .......... .......... .......... .......... .......... 99% 1.10M 0s
  1450K .......                                               100%  157M=1.1s

2026-05-28 15:10:33 (1.26 MB/s) - ‘mirror/web.engr.oregonstate.edu/~mjb/vulkan/Handouts/VulkanRayTracing.2pp.pdf’ saved [1492695/1492695]

--2026-05-28 15:10:33--  https://web.engr.oregonstate.edu/~mjb/vulkan/Handouts/VulkanRayTracing.4pp.pdf
Reusing existing connection to web.engr.oregonstate.edu:443.
HTTP request sent, awaiting response... 200 OK
Length: 1394230 (1.3M) [application/pdf]
Saving to: ‘mirror/web.engr.oregonstate.edu/~mjb/vulkan/Handouts/VulkanRayTracing.4pp.pdf’

     0K .......... .......... .......... .......... ..........  3% 1.63M 1s
    50K .......... .......... .......... .......... ..........  7% 3.78M 1s
   100K .......... .......... .......... .......... .......... 11% 1.71M 1s
   150K .......... .......... .......... .......... .......... 14% 1.51M 1s
   200K .......... .......... .......... .......... .......... 18% 1.90M 1s
   250K .......... .......... .......... .......... .......... 22% 2.36M 1s
   300K .......... .......... .......... .......... .......... 25% 1.60M 1s
   350K .......... .......... .......... .......... .......... 29% 1.81M 0s
   400K .......... .......... .......... .......... .......... 33% 4.05M 0s
   450K .......... .......... .......... .......... .......... 36%  860K 0s
   500K .......... .......... .......... .......... .......... 40% 4.28M 0s
   550K .......... .......... .......... .......... .......... 44% 1.96M 0s
   600K .......... .......... .......... .......... .......... 47% 2.70M 0s
   650K .......... .......... .......... .......... .......... 51%  821K 0s
   700K .......... .......... .......... .......... .......... 55% 1.86M 0s
   750K .......... .......... .......... .......... .......... 58% 3.05M 0s
   800K .......... .......... .......... .......... .......... 62% 4.93M 0s
   850K .......... .......... .......... .......... .......... 66%  492K 0s
   900K .......... .......... .......... .......... .......... 69% 2.20M 0s
   950K .......... .......... .......... .......... .......... 73% 1.98M 0s
  1000K .......... .......... .......... .......... .......... 77% 1.29M 0s
  1050K .......... .......... .......... .......... .......... 80% 1.24M 0s
  1100K .......... .......... .......... .......... .......... 84% 2.07M 0s
  1150K .......... .......... .......... .......... .......... 88% 1.48M 0s
  1200K .......... .......... .......... .......... .......... 91%  943K 0s
  1250K .......... .......... .......... .......... .......... 95% 1.92M 0s
  1300K .......... .......... .......... .......... .......... 99% 1010K 0s
  1350K .......... .                                          100%  611K=0.9s

2026-05-28 15:10:34 (1.52 MB/s) - ‘mirror/web.engr.oregonstate.edu/~mjb/vulkan/Handouts/VulkanRayTracing.4pp.pdf’ saved [1394230/1394230]

--2026-05-28 15:10:34--  https://web.engr.oregonstate.edu/~mjb/vulkan/Handouts/VulkanRayTracing.6pp.pdf
Reusing existing connection to web.engr.oregonstate.edu:443.
HTTP request sent, awaiting response... 200 OK
Length: 1297751 (1.2M) [application/pdf]
Saving to: ‘mirror/web.engr.oregonstate.edu/~mjb/vulkan/Handouts/VulkanRayTracing.6pp.pdf’

     0K .......... .......... .......... .......... ..........  3% 2.29M 1s
    50K .......... .......... .......... .......... ..........  7% 2.35M 0s
   100K .......... .......... .......... .......... .......... 11% 2.27M 0s
   150K .......... .......... .......... .......... .......... 15% 3.10M 0s
   200K .......... .......... .......... .......... .......... 19% 1.37M 0s
   250K .......... .......... .......... .......... .......... 23% 1.13M 1s
   300K .......... .......... .......... .......... .......... 27% 3.08M 0s
   350K .......... .......... .......... .......... .......... 31% 1.83M 0s
   400K .......... .......... .......... .......... .......... 35%  469K 1s
   450K .......... .......... .......... .......... .......... 39% 1.48M 1s
   500K .......... .......... .......... .......... .......... 43%  708K 1s
   550K .......... .......... .......... .......... .......... 47% 1.44M 0s
   600K .......... .......... .......... .......... .......... 51% 1.87M 0s
   650K .......... .......... .......... .......... .......... 55% 1.34M 0s
   700K .......... .......... .......... .......... .......... 59% 2.60M 0s
   750K .......... .......... .......... .......... .......... 63% 1.42M 0s
   800K .......... .......... .......... .......... .......... 67%  575K 0s
   850K .......... .......... .......... .......... .......... 71% 1.61M 0s
   900K .......... .......... .......... .......... .......... 74%  971K 0s
   950K .......... .......... .......... .......... .......... 78% 2.25M 0s
  1000K .......... .......... .......... .......... .......... 82% 3.17M 0s
  1050K .......... .......... .......... .......... .......... 86% 1.26M 0s
  1100K .......... .......... .......... .......... .......... 90% 1.07M 0s
  1150K .......... .......... .......... .......... .......... 94% 1.41M 0s
  1200K .......... .......... .......... .......... .......... 98% 2.27M 0s
  1250K .......... .......                                    100% 5.02M=0.9s

2026-05-28 15:10:35 (1.36 MB/s) - ‘mirror/web.engr.oregonstate.edu/~mjb/vulkan/Handouts/VulkanRayTracing.6pp.pdf’ saved [1297751/1297751]

--2026-05-28 15:10:35--  https://web.engr.oregonstate.edu/~mjb/vulkan/Handouts/keytime.1pp.pdf
Reusing existing connection to web.engr.oregonstate.edu:443.
HTTP request sent, awaiting response... 200 OK
Length: 518979 (507K) [application/pdf]
Saving to: ‘mirror/web.engr.oregonstate.edu/~mjb/vulkan/Handouts/keytime.1pp.pdf’

     0K .......... .......... .......... .......... ..........  9% 2.63M 0s
    50K .......... .......... .......... .......... .......... 19%  827K 0s
   100K .......... .......... .......... .......... .......... 29% 4.26M 0s
   150K .......... .......... .......... .......... .......... 39% 5.57M 0s
   200K .......... .......... .......... .......... .......... 49% 1.41M 0s
   250K .......... .......... .......... .......... .......... 59% 2.05M 0s
   300K .......... .......... .......... .......... .......... 69% 1.34M 0s
   350K .......... .......... .......... .......... .......... 78%  760K 0s
   400K .......... .......... .......... .......... .......... 88% 4.06M 0s
   450K .......... .......... .......... .......... .......... 98% 1.83M 0s
   500K ......                                                100% 9.76M=0.3s

2026-05-28 15:10:35 (1.65 MB/s) - ‘mirror/web.engr.oregonstate.edu/~mjb/vulkan/Handouts/keytime.1pp.pdf’ saved [518979/518979]

--2026-05-28 15:10:35--  https://web.engr.oregonstate.edu/~mjb/vulkan/Handouts/keytime.2pp.pdf
Reusing existing connection to web.engr.oregonstate.edu:443.
HTTP request sent, awaiting response... 200 OK
Length: 461198 (450K) [application/pdf]
Saving to: ‘mirror/web.engr.oregonstate.edu/~mjb/vulkan/Handouts/keytime.2pp.pdf’

     0K .......... .......... .......... .......... .......... 11% 1.99M 0s
    50K .......... .......... .......... .......... .......... 22% 1.85M 0s
   100K .......... .......... .......... .......... .......... 33% 1.37M 0s
   150K .......... .......... .......... .......... .......... 44% 1.51M 0s
   200K .......... .......... .......... .......... .......... 55%  236K 0s
   250K .......... .......... .......... .......... .......... 66%  157M 0s
   300K .......... .......... .......... .......... .......... 77%  264M 0s
   350K .......... .......... .......... .......... .......... 88% 4.22M 0s
   400K .......... .......... .......... .......... .......... 99% 1.47M 0s
   450K                                                       100%  741G=0.4s

2026-05-28 15:10:36 (1.17 MB/s) - ‘mirror/web.engr.oregonstate.edu/~mjb/vulkan/Handouts/keytime.2pp.pdf’ saved [461198/461198]

--2026-05-28 15:10:36--  https://web.engr.oregonstate.edu/~mjb/vulkan/Handouts/keytime.4pp.pdf
Reusing existing connection to web.engr.oregonstate.edu:443.
HTTP request sent, awaiting response... 200 OK
Length: 448904 (438K) [application/pdf]
Saving to: ‘mirror/web.engr.oregonstate.edu/~mjb/vulkan/Handouts/keytime.4pp.pdf’

     0K .......... .......... .......... .......... .......... 11%  994K 0s
    50K .......... .......... .......... .......... .......... 22% 2.70M 0s
   100K .......... .......... .......... .......... .......... 34% 2.99M 0s
   150K .......... .......... .......... .......... .......... 45%  850K 0s
   200K .......... .......... .......... .......... .......... 57% 1.95M 0s
   250K .......... .......... .......... .......... .......... 68% 1.25M 0s
   300K .......... .......... .......... .......... .......... 79% 1.51M 0s
   350K .......... .......... .......... .......... .......... 91% 2.73M 0s
   400K .......... .......... .......... ........             100% 3.01M=0.3s

2026-05-28 15:10:36 (1.58 MB/s) - ‘mirror/web.engr.oregonstate.edu/~mjb/vulkan/Handouts/keytime.4pp.pdf’ saved [448904/448904]

--2026-05-28 15:10:36--  https://web.engr.oregonstate.edu/~mjb/vulkan/Handouts/keytime.6pp.pdf
Reusing existing connection to web.engr.oregonstate.edu:443.
HTTP request sent, awaiting response... 200 OK
Length: 440063 (430K) [application/pdf]
Saving to: ‘mirror/web.engr.oregonstate.edu/~mjb/vulkan/Handouts/keytime.6pp.pdf’

     0K .......... .......... .......... .......... .......... 11% 2.55M 0s
    50K .......... .......... .......... .......... .......... 23% 1.01M 0s
   100K .......... .......... .......... .......... .......... 34%  928K 0s
   150K .......... .......... .......... .......... .......... 46% 3.67M 0s
   200K .......... .......... .......... .......... .......... 58% 2.73M 0s
   250K .......... .......... .......... .......... .......... 69% 2.66M 0s
   300K .......... .......... .......... .......... .......... 81% 1.84M 0s
   350K .......... .......... .......... .......... .......... 93%  909K 0s
   400K .......... .......... .........                       100% 4.36M=0.3s

2026-05-28 15:10:36 (1.62 MB/s) - ‘mirror/web.engr.oregonstate.edu/~mjb/vulkan/Handouts/keytime.6pp.pdf’ saved [440063/440063]

--2026-05-28 15:10:36--  https://web.engr.oregonstate.edu/~mjb/vulkan/Handouts/manual.pdf
Reusing existing connection to web.engr.oregonstate.edu:443.
HTTP request sent, awaiting response... 200 OK
Length: 1466032 (1.4M) [application/pdf]
Saving to: ‘mirror/web.engr.oregonstate.edu/~mjb/vulkan/Handouts/manual.pdf’

     0K .......... .......... .......... .......... ..........  3% 1.48M 1s
    50K .......... .......... .......... .......... ..........  6% 2.15M 1s
   100K .......... .......... .......... .......... .......... 10% 2.00M 1s
   150K .......... .......... .......... .......... .......... 13% 1.94M 1s
   200K .......... .......... .......... .......... .......... 17% 4.23M 1s
   250K .......... .......... .......... .......... .......... 20% 1.15M 1s
   300K .......... .......... .......... .......... .......... 24% 4.24M 1s
   350K .......... .......... .......... .......... .......... 27%  359K 1s
   400K .......... .......... .......... .......... .......... 31% 1.50M 1s
   450K .......... .......... .......... .......... .......... 34% 3.46M 1s
   500K .......... .......... .......... .......... .......... 38% 2.32M 1s
   550K .......... .......... .......... .......... .......... 41% 2.97M 1s
   600K .......... .......... .......... .......... .......... 45% 1.85M 1s
   650K .......... .......... .......... .......... .......... 48%  831K 1s
   700K .......... .......... .......... .......... .......... 52% 3.67M 0s
   750K .......... .......... .......... .......... .......... 55% 2.36M 0s
   800K .......... .......... .......... .......... .......... 59% 1.62M 0s
   850K .......... .......... .......... .......... .......... 62% 2.98M 0s
   900K .......... .......... .......... .......... .......... 66% 1.94M 0s
   950K .......... .......... .......... .......... .......... 69% 2.49M 0s
  1000K .......... .......... .......... .......... .......... 73% 1.20M 0s
  1050K .......... .......... .......... .......... .......... 76% 1.20M 0s
  1100K .......... .......... .......... .......... .......... 80% 2.13M 0s
  1150K .......... .......... .......... .......... .......... 83% 1.63M 0s
  1200K .......... .......... .......... .......... .......... 87% 2.54M 0s
  1250K .......... .......... .......... .......... .......... 90% 1.22M 0s
  1300K .......... .......... .......... .......... .......... 94%  832K 0s
  1350K .......... .......... .......... .......... .......... 97% 1.16M 0s
  1400K .......... .......... .......... .                    100% 2.93M=0.9s

2026-05-28 15:10:37 (1.53 MB/s) - ‘mirror/web.engr.oregonstate.edu/~mjb/vulkan/Handouts/manual.pdf’ saved [1466032/1466032]

--2026-05-28 15:10:37--  https://web.engr.oregonstate.edu/~mjb/vulkan/Handouts/moreinfo.pdf
Reusing existing connection to web.engr.oregonstate.edu:443.
HTTP request sent, awaiting response... 200 OK
Length: 548691 (536K) [application/pdf]
Saving to: ‘mirror/web.engr.oregonstate.edu/~mjb/vulkan/Handouts/moreinfo.pdf’

     0K .......... .......... .......... .......... ..........  9% 1.94M 0s
    50K .......... .......... .......... .......... .......... 18% 3.73M 0s
   100K .......... .......... .......... .......... .......... 27% 1.40M 0s
   150K .......... .......... .......... .......... .......... 37% 2.21M 0s
   200K .......... .......... .......... .......... .......... 46% 1015K 0s
   250K .......... .......... .......... .......... .......... 55% 1011K 0s
   300K .......... .......... .......... .......... .......... 65%  903K 0s
   350K .......... .......... .......... .......... .......... 74%  758K 0s
   400K .......... .......... .......... .......... .......... 83%  822K 0s
   450K .......... .......... .......... .......... .......... 93%  993K 0s
   500K .......... .......... .......... .....                100% 4.67M=0.4s

2026-05-28 15:10:38 (1.21 MB/s) - ‘mirror/web.engr.oregonstate.edu/~mjb/vulkan/Handouts/moreinfo.pdf’ saved [548691/548691]

--2026-05-28 15:10:38--  https://web.engr.oregonstate.edu/~mjb/webgl
Reusing existing connection to web.engr.oregonstate.edu:443.
HTTP request sent, awaiting response... 301 Moved Permanently
Location: https://web.engr.oregonstate.edu/~mjb/webgl/ [following]
--2026-05-28 15:10:38--  https://web.engr.oregonstate.edu/~mjb/webgl/
Reusing existing connection to web.engr.oregonstate.edu:443.
HTTP request sent, awaiting response... 200 OK
Length: 1885 (1.8K) [text/html]
mirror/web.engr.oregonstate.edu/~mjb/webgl: Is a directory

Cannot write to ‘mirror/web.engr.oregonstate.edu/~mjb/webgl’ (Is a directory).
--2026-05-28 15:10:38--  https://web.engr.oregonstate.edu/~mjb/whirlwind
Connecting to web.engr.oregonstate.edu (web.engr.oregonstate.edu)|128.193.40.12|:443... connected.
HTTP request sent, awaiting response... 301 Moved Permanently
Location: https://web.engr.oregonstate.edu/~mjb/whirlwind/ [following]
--2026-05-28 15:10:38--  https://web.engr.oregonstate.edu/~mjb/whirlwind/
Reusing existing connection to web.engr.oregonstate.edu:443.
HTTP request sent, awaiting response... 200 OK
Length: 8634 (8.4K) [text/html]
mirror/web.engr.oregonstate.edu/~mjb/whirlwind: Is a directory

Cannot write to ‘mirror/web.engr.oregonstate.edu/~mjb/whirlwind’ (Is a directory).
FINISHED --2026-05-28 15:10:38--
Total wall clock time: 2m 17s
Downloaded: 138 files, 145M in 1m 58s (1.23 MB/s)
